student_id,semester,course_code,course_name,credits,course_category,marks,attendance_percent,grade,grade_point,status,attempt_number
STU0001,1,CSE 11,Introduction to Computer Science and Object-Oriented Programming: Java,4,core,75,74,B+,3.3,completed,1
STU0001,1,CSE 5A,Introduction to Programming I,4,core,79,74,B+,3.3,completed,1
STU0001,1,MATH 18,Linear Algebra,4,math,76,92,B+,3.3,completed,1
STU0001,1,MATH 20A,Calculus for Science and Engineering,4,math,83,89,A-,3.7,completed,1
STU0001,2,CSE 12,Basic Data Structures and Object-Oriented Design,4,core,78,73,B+,3.3,completed,1
STU0001,2,CSE 15L,Software Tools and Techniques Laboratory,2,lab,83,81,A-,3.7,completed,1
STU0001,2,CSE 20,Discrete Mathematics,4,math,71,79,B,3.0,completed,1
STU0001,2,CSE 21,Mathematics for Algorithms and Systems,4,core,73,76,B,3.0,completed,1
STU0001,2,MATH 20B,Calculus for Science and Engineering,4,math,86,80,A,4.0,completed,1
STU0001,3,CSE 100,Advanced Data Structures,4,core,71,74,B,3.0,current,1
STU0001,3,CSE 30,Computer Organization and Systems Programming,4,core,94,78,A+,4.0,current,1
STU0001,3,MATH 154,Discrete Mathematics and Graph Theory,4,math,79,86,B+,3.3,current,1
STU0001,3,MATH 20C,Calculus and Analytic Geometry for Science and Engineering,4,math,80,85,A-,3.7,current,1
STU0002,1,CSE 11,Introduction to Computer Science and Object-Oriented Programming: Java,4,core,87,79,A,4.0,completed,1
STU0002,1,CSE 5A,Introduction to Programming I,4,core,84,91,A-,3.7,completed,1
STU0002,1,MATH 18,Linear Algebra,4,math,84,93,A-,3.7,completed,1
STU0002,1,MATH 20A,Calculus for Science and Engineering,4,math,84,86,A-,3.7,completed,1
STU0002,2,CSE 12,Basic Data Structures and Object-Oriented Design,4,core,83,88,A-,3.7,completed,1
STU0002,2,CSE 15L,Software Tools and Techniques Laboratory,2,lab,88,72,A,4.0,completed,1
STU0002,2,CSE 20,Discrete Mathematics,4,math,96,78,A+,4.0,completed,1
STU0002,2,CSE 21,Mathematics for Algorithms and Systems,4,core,79,81,B+,3.3,completed,1
STU0002,2,MATH 20B,Calculus for Science and Engineering,4,math,76,83,B+,3.3,completed,1
STU0002,3,CSE 100,Advanced Data Structures,4,core,89,82,A,4.0,completed,1
STU0002,3,CSE 30,Computer Organization and Systems Programming,4,core,87,92,A,4.0,completed,1
STU0002,3,MATH 154,Discrete Mathematics and Graph Theory,4,math,79,87,B+,3.3,completed,1
STU0002,3,MATH 20C,Calculus and Analytic Geometry for Science and Engineering,4,math,91,70,A+,4.0,completed,1
STU0002,4,CSE 101,Design and Analysis of Algorithms,4,core,80,74,A-,3.7,completed,1
STU0002,4,CSE 103,A Practical Introduction to Probability and Statistics,4,core,78,93,B+,3.3,completed,1
STU0002,4,CSE 110,Software Engineering,4,core,72,77,B,3.0,completed,1
STU0002,4,DSC 40B,Theoretical Foundations of Data Science II,4,data,87,87,A,4.0,completed,1
STU0002,5,CSE 120,Principles of Computer Operating Systems,4,systems,78,82,B+,3.3,completed,1
STU0002,5,CSE 130,Programming Languages: Principles and Paradigms,4,systems,84,91,A-,3.7,completed,1
STU0002,5,CSE 132A,Database System Principles,4,database,78,85,B+,3.3,completed,1
STU0002,5,DSC 80,The Practice and Application of Data Science,4,data,71,90,B,3.0,completed,1
STU0002,5,MATH 183,Statistical Methods,4,math,79,82,B+,3.3,completed,1
STU0002,6,CSE 132B,Database Systems Applications,4,database,74,83,B,3.0,current,1
STU0002,6,CSE 150A,Introduction to Artificial Intelligence: Probabilistic Reasoning and Decision-Making,4,ai,87,89,A,4.0,current,1
STU0002,6,CSE 150B,Introduction to Artificial Intelligence: Search and Reasoning,4,ai,73,82,B,3.0,current,1
STU0002,6,CSE 151A,Introduction to Machine Learning,4,ai,72,97,B,3.0,current,1
STU0002,6,MATH 181A,Introduction to Mathematical Statistics I,4,math,79,92,B+,3.3,current,1
STU0003,1,CSE 11,Introduction to Computer Science and Object-Oriented Programming: Java,4,core,95,82,A+,4.0,completed,1
STU0003,1,CSE 5A,Introduction to Programming I,4,core,88,88,A,4.0,completed,1
STU0003,1,MATH 18,Linear Algebra,4,math,82,97,A-,3.7,completed,1
STU0003,1,MATH 20A,Calculus for Science and Engineering,4,math,71,86,B,3.0,completed,1
STU0003,2,CSE 12,Basic Data Structures and Object-Oriented Design,4,core,94,74,A+,4.0,completed,1
STU0003,2,CSE 15L,Software Tools and Techniques Laboratory,2,lab,75,76,B+,3.3,completed,1
STU0003,2,CSE 20,Discrete Mathematics,4,math,67,75,B-,2.7,completed,1
STU0003,2,CSE 21,Mathematics for Algorithms and Systems,4,core,77,72,B+,3.3,completed,1
STU0003,2,MATH 20B,Calculus for Science and Engineering,4,math,86,83,A,4.0,completed,1
STU0003,3,CSE 100,Advanced Data Structures,4,core,61,87,C+,2.3,completed,1
STU0003,3,CSE 30,Computer Organization and Systems Programming,4,core,84,76,A-,3.7,completed,1
STU0003,3,MATH 154,Discrete Mathematics and Graph Theory,4,math,98,100,A+,4.0,completed,1
STU0003,3,MATH 20C,Calculus and Analytic Geometry for Science and Engineering,4,math,83,92,A-,3.7,completed,1
STU0003,4,CSE 101,Design and Analysis of Algorithms,4,core,75,83,B+,3.3,current,1
STU0003,4,CSE 103,A Practical Introduction to Probability and Statistics,4,core,73,81,B,3.0,current,1
STU0003,4,CSE 110,Software Engineering,4,core,90,86,A+,4.0,current,1
STU0003,4,DSC 40B,Theoretical Foundations of Data Science II,4,data,79,75,B+,3.3,current,1
STU0004,1,CSE 11,Introduction to Computer Science and Object-Oriented Programming: Java,4,core,69,76,B-,2.7,completed,1
STU0004,1,CSE 5A,Introduction to Programming I,4,core,86,86,A,4.0,completed,1
STU0004,1,MATH 18,Linear Algebra,4,math,85,75,A,4.0,completed,1
STU0004,1,MATH 20A,Calculus for Science and Engineering,4,math,97,76,A+,4.0,completed,1
STU0004,2,CSE 12,Basic Data Structures and Object-Oriented Design,4,core,76,83,B+,3.3,completed,1
STU0004,2,CSE 15L,Software Tools and Techniques Laboratory,2,lab,72,87,B,3.0,completed,1
STU0004,2,CSE 20,Discrete Mathematics,4,math,92,84,A+,4.0,completed,1
STU0004,2,CSE 21,Mathematics for Algorithms and Systems,4,core,73,72,B,3.0,completed,1
STU0004,2,MATH 20B,Calculus for Science and Engineering,4,math,66,85,B-,2.7,completed,1
STU0004,3,CSE 100,Advanced Data Structures,4,core,81,97,A-,3.7,completed,1
STU0004,3,CSE 30,Computer Organization and Systems Programming,4,core,74,93,B,3.0,completed,1
STU0004,3,MATH 154,Discrete Mathematics and Graph Theory,4,math,89,85,A,4.0,completed,1
STU0004,3,MATH 20C,Calculus and Analytic Geometry for Science and Engineering,4,math,76,86,B+,3.3,completed,1
STU0004,4,CSE 101,Design and Analysis of Algorithms,4,core,65,98,B-,2.7,current,1
STU0004,4,CSE 103,A Practical Introduction to Probability and Statistics,4,core,79,72,B+,3.3,current,1
STU0004,4,CSE 110,Software Engineering,4,core,93,81,A+,4.0,current,1
STU0004,4,DSC 40B,Theoretical Foundations of Data Science II,4,data,74,96,B,3.0,current,1
STU0005,1,CSE 11,Introduction to Computer Science and Object-Oriented Programming: Java,4,core,88,82,A,4.0,completed,1
STU0005,1,CSE 5A,Introduction to Programming I,4,core,64,74,C+,2.3,completed,1
STU0005,1,MATH 18,Linear Algebra,4,math,74,74,B,3.0,completed,1
STU0005,1,MATH 20A,Calculus for Science and Engineering,4,math,81,63,A-,3.7,completed,1
STU0005,2,CSE 12,Basic Data Structures and Object-Oriented Design,4,core,72,90,B,3.0,completed,1
STU0005,2,CSE 15L,Software Tools and Techniques Laboratory,2,lab,63,82,C+,2.3,completed,1
STU0005,2,CSE 20,Discrete Mathematics,4,math,87,80,A,4.0,completed,1
STU0005,2,CSE 21,Mathematics for Algorithms and Systems,4,core,70,79,B,3.0,completed,1
STU0005,2,MATH 20B,Calculus for Science and Engineering,4,math,84,86,A-,3.7,completed,1
STU0005,3,CSE 100,Advanced Data Structures,4,core,77,100,B+,3.3,current,1
STU0005,3,CSE 30,Computer Organization and Systems Programming,4,core,65,82,B-,2.7,current,1
STU0005,3,MATH 154,Discrete Mathematics and Graph Theory,4,math,77,83,B+,3.3,current,1
STU0005,3,MATH 20C,Calculus and Analytic Geometry for Science and Engineering,4,math,69,80,B-,2.7,current,1
STU0006,1,CSE 11,Introduction to Computer Science and Object-Oriented Programming: Java,4,core,70,63,B,3.0,completed,1
STU0006,1,CSE 5A,Introduction to Programming I,4,core,75,66,B+,3.3,completed,1
STU0006,1,MATH 18,Linear Algebra,4,math,71,74,B,3.0,completed,1
STU0006,1,MATH 20A,Calculus for Science and Engineering,4,math,74,73,B,3.0,completed,1
STU0006,2,CSE 12,Basic Data Structures and Object-Oriented Design,4,core,63,100,C+,2.3,completed,1
STU0006,2,CSE 15L,Software Tools and Techniques Laboratory,2,lab,64,72,C+,2.3,completed,1
STU0006,2,CSE 20,Discrete Mathematics,4,math,79,98,B+,3.3,completed,1
STU0006,2,CSE 21,Mathematics for Algorithms and Systems,4,core,92,100,A+,4.0,completed,1
STU0006,2,MATH 20B,Calculus for Science and Engineering,4,math,65,79,B-,2.7,completed,1
STU0006,3,CSE 100,Advanced Data Structures,4,core,64,80,C+,2.3,current,1
STU0006,3,CSE 30,Computer Organization and Systems Programming,4,core,73,81,B,3.0,current,1
STU0006,3,MATH 154,Discrete Mathematics and Graph Theory,4,math,83,86,A-,3.7,current,1
STU0006,3,MATH 20C,Calculus and Analytic Geometry for Science and Engineering,4,math,67,80,B-,2.7,current,1
STU0007,1,CSE 11,Introduction to Computer Science and Object-Oriented Programming: Java,4,core,79,83,B+,3.3,completed,1
STU0007,1,CSE 5A,Introduction to Programming I,4,core,93,87,A+,4.0,completed,1
STU0007,1,MATH 18,Linear Algebra,4,math,78,100,B+,3.3,completed,1
STU0007,1,MATH 20A,Calculus for Science and Engineering,4,math,72,86,B,3.0,completed,1
STU0007,2,CSE 12,Basic Data Structures and Object-Oriented Design,4,core,72,73,B,3.0,completed,1
STU0007,2,CSE 15L,Software Tools and Techniques Laboratory,2,lab,89,86,A,4.0,completed,1
STU0007,2,CSE 20,Discrete Mathematics,4,math,68,79,B-,2.7,completed,1
STU0007,2,CSE 21,Mathematics for Algorithms and Systems,4,core,83,68,A-,3.7,completed,1
STU0007,2,MATH 20B,Calculus for Science and Engineering,4,math,87,88,A,4.0,completed,1
STU0007,3,CSE 100,Advanced Data Structures,4,core,92,60,A+,4.0,completed,1
STU0007,3,CSE 30,Computer Organization and Systems Programming,4,core,76,85,B+,3.3,completed,1
STU0007,3,MATH 154,Discrete Mathematics and Graph Theory,4,math,76,82,B+,3.3,completed,1
STU0007,3,MATH 20C,Calculus and Analytic Geometry for Science and Engineering,4,math,81,84,A-,3.7,completed,1
STU0007,4,CSE 101,Design and Analysis of Algorithms,4,core,81,80,A-,3.7,completed,1
STU0007,4,CSE 103,A Practical Introduction to Probability and Statistics,4,core,76,85,B+,3.3,completed,1
STU0007,4,CSE 110,Software Engineering,4,core,63,86,C+,2.3,completed,1
STU0007,4,DSC 40B,Theoretical Foundations of Data Science II,4,data,94,70,A+,4.0,completed,1
STU0007,5,CSE 120,Principles of Computer Operating Systems,4,systems,84,73,A-,3.7,current,1
STU0007,5,CSE 130,Programming Languages: Principles and Paradigms,4,systems,73,77,B,3.0,current,1
STU0007,5,CSE 132A,Database System Principles,4,database,82,99,A-,3.7,current,1
STU0007,5,DSC 80,The Practice and Application of Data Science,4,data,94,94,A+,4.0,current,1
STU0007,5,MATH 183,Statistical Methods,4,math,82,91,A-,3.7,current,1
STU0008,1,CSE 11,Introduction to Computer Science and Object-Oriented Programming: Java,4,core,68,79,B-,2.7,completed,1
STU0008,1,CSE 5A,Introduction to Programming I,4,core,79,73,B+,3.3,completed,1
STU0008,1,MATH 18,Linear Algebra,4,math,72,74,B,3.0,completed,1
STU0008,1,MATH 20A,Calculus for Science and Engineering,4,math,92,89,A+,4.0,completed,1
STU0008,2,CSE 12,Basic Data Structures and Object-Oriented Design,4,core,73,86,B,3.0,completed,1
STU0008,2,CSE 15L,Software Tools and Techniques Laboratory,2,lab,89,89,A,4.0,completed,1
STU0008,2,CSE 20,Discrete Mathematics,4,math,93,65,A+,4.0,completed,1
STU0008,2,CSE 21,Mathematics for Algorithms and Systems,4,core,58,86,C,2.0,completed,1
STU0008,2,MATH 20B,Calculus for Science and Engineering,4,math,79,87,B+,3.3,completed,1
STU0008,3,CSE 100,Advanced Data Structures,4,core,74,91,B,3.0,completed,1
STU0008,3,CSE 30,Computer Organization and Systems Programming,4,core,82,91,A-,3.7,completed,1
STU0008,3,MATH 154,Discrete Mathematics and Graph Theory,4,math,64,97,C+,2.3,completed,1
STU0008,3,MATH 20C,Calculus and Analytic Geometry for Science and Engineering,4,math,73,89,B,3.0,completed,1
STU0008,4,CSE 101,Design and Analysis of Algorithms,4,core,81,86,A-,3.7,completed,1
STU0008,4,CSE 103,A Practical Introduction to Probability and Statistics,4,core,88,86,A,4.0,completed,1
STU0008,4,CSE 110,Software Engineering,4,core,71,82,B,3.0,completed,1
STU0008,4,DSC 40B,Theoretical Foundations of Data Science II,4,data,77,87,B+,3.3,completed,1
STU0008,5,CSE 120,Principles of Computer Operating Systems,4,systems,88,91,A,4.0,current,1
STU0008,5,CSE 123,Computer Networks,4,networks,86,84,A,4.0,current,1
STU0008,5,CSE 130,Programming Languages: Principles and Paradigms,4,systems,84,100,A-,3.7,current,1
STU0008,5,CSE 132A,Database System Principles,4,database,77,66,B+,3.3,current,1
STU0008,5,MATH 183,Statistical Methods,4,math,93,79,A+,4.0,current,1
STU0009,1,CSE 11,Introduction to Computer Science and Object-Oriented Programming: Java,4,core,85,87,A,4.0,completed,1
STU0009,1,CSE 5A,Introduction to Programming I,4,core,84,91,A-,3.7,completed,1
STU0009,1,MATH 18,Linear Algebra,4,math,80,80,A-,3.7,completed,1
STU0009,1,MATH 20A,Calculus for Science and Engineering,4,math,67,63,B-,2.7,completed,1
STU0009,2,CSE 12,Basic Data Structures and Object-Oriented Design,4,core,81,91,A-,3.7,completed,1
STU0009,2,CSE 15L,Software Tools and Techniques Laboratory,2,lab,82,89,A-,3.7,completed,1
STU0009,2,CSE 20,Discrete Mathematics,4,math,76,89,B+,3.3,completed,1
STU0009,2,CSE 21,Mathematics for Algorithms and Systems,4,core,74,83,B,3.0,completed,1
STU0009,2,MATH 20B,Calculus for Science and Engineering,4,math,82,92,A-,3.7,completed,1
STU0009,3,CSE 100,Advanced Data Structures,4,core,59,78,C,2.0,current,1
STU0009,3,CSE 30,Computer Organization and Systems Programming,4,core,68,71,B-,2.7,current,1
STU0009,3,MATH 154,Discrete Mathematics and Graph Theory,4,math,87,66,A,4.0,current,1
STU0009,3,MATH 20C,Calculus and Analytic Geometry for Science and Engineering,4,math,78,83,B+,3.3,current,1
STU0010,1,CSE 11,Introduction to Computer Science and Object-Oriented Programming: Java,4,core,79,76,B+,3.3,completed,1
STU0010,1,CSE 5A,Introduction to Programming I,4,core,86,99,A,4.0,completed,1
STU0010,1,MATH 18,Linear Algebra,4,math,70,80,B,3.0,completed,1
STU0010,1,MATH 20A,Calculus for Science and Engineering,4,math,73,70,B,3.0,completed,1
STU0010,2,CSE 12,Basic Data Structures and Object-Oriented Design,4,core,66,87,B-,2.7,completed,1
STU0010,2,CSE 15L,Software Tools and Techniques Laboratory,2,lab,69,88,B-,2.7,completed,1
STU0010,2,CSE 20,Discrete Mathematics,4,math,73,74,B,3.0,completed,1
STU0010,2,CSE 21,Mathematics for Algorithms and Systems,4,core,77,67,B+,3.3,completed,1
STU0010,2,MATH 20B,Calculus for Science and Engineering,4,math,87,78,A,4.0,completed,1
STU0010,3,CSE 100,Advanced Data Structures,4,core,75,70,B+,3.3,completed,1
STU0010,3,CSE 30,Computer Organization and Systems Programming,4,core,82,95,A-,3.7,completed,1
STU0010,3,MATH 154,Discrete Mathematics and Graph Theory,4,math,77,86,B+,3.3,completed,1
STU0010,3,MATH 20C,Calculus and Analytic Geometry for Science and Engineering,4,math,72,87,B,3.0,completed,1
STU0010,4,CSE 101,Design and Analysis of Algorithms,4,core,88,87,A,4.0,completed,1
STU0010,4,CSE 103,A Practical Introduction to Probability and Statistics,4,core,88,80,A,4.0,completed,1
STU0010,4,CSE 110,Software Engineering,4,core,77,87,B+,3.3,completed,1
STU0010,4,DSC 40B,Theoretical Foundations of Data Science II,4,data,96,100,A+,4.0,completed,1
STU0010,5,CSE 120,Principles of Computer Operating Systems,4,systems,70,81,B,3.0,completed,1
STU0010,5,CSE 123,Computer Networks,4,networks,96,93,A+,4.0,completed,1
STU0010,5,CSE 132A,Database System Principles,4,database,60,73,C+,2.3,completed,1
STU0010,5,DSC 80,The Practice and Application of Data Science,4,data,71,69,B,3.0,completed,1
STU0010,5,MATH 183,Statistical Methods,4,math,70,87,B,3.0,completed,1
STU0010,6,CSE 105,Theory of Computability,4,systems,89,89,A,4.0,current,1
STU0010,6,CSE 132B,Database Systems Applications,4,database,68,83,B-,2.7,current,1
STU0010,6,CSE 150B,Introduction to Artificial Intelligence: Search and Reasoning,4,ai,74,82,B,3.0,current,1
STU0010,6,CSE 151A,Introduction to Machine Learning,4,ai,70,76,B,3.0,current,1
STU0010,6,MATH 181A,Introduction to Mathematical Statistics I,4,math,98,85,A+,4.0,current,1
STU0011,1,CSE 11,Introduction to Computer Science and Object-Oriented Programming: Java,4,core,66,82,B-,2.7,completed,1
STU0011,1,CSE 5A,Introduction to Programming I,4,core,76,72,B+,3.3,completed,1
STU0011,1,MATH 18,Linear Algebra,4,math,95,93,A+,4.0,completed,1
STU0011,1,MATH 20A,Calculus for Science and Engineering,4,math,64,72,C+,2.3,completed,1
STU0011,2,CSE 12,Basic Data Structures and Object-Oriented Design,4,core,56,81,C,2.0,completed,1
STU0011,2,CSE 15L,Software Tools and Techniques Laboratory,2,lab,98,89,A+,4.0,completed,1
STU0011,2,CSE 20,Discrete Mathematics,4,math,83,85,A-,3.7,completed,1
STU0011,2,CSE 21,Mathematics for Algorithms and Systems,4,core,77,90,B+,3.3,completed,1
STU0011,2,MATH 20B,Calculus for Science and Engineering,4,math,68,83,B-,2.7,completed,1
STU0011,3,CSE 100,Advanced Data Structures,4,core,74,77,B,3.0,completed,1
STU0011,3,CSE 30,Computer Organization and Systems Programming,4,core,90,100,A+,4.0,completed,1
STU0011,3,MATH 154,Discrete Mathematics and Graph Theory,4,math,88,79,A,4.0,completed,1
STU0011,3,MATH 20C,Calculus and Analytic Geometry for Science and Engineering,4,math,89,89,A,4.0,completed,1
STU0011,4,CSE 101,Design and Analysis of Algorithms,4,core,95,81,A+,4.0,current,1
STU0011,4,CSE 103,A Practical Introduction to Probability and Statistics,4,core,94,84,A+,4.0,current,1
STU0011,4,CSE 110,Software Engineering,4,core,95,87,A+,4.0,current,1
STU0011,4,DSC 40B,Theoretical Foundations of Data Science II,4,data,85,100,A,4.0,current,1
STU0012,1,CSE 11,Introduction to Computer Science and Object-Oriented Programming: Java,4,core,54,75,C-,1.7,completed,1
STU0012,1,CSE 5A,Introduction to Programming I,4,core,73,81,B,3.0,completed,1
STU0012,1,MATH 18,Linear Algebra,4,math,78,80,B+,3.3,completed,1
STU0012,1,MATH 20A,Calculus for Science and Engineering,4,math,60,75,C+,2.3,completed,1
STU0012,2,CSE 12,Basic Data Structures and Object-Oriented Design,4,core,77,73,B+,3.3,completed,1
STU0012,2,CSE 15L,Software Tools and Techniques Laboratory,2,lab,82,88,A-,3.7,completed,1
STU0012,2,CSE 20,Discrete Mathematics,4,math,75,79,B+,3.3,completed,1
STU0012,2,CSE 21,Mathematics for Algorithms and Systems,4,core,79,87,B+,3.3,completed,1
STU0012,2,MATH 20B,Calculus for Science and Engineering,4,math,78,100,B+,3.3,completed,1
STU0012,3,CSE 100,Advanced Data Structures,4,core,76,75,B+,3.3,completed,1
STU0012,3,CSE 30,Computer Organization and Systems Programming,4,core,75,85,B+,3.3,completed,1
STU0012,3,MATH 154,Discrete Mathematics and Graph Theory,4,math,64,74,C+,2.3,completed,1
STU0012,3,MATH 20C,Calculus and Analytic Geometry for Science and Engineering,4,math,69,73,B-,2.7,completed,1
STU0012,4,CSE 101,Design and Analysis of Algorithms,4,core,74,76,B,3.0,completed,1
STU0012,4,CSE 103,A Practical Introduction to Probability and Statistics,4,core,84,89,A-,3.7,completed,1
STU0012,4,CSE 110,Software Engineering,4,core,80,84,A-,3.7,completed,1
STU0012,4,DSC 40B,Theoretical Foundations of Data Science II,4,data,63,81,C+,2.3,completed,1
STU0012,5,CSE 130,Programming Languages: Principles and Paradigms,4,systems,68,84,B-,2.7,completed,1
STU0012,5,CSE 132A,Database System Principles,4,database,66,88,B-,2.7,completed,1
STU0012,5,DSC 80,The Practice and Application of Data Science,4,data,79,60,B+,3.3,completed,1
STU0012,5,ECE 109,Engineering Probability and Statistics,4,math,94,71,A+,4.0,completed,1
STU0012,5,MATH 183,Statistical Methods,4,math,65,79,B-,2.7,completed,1
STU0012,6,CSE 105,Theory of Computability,4,systems,80,77,A-,3.7,completed,1
STU0012,6,CSE 132B,Database Systems Applications,4,database,78,66,B+,3.3,completed,1
STU0012,6,CSE 150A,Introduction to Artificial Intelligence: Probabilistic Reasoning and Decision-Making,4,ai,86,76,A,4.0,completed,1
STU0012,6,CSE 151A,Introduction to Machine Learning,4,ai,60,78,C+,2.3,completed,1
STU0012,6,MATH 181A,Introduction to Mathematical Statistics I,4,math,71,89,B,3.0,completed,1
STU0012,7,CSE 124,Networked Services,4,networks,78,76,B+,3.3,current,1
STU0012,7,CSE 127,Introduction to Computer Security,4,security,86,78,A,4.0,current,1
STU0012,7,CSE 131,Compiler Construction,4,systems,65,88,B-,2.7,current,1
STU0012,7,CSE 158,Recommender Systems and Web Mining,4,ai,61,86,C+,2.3,current,1
STU0012,7,MATH 188,Algebraic Combinatorics,4,math,76,84,B+,3.3,current,1
STU0013,1,CSE 11,Introduction to Computer Science and Object-Oriented Programming: Java,4,core,98,81,A+,4.0,completed,1
STU0013,1,CSE 5A,Introduction to Programming I,4,core,71,90,B,3.0,completed,1
STU0013,1,MATH 18,Linear Algebra,4,math,79,83,B+,3.3,completed,1
STU0013,1,MATH 20A,Calculus for Science and Engineering,4,math,64,82,C+,2.3,completed,1
STU0013,2,CSE 12,Basic Data Structures and Object-Oriented Design,4,core,86,72,A,4.0,completed,1
STU0013,2,CSE 15L,Software Tools and Techniques Laboratory,2,lab,88,100,A,4.0,completed,1
STU0013,2,CSE 20,Discrete Mathematics,4,math,66,86,B-,2.7,completed,1
STU0013,2,CSE 21,Mathematics for Algorithms and Systems,4,core,83,82,A-,3.7,completed,1
STU0013,2,MATH 20B,Calculus for Science and Engineering,4,math,80,91,A-,3.7,completed,1
STU0013,3,CSE 100,Advanced Data Structures,4,core,84,77,A-,3.7,completed,1
STU0013,3,CSE 30,Computer Organization and Systems Programming,4,core,72,90,B,3.0,completed,1
STU0013,3,MATH 154,Discrete Mathematics and Graph Theory,4,math,80,100,A-,3.7,completed,1
STU0013,3,MATH 20C,Calculus and Analytic Geometry for Science and Engineering,4,math,78,100,B+,3.3,completed,1
STU0013,4,CSE 101,Design and Analysis of Algorithms,4,core,79,70,B+,3.3,current,1
STU0013,4,CSE 103,A Practical Introduction to Probability and Statistics,4,core,83,96,A-,3.7,current,1
STU0013,4,CSE 110,Software Engineering,4,core,81,77,A-,3.7,current,1
STU0013,4,DSC 40B,Theoretical Foundations of Data Science II,4,data,78,84,B+,3.3,current,1
STU0014,1,CSE 11,Introduction to Computer Science and Object-Oriented Programming: Java,4,core,66,68,B-,2.7,completed,1
STU0014,1,CSE 5A,Introduction to Programming I,4,core,76,79,B+,3.3,completed,1
STU0014,1,MATH 18,Linear Algebra,4,math,94,84,A+,4.0,completed,1
STU0014,1,MATH 20A,Calculus for Science and Engineering,4,math,80,83,A-,3.7,completed,1
STU0014,2,CSE 12,Basic Data Structures and Object-Oriented Design,4,core,80,86,A-,3.7,completed,1
STU0014,2,CSE 15L,Software Tools and Techniques Laboratory,2,lab,84,76,A-,3.7,completed,1
STU0014,2,CSE 20,Discrete Mathematics,4,math,68,76,B-,2.7,completed,1
STU0014,2,CSE 21,Mathematics for Algorithms and Systems,4,core,68,76,B-,2.7,completed,1
STU0014,2,MATH 20B,Calculus for Science and Engineering,4,math,79,94,B+,3.3,completed,1
STU0014,3,CSE 100,Advanced Data Structures,4,core,51,72,C-,1.7,completed,1
STU0014,3,CSE 30,Computer Organization and Systems Programming,4,core,65,73,B-,2.7,completed,1
STU0014,3,MATH 154,Discrete Mathematics and Graph Theory,4,math,81,60,A-,3.7,completed,1
STU0014,3,MATH 20C,Calculus and Analytic Geometry for Science and Engineering,4,math,75,78,B+,3.3,completed,1
STU0014,4,CSE 101,Design and Analysis of Algorithms,4,core,82,78,A-,3.7,completed,1
STU0014,4,CSE 103,A Practical Introduction to Probability and Statistics,4,core,64,79,C+,2.3,completed,1
STU0014,4,CSE 110,Software Engineering,4,core,63,80,C+,2.3,completed,1
STU0014,4,DSC 40B,Theoretical Foundations of Data Science II,4,data,82,72,A-,3.7,completed,1
STU0014,5,CSE 120,Principles of Computer Operating Systems,4,systems,72,69,B,3.0,completed,1
STU0014,5,CSE 123,Computer Networks,4,networks,58,86,C,2.0,completed,1
STU0014,5,CSE 130,Programming Languages: Principles and Paradigms,4,systems,67,71,B-,2.7,completed,1
STU0014,5,DSC 80,The Practice and Application of Data Science,4,data,52,67,C-,1.7,completed,1
STU0014,5,ECE 109,Engineering Probability and Statistics,4,math,71,90,B,3.0,completed,1
STU0014,6,CSE 105,Theory of Computability,4,systems,76,85,B+,3.3,current,1
STU0014,6,CSE 132B,Database Systems Applications,4,database,71,83,B,3.0,current,1
STU0014,6,CSE 150A,Introduction to Artificial Intelligence: Probabilistic Reasoning and Decision-Making,4,ai,81,91,A-,3.7,current,1
STU0014,6,CSE 150B,Introduction to Artificial Intelligence: Search and Reasoning,4,ai,74,87,B,3.0,current,1
STU0014,6,CSE 151A,Introduction to Machine Learning,4,ai,80,60,A-,3.7,current,1
STU0015,1,CSE 11,Introduction to Computer Science and Object-Oriented Programming: Java,4,core,72,77,B,3.0,completed,1
STU0015,1,CSE 5A,Introduction to Programming I,4,core,63,88,C+,2.3,completed,1
STU0015,1,MATH 18,Linear Algebra,4,math,88,90,A,4.0,completed,1
STU0015,1,MATH 20A,Calculus for Science and Engineering,4,math,63,98,C+,2.3,completed,1
STU0015,2,CSE 12,Basic Data Structures and Object-Oriented Design,4,core,77,84,B+,3.3,completed,1
STU0015,2,CSE 15L,Software Tools and Techniques Laboratory,2,lab,83,86,A-,3.7,completed,1
STU0015,2,CSE 20,Discrete Mathematics,4,math,72,75,B,3.0,completed,1
STU0015,2,CSE 21,Mathematics for Algorithms and Systems,4,core,78,86,B+,3.3,completed,1
STU0015,2,MATH 20B,Calculus for Science and Engineering,4,math,75,64,B+,3.3,completed,1
STU0015,3,CSE 100,Advanced Data Structures,4,core,72,82,B,3.0,completed,1
STU0015,3,CSE 30,Computer Organization and Systems Programming,4,core,74,92,B,3.0,completed,1
STU0015,3,MATH 154,Discrete Mathematics and Graph Theory,4,math,87,92,A,4.0,completed,1
STU0015,3,MATH 20C,Calculus and Analytic Geometry for Science and Engineering,4,math,60,95,C+,2.3,completed,1
STU0015,4,CSE 101,Design and Analysis of Algorithms,4,core,72,68,B,3.0,current,1
STU0015,4,CSE 103,A Practical Introduction to Probability and Statistics,4,core,62,84,C+,2.3,current,1
STU0015,4,CSE 110,Software Engineering,4,core,71,79,B,3.0,current,1
STU0015,4,DSC 40B,Theoretical Foundations of Data Science II,4,data,88,88,A,4.0,current,1
STU0016,1,CSE 11,Introduction to Computer Science and Object-Oriented Programming: Java,4,core,68,89,B-,2.7,completed,1
STU0016,1,CSE 5A,Introduction to Programming I,4,core,89,93,A,4.0,completed,1
STU0016,1,MATH 18,Linear Algebra,4,math,78,93,B+,3.3,completed,1
STU0016,1,MATH 20A,Calculus for Science and Engineering,4,math,83,68,A-,3.7,completed,1
STU0016,2,CSE 12,Basic Data Structures and Object-Oriented Design,4,core,80,76,A-,3.7,completed,1
STU0016,2,CSE 15L,Software Tools and Techniques Laboratory,2,lab,70,87,B,3.0,completed,1
STU0016,2,CSE 20,Discrete Mathematics,4,math,68,81,B-,2.7,completed,1
STU0016,2,CSE 21,Mathematics for Algorithms and Systems,4,core,83,96,A-,3.7,completed,1
STU0016,2,MATH 20B,Calculus for Science and Engineering,4,math,89,83,A,4.0,completed,1
STU0016,3,CSE 100,Advanced Data Structures,4,core,82,80,A-,3.7,completed,1
STU0016,3,CSE 30,Computer Organization and Systems Programming,4,core,75,78,B+,3.3,completed,1
STU0016,3,MATH 154,Discrete Mathematics and Graph Theory,4,math,74,86,B,3.0,completed,1
STU0016,3,MATH 20C,Calculus and Analytic Geometry for Science and Engineering,4,math,82,82,A-,3.7,completed,1
STU0016,4,CSE 101,Design and Analysis of Algorithms,4,core,69,80,B-,2.7,completed,1
STU0016,4,CSE 103,A Practical Introduction to Probability and Statistics,4,core,82,86,A-,3.7,completed,1
STU0016,4,CSE 110,Software Engineering,4,core,92,74,A+,4.0,completed,1
STU0016,4,DSC 40B,Theoretical Foundations of Data Science II,4,data,60,67,C+,2.3,completed,1
STU0016,5,CSE 120,Principles of Computer Operating Systems,4,systems,69,81,B-,2.7,current,1
STU0016,5,CSE 123,Computer Networks,4,networks,92,100,A+,4.0,current,1
STU0016,5,CSE 130,Programming Languages: Principles and Paradigms,4,systems,74,100,B,3.0,current,1
STU0016,5,CSE 132A,Database System Principles,4,database,80,100,A-,3.7,current,1
STU0016,5,MATH 183,Statistical Methods,4,math,69,81,B-,2.7,current,1
STU0017,1,CSE 11,Introduction to Computer Science and Object-Oriented Programming: Java,4,core,76,92,B+,3.3,completed,1
STU0017,1,CSE 5A,Introduction to Programming I,4,core,84,67,A-,3.7,completed,1
STU0017,1,MATH 18,Linear Algebra,4,math,80,87,A-,3.7,completed,1
STU0017,1,MATH 20A,Calculus for Science and Engineering,4,math,80,87,A-,3.7,completed,1
STU0017,2,CSE 12,Basic Data Structures and Object-Oriented Design,4,core,86,75,A,4.0,completed,1
STU0017,2,CSE 15L,Software Tools and Techniques Laboratory,2,lab,67,84,B-,2.7,completed,1
STU0017,2,CSE 20,Discrete Mathematics,4,math,76,79,B+,3.3,completed,1
STU0017,2,CSE 21,Mathematics for Algorithms and Systems,4,core,81,78,A-,3.7,completed,1
STU0017,2,MATH 20B,Calculus for Science and Engineering,4,math,88,72,A,4.0,completed,1
STU0017,3,CSE 100,Advanced Data Structures,4,core,62,84,C+,2.3,completed,1
STU0017,3,CSE 30,Computer Organization and Systems Programming,4,core,81,67,A-,3.7,completed,1
STU0017,3,MATH 154,Discrete Mathematics and Graph Theory,4,math,71,91,B,3.0,completed,1
STU0017,3,MATH 20C,Calculus and Analytic Geometry for Science and Engineering,4,math,80,87,A-,3.7,completed,1
STU0017,4,CSE 101,Design and Analysis of Algorithms,4,core,80,86,A-,3.7,completed,1
STU0017,4,CSE 103,A Practical Introduction to Probability and Statistics,4,core,78,83,B+,3.3,completed,1
STU0017,4,CSE 110,Software Engineering,4,core,89,74,A,4.0,completed,1
STU0017,4,DSC 40B,Theoretical Foundations of Data Science II,4,data,70,74,B,3.0,completed,1
STU0017,5,CSE 120,Principles of Computer Operating Systems,4,systems,80,70,A-,3.7,completed,1
STU0017,5,CSE 123,Computer Networks,4,networks,84,85,A-,3.7,completed,1
STU0017,5,CSE 132A,Database System Principles,4,database,76,85,B+,3.3,completed,1
STU0017,5,DSC 80,The Practice and Application of Data Science,4,data,77,94,B+,3.3,completed,1
STU0017,5,MATH 183,Statistical Methods,4,math,74,77,B,3.0,completed,1
STU0017,6,CSE 105,Theory of Computability,4,systems,89,97,A,4.0,completed,1
STU0017,6,CSE 132B,Database Systems Applications,4,database,73,88,B,3.0,completed,1
STU0017,6,CSE 150B,Introduction to Artificial Intelligence: Search and Reasoning,4,ai,82,67,A-,3.7,completed,1
STU0017,6,CSE 151A,Introduction to Machine Learning,4,ai,85,93,A,4.0,completed,1
STU0017,6,MATH 181A,Introduction to Mathematical Statistics I,4,math,81,75,A-,3.7,completed,1
STU0017,7,CSE 124,Networked Services,4,networks,91,99,A+,4.0,current,1
STU0017,7,CSE 131,Compiler Construction,4,systems,83,90,A-,3.7,current,1
STU0017,7,CSE 151B,Deep Learning,4,ai,80,88,A-,3.7,current,1
STU0017,7,CSE 158,Recommender Systems and Web Mining,4,ai,83,82,A-,3.7,current,1
STU0017,7,MATH 188,Algebraic Combinatorics,4,math,70,83,B,3.0,current,1
STU0018,1,CSE 11,Introduction to Computer Science and Object-Oriented Programming: Java,4,core,86,59,A,4.0,completed,1
STU0018,1,CSE 5A,Introduction to Programming I,4,core,87,75,A,4.0,completed,1
STU0018,1,MATH 18,Linear Algebra,4,math,68,90,B-,2.7,completed,1
STU0018,1,MATH 20A,Calculus for Science and Engineering,4,math,87,55,A,4.0,completed,1
STU0018,2,CSE 12,Basic Data Structures and Object-Oriented Design,4,core,77,98,B+,3.3,completed,1
STU0018,2,CSE 15L,Software Tools and Techniques Laboratory,2,lab,79,100,B+,3.3,completed,1
STU0018,2,CSE 20,Discrete Mathematics,4,math,74,85,B,3.0,completed,1
STU0018,2,CSE 21,Mathematics for Algorithms and Systems,4,core,83,90,A-,3.7,completed,1
STU0018,2,MATH 20B,Calculus for Science and Engineering,4,math,98,87,A+,4.0,completed,1
STU0018,3,CSE 100,Advanced Data Structures,4,core,81,85,A-,3.7,completed,1
STU0018,3,CSE 30,Computer Organization and Systems Programming,4,core,91,86,A+,4.0,completed,1
STU0018,3,MATH 154,Discrete Mathematics and Graph Theory,4,math,81,79,A-,3.7,completed,1
STU0018,3,MATH 20C,Calculus and Analytic Geometry for Science and Engineering,4,math,83,74,A-,3.7,completed,1
STU0018,4,CSE 101,Design and Analysis of Algorithms,4,core,74,76,B,3.0,completed,1
STU0018,4,CSE 103,A Practical Introduction to Probability and Statistics,4,core,85,91,A,4.0,completed,1
STU0018,4,CSE 110,Software Engineering,4,core,93,82,A+,4.0,completed,1
STU0018,4,DSC 40B,Theoretical Foundations of Data Science II,4,data,70,90,B,3.0,completed,1
STU0018,5,CSE 120,Principles of Computer Operating Systems,4,systems,79,94,B+,3.3,completed,1
STU0018,5,CSE 123,Computer Networks,4,networks,86,83,A,4.0,completed,1
STU0018,5,CSE 130,Programming Languages: Principles and Paradigms,4,systems,94,89,A+,4.0,completed,1
STU0018,5,CSE 132A,Database System Principles,4,database,96,100,A+,4.0,completed,1
STU0018,5,ECE 109,Engineering Probability and Statistics,4,math,90,87,A+,4.0,completed,1
STU0018,6,CSE 105,Theory of Computability,4,systems,68,81,B-,2.7,completed,1
STU0018,6,CSE 132B,Database Systems Applications,4,database,89,82,A,4.0,completed,1
STU0018,6,CSE 150B,Introduction to Artificial Intelligence: Search and Reasoning,4,ai,88,89,A,4.0,completed,1
STU0018,6,CSE 151A,Introduction to Machine Learning,4,ai,68,76,B-,2.7,completed,1
STU0018,6,MATH 181A,Introduction to Mathematical Statistics I,4,math,83,89,A-,3.7,completed,1
STU0018,7,CSE 127,Introduction to Computer Security,4,security,82,95,A-,3.7,current,1
STU0018,7,CSE 131,Compiler Construction,4,systems,83,67,A-,3.7,current,1
STU0018,7,CSE 151B,Deep Learning,4,ai,77,81,B+,3.3,current,1
STU0018,7,CSE 152,Introduction to Computer Vision,4,ai,78,66,B+,3.3,current,1
STU0018,7,CSE 158,Recommender Systems and Web Mining,4,ai,91,88,A+,4.0,current,1
STU0019,1,CSE 11,Introduction to Computer Science and Object-Oriented Programming: Java,4,core,86,85,A,4.0,completed,1
STU0019,1,CSE 5A,Introduction to Programming I,4,core,71,88,B,3.0,completed,1
STU0019,1,MATH 18,Linear Algebra,4,math,75,89,B+,3.3,completed,1
STU0019,1,MATH 20A,Calculus for Science and Engineering,4,math,73,76,B,3.0,completed,1
STU0019,2,CSE 12,Basic Data Structures and Object-Oriented Design,4,core,68,82,B-,2.7,completed,1
STU0019,2,CSE 15L,Software Tools and Techniques Laboratory,2,lab,80,100,A-,3.7,completed,1
STU0019,2,CSE 20,Discrete Mathematics,4,math,81,88,A-,3.7,completed,1
STU0019,2,CSE 21,Mathematics for Algorithms and Systems,4,core,67,97,B-,2.7,completed,1
STU0019,2,MATH 20B,Calculus for Science and Engineering,4,math,81,88,A-,3.7,completed,1
STU0019,3,CSE 100,Advanced Data Structures,4,core,70,88,B,3.0,current,1
STU0019,3,CSE 30,Computer Organization and Systems Programming,4,core,74,83,B,3.0,current,1
STU0019,3,MATH 154,Discrete Mathematics and Graph Theory,4,math,75,94,B+,3.3,current,1
STU0019,3,MATH 20C,Calculus and Analytic Geometry for Science and Engineering,4,math,78,97,B+,3.3,current,1
STU0020,1,CSE 11,Introduction to Computer Science and Object-Oriented Programming: Java,4,core,91,100,A+,4.0,completed,1
STU0020,1,CSE 5A,Introduction to Programming I,4,core,83,84,A-,3.7,completed,1
STU0020,1,MATH 18,Linear Algebra,4,math,81,82,A-,3.7,completed,1
STU0020,1,MATH 20A,Calculus for Science and Engineering,4,math,74,97,B,3.0,completed,1
STU0020,2,CSE 12,Basic Data Structures and Object-Oriented Design,4,core,80,80,A-,3.7,completed,1
STU0020,2,CSE 15L,Software Tools and Techniques Laboratory,2,lab,67,70,B-,2.7,completed,1
STU0020,2,CSE 20,Discrete Mathematics,4,math,86,85,A,4.0,completed,1
STU0020,2,CSE 21,Mathematics for Algorithms and Systems,4,core,85,81,A,4.0,completed,1
STU0020,2,MATH 20B,Calculus for Science and Engineering,4,math,74,84,B,3.0,completed,1
STU0020,3,CSE 100,Advanced Data Structures,4,core,89,89,A,4.0,current,1
STU0020,3,CSE 30,Computer Organization and Systems Programming,4,core,88,95,A,4.0,current,1
STU0020,3,MATH 154,Discrete Mathematics and Graph Theory,4,math,93,88,A+,4.0,current,1
STU0020,3,MATH 20C,Calculus and Analytic Geometry for Science and Engineering,4,math,73,95,B,3.0,current,1
STU0021,1,CSE 11,Introduction to Computer Science and Object-Oriented Programming: Java,4,core,90,99,A+,4.0,completed,1
STU0021,1,CSE 5A,Introduction to Programming I,4,core,83,95,A-,3.7,completed,1
STU0021,1,MATH 18,Linear Algebra,4,math,80,86,A-,3.7,completed,1
STU0021,1,MATH 20A,Calculus for Science and Engineering,4,math,80,75,A-,3.7,completed,1
STU0021,2,CSE 12,Basic Data Structures and Object-Oriented Design,4,core,79,88,B+,3.3,completed,1
STU0021,2,CSE 15L,Software Tools and Techniques Laboratory,2,lab,73,89,B,3.0,completed,1
STU0021,2,CSE 20,Discrete Mathematics,4,math,80,100,A-,3.7,completed,1
STU0021,2,CSE 21,Mathematics for Algorithms and Systems,4,core,82,79,A-,3.7,completed,1
STU0021,2,MATH 20B,Calculus for Science and Engineering,4,math,80,84,A-,3.7,completed,1
STU0021,3,CSE 100,Advanced Data Structures,4,core,94,84,A+,4.0,completed,1
STU0021,3,CSE 30,Computer Organization and Systems Programming,4,core,80,79,A-,3.7,completed,1
STU0021,3,MATH 154,Discrete Mathematics and Graph Theory,4,math,63,77,C+,2.3,completed,1
STU0021,3,MATH 20C,Calculus and Analytic Geometry for Science and Engineering,4,math,81,83,A-,3.7,completed,1
STU0021,4,CSE 101,Design and Analysis of Algorithms,4,core,82,84,A-,3.7,completed,1
STU0021,4,CSE 103,A Practical Introduction to Probability and Statistics,4,core,94,86,A+,4.0,completed,1
STU0021,4,CSE 110,Software Engineering,4,core,82,100,A-,3.7,completed,1
STU0021,4,DSC 40B,Theoretical Foundations of Data Science II,4,data,61,67,C+,2.3,completed,1
STU0021,5,CSE 123,Computer Networks,4,networks,88,86,A,4.0,completed,1
STU0021,5,CSE 130,Programming Languages: Principles and Paradigms,4,systems,58,75,C,2.0,completed,1
STU0021,5,CSE 132A,Database System Principles,4,database,84,80,A-,3.7,completed,1
STU0021,5,ECE 109,Engineering Probability and Statistics,4,math,82,99,A-,3.7,completed,1
STU0021,5,MATH 183,Statistical Methods,4,math,84,94,A-,3.7,completed,1
STU0021,6,CSE 132B,Database Systems Applications,4,database,75,87,B+,3.3,completed,1
STU0021,6,CSE 150A,Introduction to Artificial Intelligence: Probabilistic Reasoning and Decision-Making,4,ai,62,76,C+,2.3,completed,1
STU0021,6,CSE 150B,Introduction to Artificial Intelligence: Search and Reasoning,4,ai,98,82,A+,4.0,completed,1
STU0021,6,CSE 151A,Introduction to Machine Learning,4,ai,80,71,A-,3.7,completed,1
STU0021,6,MATH 181A,Introduction to Mathematical Statistics I,4,math,79,75,B+,3.3,completed,1
STU0021,7,CSE 124,Networked Services,4,networks,98,74,A+,4.0,current,1
STU0021,7,CSE 151B,Deep Learning,4,ai,68,89,B-,2.7,current,1
STU0021,7,CSE 152,Introduction to Computer Vision,4,ai,92,83,A+,4.0,current,1
STU0021,7,CSE 158,Recommender Systems and Web Mining,4,ai,84,84,A-,3.7,current,1
STU0021,7,MATH 188,Algebraic Combinatorics,4,math,89,100,A,4.0,current,1
STU0022,1,CSE 11,Introduction to Computer Science and Object-Oriented Programming: Java,4,core,70,76,B,3.0,completed,1
STU0022,1,CSE 5A,Introduction to Programming I,4,core,84,78,A-,3.7,completed,1
STU0022,1,MATH 18,Linear Algebra,4,math,96,85,A+,4.0,completed,1
STU0022,1,MATH 20A,Calculus for Science and Engineering,4,math,69,74,B-,2.7,completed,1
STU0022,2,CSE 12,Basic Data Structures and Object-Oriented Design,4,core,74,76,B,3.0,completed,1
STU0022,2,CSE 15L,Software Tools and Techniques Laboratory,2,lab,52,70,C-,1.7,completed,1
STU0022,2,CSE 20,Discrete Mathematics,4,math,75,94,B+,3.3,completed,1
STU0022,2,CSE 21,Mathematics for Algorithms and Systems,4,core,59,62,C,2.0,completed,1
STU0022,2,MATH 20B,Calculus for Science and Engineering,4,math,65,94,B-,2.7,completed,1
STU0022,3,CSE 100,Advanced Data Structures,4,core,81,87,A-,3.7,completed,1
STU0022,3,CSE 30,Computer Organization and Systems Programming,4,core,82,77,A-,3.7,completed,1
STU0022,3,MATH 154,Discrete Mathematics and Graph Theory,4,math,68,87,B-,2.7,completed,1
STU0022,3,MATH 20C,Calculus and Analytic Geometry for Science and Engineering,4,math,79,89,B+,3.3,completed,1
STU0022,4,CSE 101,Design and Analysis of Algorithms,4,core,65,83,B-,2.7,completed,1
STU0022,4,CSE 103,A Practical Introduction to Probability and Statistics,4,core,71,72,B,3.0,completed,1
STU0022,4,CSE 110,Software Engineering,4,core,79,75,B+,3.3,completed,1
STU0022,4,DSC 40B,Theoretical Foundations of Data Science II,4,data,76,87,B+,3.3,completed,1
STU0022,5,CSE 120,Principles of Computer Operating Systems,4,systems,88,85,A,4.0,current,1
STU0022,5,CSE 130,Programming Languages: Principles and Paradigms,4,systems,67,76,B-,2.7,current,1
STU0022,5,CSE 132A,Database System Principles,4,database,62,91,C+,2.3,current,1
STU0022,5,DSC 80,The Practice and Application of Data Science,4,data,76,78,B+,3.3,current,1
STU0022,5,MATH 183,Statistical Methods,4,math,59,80,C,2.0,current,1
STU0023,1,CSE 11,Introduction to Computer Science and Object-Oriented Programming: Java,4,core,79,83,B+,3.3,completed,1
STU0023,1,CSE 5A,Introduction to Programming I,4,core,93,97,A+,4.0,completed,1
STU0023,1,MATH 18,Linear Algebra,4,math,85,89,A,4.0,completed,1
STU0023,1,MATH 20A,Calculus for Science and Engineering,4,math,72,90,B,3.0,completed,1
STU0023,2,CSE 12,Basic Data Structures and Object-Oriented Design,4,core,76,87,B+,3.3,completed,1
STU0023,2,CSE 15L,Software Tools and Techniques Laboratory,2,lab,74,84,B,3.0,completed,1
STU0023,2,CSE 20,Discrete Mathematics,4,math,90,64,A+,4.0,completed,1
STU0023,2,CSE 21,Mathematics for Algorithms and Systems,4,core,74,98,B,3.0,completed,1
STU0023,2,MATH 20B,Calculus for Science and Engineering,4,math,83,82,A-,3.7,completed,1
STU0023,3,CSE 100,Advanced Data Structures,4,core,97,91,A+,4.0,completed,1
STU0023,3,CSE 30,Computer Organization and Systems Programming,4,core,67,84,B-,2.7,completed,1
STU0023,3,MATH 154,Discrete Mathematics and Graph Theory,4,math,80,86,A-,3.7,completed,1
STU0023,3,MATH 20C,Calculus and Analytic Geometry for Science and Engineering,4,math,61,91,C+,2.3,completed,1
STU0023,4,CSE 101,Design and Analysis of Algorithms,4,core,76,65,B+,3.3,completed,1
STU0023,4,CSE 103,A Practical Introduction to Probability and Statistics,4,core,81,80,A-,3.7,completed,1
STU0023,4,CSE 110,Software Engineering,4,core,82,92,A-,3.7,completed,1
STU0023,4,DSC 40B,Theoretical Foundations of Data Science II,4,data,65,78,B-,2.7,completed,1
STU0023,5,CSE 120,Principles of Computer Operating Systems,4,systems,54,73,C-,1.7,completed,1
STU0023,5,CSE 123,Computer Networks,4,networks,87,78,A,4.0,completed,1
STU0023,5,CSE 130,Programming Languages: Principles and Paradigms,4,systems,76,62,B+,3.3,completed,1
STU0023,5,CSE 132A,Database System Principles,4,database,70,95,B,3.0,completed,1
STU0023,5,DSC 80,The Practice and Application of Data Science,4,data,83,89,A-,3.7,completed,1
STU0023,6,CSE 105,Theory of Computability,4,systems,65,93,B-,2.7,completed,1
STU0023,6,CSE 132B,Database Systems Applications,4,database,62,74,C+,2.3,completed,1
STU0023,6,CSE 150B,Introduction to Artificial Intelligence: Search and Reasoning,4,ai,72,84,B,3.0,completed,1
STU0023,6,CSE 151A,Introduction to Machine Learning,4,ai,78,91,B+,3.3,completed,1
STU0023,6,MATH 181A,Introduction to Mathematical Statistics I,4,math,82,70,A-,3.7,completed,1
STU0023,7,CSE 124,Networked Services,4,networks,70,100,B,3.0,current,1
STU0023,7,CSE 131,Compiler Construction,4,systems,76,88,B+,3.3,current,1
STU0023,7,CSE 152,Introduction to Computer Vision,4,ai,81,79,A-,3.7,current,1
STU0023,7,CSE 158,Recommender Systems and Web Mining,4,ai,81,92,A-,3.7,current,1
STU0023,7,MATH 188,Algebraic Combinatorics,4,math,78,82,B+,3.3,current,1
STU0024,1,CSE 11,Introduction to Computer Science and Object-Oriented Programming: Java,4,core,77,82,B+,3.3,completed,1
STU0024,1,CSE 5A,Introduction to Programming I,4,core,90,82,A+,4.0,completed,1
STU0024,1,MATH 18,Linear Algebra,4,math,90,70,A+,4.0,completed,1
STU0024,1,MATH 20A,Calculus for Science and Engineering,4,math,80,82,A-,3.7,completed,1
STU0024,2,CSE 12,Basic Data Structures and Object-Oriented Design,4,core,85,75,A,4.0,completed,1
STU0024,2,CSE 15L,Software Tools and Techniques Laboratory,2,lab,94,96,A+,4.0,completed,1
STU0024,2,CSE 20,Discrete Mathematics,4,math,67,85,B-,2.7,completed,1
STU0024,2,CSE 21,Mathematics for Algorithms and Systems,4,core,90,72,A+,4.0,completed,1
STU0024,2,MATH 20B,Calculus for Science and Engineering,4,math,89,89,A,4.0,completed,1
STU0024,3,CSE 100,Advanced Data Structures,4,core,56,82,C,2.0,completed,1
STU0024,3,CSE 30,Computer Organization and Systems Programming,4,core,95,96,A+,4.0,completed,1
STU0024,3,MATH 154,Discrete Mathematics and Graph Theory,4,math,83,88,A-,3.7,completed,1
STU0024,3,MATH 20C,Calculus and Analytic Geometry for Science and Engineering,4,math,85,90,A,4.0,completed,1
STU0024,4,CSE 101,Design and Analysis of Algorithms,4,core,83,96,A-,3.7,completed,1
STU0024,4,CSE 103,A Practical Introduction to Probability and Statistics,4,core,80,69,A-,3.7,completed,1
STU0024,4,CSE 110,Software Engineering,4,core,72,88,B,3.0,completed,1
STU0024,4,DSC 40B,Theoretical Foundations of Data Science II,4,data,74,79,B,3.0,completed,1
STU0024,5,CSE 120,Principles of Computer Operating Systems,4,systems,83,96,A-,3.7,completed,1
STU0024,5,CSE 123,Computer Networks,4,networks,79,83,B+,3.3,completed,1
STU0024,5,CSE 132A,Database System Principles,4,database,77,80,B+,3.3,completed,1
STU0024,5,ECE 109,Engineering Probability and Statistics,4,math,88,88,A,4.0,completed,1
STU0024,5,MATH 183,Statistical Methods,4,math,88,85,A,4.0,completed,1
STU0024,6,CSE 105,Theory of Computability,4,systems,70,100,B,3.0,current,1
STU0024,6,CSE 150A,Introduction to Artificial Intelligence: Probabilistic Reasoning and Decision-Making,4,ai,88,85,A,4.0,current,1
STU0024,6,CSE 150B,Introduction to Artificial Intelligence: Search and Reasoning,4,ai,82,87,A-,3.7,current,1
STU0024,6,CSE 151A,Introduction to Machine Learning,4,ai,76,83,B+,3.3,current,1
STU0024,6,MATH 181A,Introduction to Mathematical Statistics I,4,math,74,93,B,3.0,current,1
STU0025,1,CSE 11,Introduction to Computer Science and Object-Oriented Programming: Java,4,core,86,85,A,4.0,completed,1
STU0025,1,CSE 5A,Introduction to Programming I,4,core,77,89,B+,3.3,completed,1
STU0025,1,MATH 18,Linear Algebra,4,math,72,96,B,3.0,completed,1
STU0025,1,MATH 20A,Calculus for Science and Engineering,4,math,79,59,B+,3.3,completed,1
STU0025,2,CSE 12,Basic Data Structures and Object-Oriented Design,4,core,71,99,B,3.0,completed,1
STU0025,2,CSE 15L,Software Tools and Techniques Laboratory,2,lab,82,89,A-,3.7,completed,1
STU0025,2,CSE 20,Discrete Mathematics,4,math,80,91,A-,3.7,completed,1
STU0025,2,CSE 21,Mathematics for Algorithms and Systems,4,core,98,100,A+,4.0,completed,1
STU0025,2,MATH 20B,Calculus for Science and Engineering,4,math,81,81,A-,3.7,completed,1
STU0025,3,CSE 100,Advanced Data Structures,4,core,98,89,A+,4.0,completed,1
STU0025,3,CSE 30,Computer Organization and Systems Programming,4,core,98,87,A+,4.0,completed,1
STU0025,3,MATH 154,Discrete Mathematics and Graph Theory,4,math,97,85,A+,4.0,completed,1
STU0025,3,MATH 20C,Calculus and Analytic Geometry for Science and Engineering,4,math,82,82,A-,3.7,completed,1
STU0025,4,CSE 101,Design and Analysis of Algorithms,4,core,76,90,B+,3.3,current,1
STU0025,4,CSE 103,A Practical Introduction to Probability and Statistics,4,core,92,79,A+,4.0,current,1
STU0025,4,CSE 110,Software Engineering,4,core,92,86,A+,4.0,current,1
STU0025,4,DSC 40B,Theoretical Foundations of Data Science II,4,data,72,74,B,3.0,current,1
STU0026,1,CSE 11,Introduction to Computer Science and Object-Oriented Programming: Java,4,core,91,67,A+,4.0,completed,1
STU0026,1,CSE 5A,Introduction to Programming I,4,core,73,83,B,3.0,completed,1
STU0026,1,MATH 18,Linear Algebra,4,math,76,85,B+,3.3,completed,1
STU0026,1,MATH 20A,Calculus for Science and Engineering,4,math,69,96,B-,2.7,completed,1
STU0026,2,CSE 12,Basic Data Structures and Object-Oriented Design,4,core,79,73,B+,3.3,completed,1
STU0026,2,CSE 15L,Software Tools and Techniques Laboratory,2,lab,80,68,A-,3.7,completed,1
STU0026,2,CSE 20,Discrete Mathematics,4,math,66,71,B-,2.7,completed,1
STU0026,2,CSE 21,Mathematics for Algorithms and Systems,4,core,75,82,B+,3.3,completed,1
STU0026,2,MATH 20B,Calculus for Science and Engineering,4,math,67,80,B-,2.7,completed,1
STU0026,3,CSE 100,Advanced Data Structures,4,core,67,75,B-,2.7,completed,1
STU0026,3,CSE 30,Computer Organization and Systems Programming,4,core,78,70,B+,3.3,completed,1
STU0026,3,MATH 154,Discrete Mathematics and Graph Theory,4,math,75,70,B+,3.3,completed,1
STU0026,3,MATH 20C,Calculus and Analytic Geometry for Science and Engineering,4,math,69,70,B-,2.7,completed,1
STU0026,4,CSE 101,Design and Analysis of Algorithms,4,core,70,85,B,3.0,completed,1
STU0026,4,CSE 103,A Practical Introduction to Probability and Statistics,4,core,84,83,A-,3.7,completed,1
STU0026,4,CSE 110,Software Engineering,4,core,53,80,C-,1.7,completed,1
STU0026,4,DSC 40B,Theoretical Foundations of Data Science II,4,data,90,81,A+,4.0,completed,1
STU0026,5,CSE 123,Computer Networks,4,networks,70,76,B,3.0,current,1
STU0026,5,CSE 130,Programming Languages: Principles and Paradigms,4,systems,46,78,D,1.0,current,1
STU0026,5,CSE 132A,Database System Principles,4,database,82,91,A-,3.7,current,1
STU0026,5,DSC 80,The Practice and Application of Data Science,4,data,55,69,C,2.0,current,1
STU0026,5,MATH 183,Statistical Methods,4,math,84,77,A-,3.7,current,1
STU0027,1,CSE 11,Introduction to Computer Science and Object-Oriented Programming: Java,4,core,62,86,C+,2.3,completed,1
STU0027,1,CSE 5A,Introduction to Programming I,4,core,78,82,B+,3.3,completed,1
STU0027,1,MATH 18,Linear Algebra,4,math,84,77,A-,3.7,completed,1
STU0027,1,MATH 20A,Calculus for Science and Engineering,4,math,55,71,C,2.0,completed,1
STU0027,2,CSE 12,Basic Data Structures and Object-Oriented Design,4,core,70,92,B,3.0,completed,1
STU0027,2,CSE 15L,Software Tools and Techniques Laboratory,2,lab,68,63,B-,2.7,completed,1
STU0027,2,CSE 20,Discrete Mathematics,4,math,64,74,C+,2.3,completed,1
STU0027,2,CSE 21,Mathematics for Algorithms and Systems,4,core,63,84,C+,2.3,completed,1
STU0027,2,MATH 20B,Calculus for Science and Engineering,4,math,74,65,B,3.0,completed,1
STU0027,3,CSE 100,Advanced Data Structures,4,core,69,76,B-,2.7,completed,1
STU0027,3,CSE 30,Computer Organization and Systems Programming,4,core,77,87,B+,3.3,completed,1
STU0027,3,MATH 154,Discrete Mathematics and Graph Theory,4,math,65,73,B-,2.7,completed,1
STU0027,3,MATH 20C,Calculus and Analytic Geometry for Science and Engineering,4,math,67,67,B-,2.7,completed,1
STU0027,4,CSE 101,Design and Analysis of Algorithms,4,core,60,71,C+,2.3,completed,1
STU0027,4,CSE 103,A Practical Introduction to Probability and Statistics,4,core,72,72,B,3.0,completed,1
STU0027,4,CSE 110,Software Engineering,4,core,65,69,B-,2.7,completed,1
STU0027,4,DSC 40B,Theoretical Foundations of Data Science II,4,data,72,86,B,3.0,completed,1
STU0027,5,CSE 120,Principles of Computer Operating Systems,4,systems,75,73,B+,3.3,completed,1
STU0027,5,CSE 130,Programming Languages: Principles and Paradigms,4,systems,68,58,B-,2.7,completed,1
STU0027,5,CSE 132A,Database System Principles,4,database,81,78,A-,3.7,completed,1
STU0027,5,DSC 80,The Practice and Application of Data Science,4,data,51,83,C-,1.7,completed,1
STU0027,5,MATH 183,Statistical Methods,4,math,71,89,B,3.0,completed,1
STU0027,6,CSE 132B,Database Systems Applications,4,database,73,94,B,3.0,current,1
STU0027,6,CSE 150A,Introduction to Artificial Intelligence: Probabilistic Reasoning and Decision-Making,4,ai,61,90,C+,2.3,current,1
STU0027,6,CSE 150B,Introduction to Artificial Intelligence: Search and Reasoning,4,ai,79,67,B+,3.3,current,1
STU0027,6,CSE 151A,Introduction to Machine Learning,4,ai,61,83,C+,2.3,current,1
STU0027,6,MATH 181A,Introduction to Mathematical Statistics I,4,math,75,82,B+,3.3,current,1
STU0028,1,CSE 11,Introduction to Computer Science and Object-Oriented Programming: Java,4,core,85,88,A,4.0,completed,1
STU0028,1,CSE 5A,Introduction to Programming I,4,core,88,80,A,4.0,completed,1
STU0028,1,MATH 18,Linear Algebra,4,math,98,71,A+,4.0,completed,1
STU0028,1,MATH 20A,Calculus for Science and Engineering,4,math,79,92,B+,3.3,completed,1
STU0028,2,CSE 12,Basic Data Structures and Object-Oriented Design,4,core,90,87,A+,4.0,completed,1
STU0028,2,CSE 15L,Software Tools and Techniques Laboratory,2,lab,92,98,A+,4.0,completed,1
STU0028,2,CSE 20,Discrete Mathematics,4,math,89,97,A,4.0,completed,1
STU0028,2,CSE 21,Mathematics for Algorithms and Systems,4,core,87,97,A,4.0,completed,1
STU0028,2,MATH 20B,Calculus for Science and Engineering,4,math,64,100,C+,2.3,completed,1
STU0028,3,CSE 100,Advanced Data Structures,4,core,69,96,B-,2.7,current,1
STU0028,3,CSE 30,Computer Organization and Systems Programming,4,core,88,97,A,4.0,current,1
STU0028,3,MATH 154,Discrete Mathematics and Graph Theory,4,math,87,87,A,4.0,current,1
STU0028,3,MATH 20C,Calculus and Analytic Geometry for Science and Engineering,4,math,74,79,B,3.0,current,1
STU0029,1,CSE 11,Introduction to Computer Science and Object-Oriented Programming: Java,4,core,66,84,B-,2.7,completed,1
STU0029,1,CSE 5A,Introduction to Programming I,4,core,75,95,B+,3.3,completed,1
STU0029,1,MATH 18,Linear Algebra,4,math,78,78,B+,3.3,completed,1
STU0029,1,MATH 20A,Calculus for Science and Engineering,4,math,78,95,B+,3.3,completed,1
STU0029,2,CSE 12,Basic Data Structures and Object-Oriented Design,4,core,84,81,A-,3.7,completed,1
STU0029,2,CSE 15L,Software Tools and Techniques Laboratory,2,lab,77,70,B+,3.3,completed,1
STU0029,2,CSE 20,Discrete Mathematics,4,math,98,74,A+,4.0,completed,1
STU0029,2,CSE 21,Mathematics for Algorithms and Systems,4,core,83,68,A-,3.7,completed,1
STU0029,2,MATH 20B,Calculus for Science and Engineering,4,math,86,85,A,4.0,completed,1
STU0029,3,CSE 100,Advanced Data Structures,4,core,82,78,A-,3.7,current,1
STU0029,3,CSE 30,Computer Organization and Systems Programming,4,core,82,84,A-,3.7,current,1
STU0029,3,MATH 154,Discrete Mathematics and Graph Theory,4,math,90,78,A+,4.0,current,1
STU0029,3,MATH 20C,Calculus and Analytic Geometry for Science and Engineering,4,math,79,100,B+,3.3,current,1
STU0030,1,CSE 11,Introduction to Computer Science and Object-Oriented Programming: Java,4,core,66,78,B-,2.7,completed,1
STU0030,1,CSE 5A,Introduction to Programming I,4,core,67,86,B-,2.7,completed,1
STU0030,1,MATH 18,Linear Algebra,4,math,68,92,B-,2.7,completed,1
STU0030,1,MATH 20A,Calculus for Science and Engineering,4,math,59,71,C,2.0,completed,1
STU0030,2,CSE 12,Basic Data Structures and Object-Oriented Design,4,core,68,83,B-,2.7,completed,1
STU0030,2,CSE 15L,Software Tools and Techniques Laboratory,2,lab,72,88,B,3.0,completed,1
STU0030,2,CSE 20,Discrete Mathematics,4,math,62,84,C+,2.3,completed,1
STU0030,2,CSE 21,Mathematics for Algorithms and Systems,4,core,68,66,B-,2.7,completed,1
STU0030,2,MATH 20B,Calculus for Science and Engineering,4,math,60,76,C+,2.3,completed,1
STU0030,3,CSE 100,Advanced Data Structures,4,core,74,60,B,3.0,completed,1
STU0030,3,CSE 30,Computer Organization and Systems Programming,4,core,63,76,C+,2.3,completed,1
STU0030,3,MATH 154,Discrete Mathematics and Graph Theory,4,math,57,82,C,2.0,completed,1
STU0030,3,MATH 20C,Calculus and Analytic Geometry for Science and Engineering,4,math,69,100,B-,2.7,completed,1
STU0030,4,CSE 101,Design and Analysis of Algorithms,4,core,69,83,B-,2.7,completed,1
STU0030,4,CSE 103,A Practical Introduction to Probability and Statistics,4,core,75,98,B+,3.3,completed,1
STU0030,4,CSE 110,Software Engineering,4,core,82,79,A-,3.7,completed,1
STU0030,4,DSC 40B,Theoretical Foundations of Data Science II,4,data,68,60,B-,2.7,completed,1
STU0030,5,CSE 120,Principles of Computer Operating Systems,4,systems,89,91,A,4.0,completed,1
STU0030,5,CSE 132A,Database System Principles,4,database,60,75,C+,2.3,completed,1
STU0030,5,DSC 80,The Practice and Application of Data Science,4,data,61,90,C+,2.3,completed,1
STU0030,5,ECE 109,Engineering Probability and Statistics,4,math,68,81,B-,2.7,completed,1
STU0030,5,MATH 183,Statistical Methods,4,math,74,72,B,3.0,completed,1
STU0030,6,CSE 105,Theory of Computability,4,systems,69,82,B-,2.7,current,1
STU0030,6,CSE 132B,Database Systems Applications,4,database,81,68,A-,3.7,current,1
STU0030,6,CSE 150A,Introduction to Artificial Intelligence: Probabilistic Reasoning and Decision-Making,4,ai,74,69,B,3.0,current,1
STU0030,6,CSE 151A,Introduction to Machine Learning,4,ai,76,75,B+,3.3,current,1
STU0030,6,MATH 181A,Introduction to Mathematical Statistics I,4,math,69,94,B-,2.7,current,1
STU0031,1,CSE 11,Introduction to Computer Science and Object-Oriented Programming: Java,4,core,91,90,A+,4.0,completed,1
STU0031,1,CSE 5A,Introduction to Programming I,4,core,70,78,B,3.0,completed,1
STU0031,1,MATH 18,Linear Algebra,4,math,72,85,B,3.0,completed,1
STU0031,1,MATH 20A,Calculus for Science and Engineering,4,math,96,100,A+,4.0,completed,1
STU0031,2,CSE 12,Basic Data Structures and Object-Oriented Design,4,core,75,75,B+,3.3,completed,1
STU0031,2,CSE 15L,Software Tools and Techniques Laboratory,2,lab,71,83,B,3.0,completed,1
STU0031,2,CSE 20,Discrete Mathematics,4,math,77,85,B+,3.3,completed,1
STU0031,2,CSE 21,Mathematics for Algorithms and Systems,4,core,70,92,B,3.0,completed,1
STU0031,2,MATH 20B,Calculus for Science and Engineering,4,math,73,100,B,3.0,completed,1
STU0031,3,CSE 100,Advanced Data Structures,4,core,71,98,B,3.0,completed,1
STU0031,3,CSE 30,Computer Organization and Systems Programming,4,core,69,87,B-,2.7,completed,1
STU0031,3,MATH 154,Discrete Mathematics and Graph Theory,4,math,91,87,A+,4.0,completed,1
STU0031,3,MATH 20C,Calculus and Analytic Geometry for Science and Engineering,4,math,69,100,B-,2.7,completed,1
STU0031,4,CSE 101,Design and Analysis of Algorithms,4,core,59,76,C,2.0,completed,1
STU0031,4,CSE 103,A Practical Introduction to Probability and Statistics,4,core,88,86,A,4.0,completed,1
STU0031,4,CSE 110,Software Engineering,4,core,87,96,A,4.0,completed,1
STU0031,4,DSC 40B,Theoretical Foundations of Data Science II,4,data,91,70,A+,4.0,completed,1
STU0031,5,CSE 120,Principles of Computer Operating Systems,4,systems,76,67,B+,3.3,completed,1
STU0031,5,CSE 123,Computer Networks,4,networks,77,84,B+,3.3,completed,1
STU0031,5,CSE 132A,Database System Principles,4,database,79,80,B+,3.3,completed,1
STU0031,5,DSC 80,The Practice and Application of Data Science,4,data,85,82,A,4.0,completed,1
STU0031,5,MATH 183,Statistical Methods,4,math,78,82,B+,3.3,completed,1
STU0031,6,CSE 105,Theory of Computability,4,systems,87,90,A,4.0,completed,1
STU0031,6,CSE 150A,Introduction to Artificial Intelligence: Probabilistic Reasoning and Decision-Making,4,ai,76,66,B+,3.3,completed,1
STU0031,6,CSE 150B,Introduction to Artificial Intelligence: Search and Reasoning,4,ai,80,85,A-,3.7,completed,1
STU0031,6,CSE 151A,Introduction to Machine Learning,4,ai,79,91,B+,3.3,completed,1
STU0031,6,MATH 181A,Introduction to Mathematical Statistics I,4,math,89,89,A,4.0,completed,1
STU0031,7,CSE 124,Networked Services,4,networks,76,85,B+,3.3,current,1
STU0031,7,CSE 151B,Deep Learning,4,ai,81,82,A-,3.7,current,1
STU0031,7,CSE 152,Introduction to Computer Vision,4,ai,80,75,A-,3.7,current,1
STU0031,7,CSE 158,Recommender Systems and Web Mining,4,ai,85,85,A,4.0,current,1
STU0031,7,MATH 188,Algebraic Combinatorics,4,math,94,77,A+,4.0,current,1
STU0032,1,CSE 11,Introduction to Computer Science and Object-Oriented Programming: Java,4,core,67,83,B-,2.7,completed,1
STU0032,1,CSE 5A,Introduction to Programming I,4,core,72,90,B,3.0,completed,1
STU0032,1,MATH 18,Linear Algebra,4,math,77,75,B+,3.3,completed,1
STU0032,1,MATH 20A,Calculus for Science and Engineering,4,math,71,87,B,3.0,completed,1
STU0032,2,CSE 12,Basic Data Structures and Object-Oriented Design,4,core,77,68,B+,3.3,completed,1
STU0032,2,CSE 15L,Software Tools and Techniques Laboratory,2,lab,79,71,B+,3.3,completed,1
STU0032,2,CSE 20,Discrete Mathematics,4,math,71,87,B,3.0,completed,1
STU0032,2,CSE 21,Mathematics for Algorithms and Systems,4,core,86,90,A,4.0,completed,1
STU0032,2,MATH 20B,Calculus for Science and Engineering,4,math,76,82,B+,3.3,completed,1
STU0032,3,CSE 100,Advanced Data Structures,4,core,64,64,C+,2.3,completed,1
STU0032,3,CSE 30,Computer Organization and Systems Programming,4,core,68,70,B-,2.7,completed,1
STU0032,3,MATH 154,Discrete Mathematics and Graph Theory,4,math,81,76,A-,3.7,completed,1
STU0032,3,MATH 20C,Calculus and Analytic Geometry for Science and Engineering,4,math,70,83,B,3.0,completed,1
STU0032,4,CSE 101,Design and Analysis of Algorithms,4,core,86,66,A,4.0,completed,1
STU0032,4,CSE 103,A Practical Introduction to Probability and Statistics,4,core,80,97,A-,3.7,completed,1
STU0032,4,CSE 110,Software Engineering,4,core,80,94,A-,3.7,completed,1
STU0032,4,DSC 40B,Theoretical Foundations of Data Science II,4,data,69,82,B-,2.7,completed,1
STU0032,5,CSE 120,Principles of Computer Operating Systems,4,systems,64,76,C+,2.3,current,1
STU0032,5,CSE 123,Computer Networks,4,networks,77,77,B+,3.3,current,1
STU0032,5,CSE 132A,Database System Principles,4,database,68,67,B-,2.7,current,1
STU0032,5,DSC 80,The Practice and Application of Data Science,4,data,54,78,C-,1.7,current,1
STU0032,5,MATH 183,Statistical Methods,4,math,66,71,B-,2.7,current,1
STU0033,1,CSE 11,Introduction to Computer Science and Object-Oriented Programming: Java,4,core,86,78,A,4.0,completed,1
STU0033,1,CSE 5A,Introduction to Programming I,4,core,55,80,C,2.0,completed,1
STU0033,1,MATH 18,Linear Algebra,4,math,56,96,C,2.0,completed,1
STU0033,1,MATH 20A,Calculus for Science and Engineering,4,math,87,90,A,4.0,completed,1
STU0033,2,CSE 12,Basic Data Structures and Object-Oriented Design,4,core,91,82,A+,4.0,completed,1
STU0033,2,CSE 15L,Software Tools and Techniques Laboratory,2,lab,69,75,B-,2.7,completed,1
STU0033,2,CSE 20,Discrete Mathematics,4,math,71,80,B,3.0,completed,1
STU0033,2,CSE 21,Mathematics for Algorithms and Systems,4,core,91,68,A+,4.0,completed,1
STU0033,2,MATH 20B,Calculus for Science and Engineering,4,math,92,85,A+,4.0,completed,1
STU0033,3,CSE 100,Advanced Data Structures,4,core,94,73,A+,4.0,completed,1
STU0033,3,CSE 30,Computer Organization and Systems Programming,4,core,78,78,B+,3.3,completed,1
STU0033,3,MATH 154,Discrete Mathematics and Graph Theory,4,math,89,70,A,4.0,completed,1
STU0033,3,MATH 20C,Calculus and Analytic Geometry for Science and Engineering,4,math,73,93,B,3.0,completed,1
STU0033,4,CSE 101,Design and Analysis of Algorithms,4,core,72,79,B,3.0,completed,1
STU0033,4,CSE 103,A Practical Introduction to Probability and Statistics,4,core,96,85,A+,4.0,completed,1
STU0033,4,CSE 110,Software Engineering,4,core,75,74,B+,3.3,completed,1
STU0033,4,DSC 40B,Theoretical Foundations of Data Science II,4,data,83,74,A-,3.7,completed,1
STU0033,5,CSE 120,Principles of Computer Operating Systems,4,systems,65,79,B-,2.7,current,1
STU0033,5,CSE 123,Computer Networks,4,networks,83,88,A-,3.7,current,1
STU0033,5,CSE 130,Programming Languages: Principles and Paradigms,4,systems,83,93,A-,3.7,current,1
STU0033,5,CSE 132A,Database System Principles,4,database,71,83,B,3.0,current,1
STU0033,5,ECE 109,Engineering Probability and Statistics,4,math,77,87,B+,3.3,current,1
STU0034,1,CSE 11,Introduction to Computer Science and Object-Oriented Programming: Java,4,core,73,90,B,3.0,completed,1
STU0034,1,CSE 5A,Introduction to Programming I,4,core,65,90,B-,2.7,completed,1
STU0034,1,MATH 18,Linear Algebra,4,math,78,98,B+,3.3,completed,1
STU0034,1,MATH 20A,Calculus for Science and Engineering,4,math,75,80,B+,3.3,completed,1
STU0034,2,CSE 12,Basic Data Structures and Object-Oriented Design,4,core,60,85,C+,2.3,completed,1
STU0034,2,CSE 15L,Software Tools and Techniques Laboratory,2,lab,91,87,A+,4.0,completed,1
STU0034,2,CSE 20,Discrete Mathematics,4,math,70,80,B,3.0,completed,1
STU0034,2,CSE 21,Mathematics for Algorithms and Systems,4,core,78,78,B+,3.3,completed,1
STU0034,2,MATH 20B,Calculus for Science and Engineering,4,math,77,80,B+,3.3,completed,1
STU0034,3,CSE 100,Advanced Data Structures,4,core,79,91,B+,3.3,completed,1
STU0034,3,CSE 30,Computer Organization and Systems Programming,4,core,80,88,A-,3.7,completed,1
STU0034,3,MATH 154,Discrete Mathematics and Graph Theory,4,math,70,70,B,3.0,completed,1
STU0034,3,MATH 20C,Calculus and Analytic Geometry for Science and Engineering,4,math,79,76,B+,3.3,completed,1
STU0034,4,CSE 101,Design and Analysis of Algorithms,4,core,80,82,A-,3.7,completed,1
STU0034,4,CSE 103,A Practical Introduction to Probability and Statistics,4,core,78,86,B+,3.3,completed,1
STU0034,4,CSE 110,Software Engineering,4,core,72,100,B,3.0,completed,1
STU0034,4,DSC 40B,Theoretical Foundations of Data Science II,4,data,73,77,B,3.0,completed,1
STU0034,5,CSE 120,Principles of Computer Operating Systems,4,systems,82,99,A-,3.7,completed,1
STU0034,5,CSE 123,Computer Networks,4,networks,83,83,A-,3.7,completed,1
STU0034,5,CSE 130,Programming Languages: Principles and Paradigms,4,systems,89,84,A,4.0,completed,1
STU0034,5,DSC 80,The Practice and Application of Data Science,4,data,82,87,A-,3.7,completed,1
STU0034,5,ECE 109,Engineering Probability and Statistics,4,math,77,77,B+,3.3,completed,1
STU0034,6,CSE 105,Theory of Computability,4,systems,80,84,A-,3.7,completed,1
STU0034,6,CSE 132B,Database Systems Applications,4,database,73,92,B,3.0,completed,1
STU0034,6,CSE 150A,Introduction to Artificial Intelligence: Probabilistic Reasoning and Decision-Making,4,ai,69,79,B-,2.7,completed,1
STU0034,6,CSE 151A,Introduction to Machine Learning,4,ai,69,94,B-,2.7,completed,1
STU0034,6,MATH 181A,Introduction to Mathematical Statistics I,4,math,78,89,B+,3.3,completed,1
STU0034,7,CSE 124,Networked Services,4,networks,81,84,A-,3.7,current,1
STU0034,7,CSE 127,Introduction to Computer Security,4,security,67,89,B-,2.7,current,1
STU0034,7,CSE 152,Introduction to Computer Vision,4,ai,64,72,C+,2.3,current,1
STU0034,7,CSE 158,Recommender Systems and Web Mining,4,ai,87,100,A,4.0,current,1
STU0034,7,MATH 188,Algebraic Combinatorics,4,math,80,88,A-,3.7,current,1
STU0035,1,CSE 11,Introduction to Computer Science and Object-Oriented Programming: Java,4,core,69,79,B-,2.7,completed,1
STU0035,1,CSE 5A,Introduction to Programming I,4,core,69,67,B-,2.7,completed,1
STU0035,1,MATH 18,Linear Algebra,4,math,77,78,B+,3.3,completed,1
STU0035,1,MATH 20A,Calculus for Science and Engineering,4,math,81,80,A-,3.7,completed,1
STU0035,2,CSE 12,Basic Data Structures and Object-Oriented Design,4,core,54,78,C-,1.7,completed,1
STU0035,2,CSE 15L,Software Tools and Techniques Laboratory,2,lab,72,69,B,3.0,completed,1
STU0035,2,CSE 20,Discrete Mathematics,4,math,76,84,B+,3.3,completed,1
STU0035,2,CSE 21,Mathematics for Algorithms and Systems,4,core,72,81,B,3.0,completed,1
STU0035,2,MATH 20B,Calculus for Science and Engineering,4,math,52,72,C-,1.7,completed,1
STU0035,3,CSE 100,Advanced Data Structures,4,core,66,84,B-,2.7,completed,1
STU0035,3,CSE 30,Computer Organization and Systems Programming,4,core,71,76,B,3.0,completed,1
STU0035,3,MATH 154,Discrete Mathematics and Graph Theory,4,math,81,87,A-,3.7,completed,1
STU0035,3,MATH 20C,Calculus and Analytic Geometry for Science and Engineering,4,math,62,82,C+,2.3,completed,1
STU0035,4,CSE 101,Design and Analysis of Algorithms,4,core,73,87,B,3.0,completed,1
STU0035,4,CSE 103,A Practical Introduction to Probability and Statistics,4,core,74,86,B,3.0,completed,1
STU0035,4,CSE 110,Software Engineering,4,core,73,87,B,3.0,completed,1
STU0035,4,DSC 40B,Theoretical Foundations of Data Science II,4,data,80,73,A-,3.7,completed,1
STU0035,5,CSE 123,Computer Networks,4,networks,74,84,B,3.0,completed,1
STU0035,5,CSE 130,Programming Languages: Principles and Paradigms,4,systems,72,88,B,3.0,completed,1
STU0035,5,CSE 132A,Database System Principles,4,database,67,93,B-,2.7,completed,1
STU0035,5,DSC 80,The Practice and Application of Data Science,4,data,62,73,C+,2.3,completed,1
STU0035,5,ECE 109,Engineering Probability and Statistics,4,math,74,84,B,3.0,completed,1
STU0035,6,CSE 105,Theory of Computability,4,systems,90,75,A+,4.0,completed,1
STU0035,6,CSE 132B,Database Systems Applications,4,database,72,73,B,3.0,completed,1
STU0035,6,CSE 150A,Introduction to Artificial Intelligence: Probabilistic Reasoning and Decision-Making,4,ai,74,81,B,3.0,completed,1
STU0035,6,CSE 150B,Introduction to Artificial Intelligence: Search and Reasoning,4,ai,89,77,A,4.0,completed,1
STU0035,6,CSE 151A,Introduction to Machine Learning,4,ai,72,82,B,3.0,completed,1
STU0035,7,CSE 124,Networked Services,4,networks,71,87,B,3.0,current,1
STU0035,7,CSE 127,Introduction to Computer Security,4,security,65,89,B-,2.7,current,1
STU0035,7,CSE 131,Compiler Construction,4,systems,71,74,B,3.0,current,1
STU0035,7,CSE 158,Recommender Systems and Web Mining,4,ai,71,100,B,3.0,current,1
STU0035,7,MATH 188,Algebraic Combinatorics,4,math,69,81,B-,2.7,current,1
STU0036,1,CSE 11,Introduction to Computer Science and Object-Oriented Programming: Java,4,core,69,77,B-,2.7,completed,1
STU0036,1,CSE 5A,Introduction to Programming I,4,core,87,100,A,4.0,completed,1
STU0036,1,MATH 18,Linear Algebra,4,math,82,88,A-,3.7,completed,1
STU0036,1,MATH 20A,Calculus for Science and Engineering,4,math,67,94,B-,2.7,completed,1
STU0036,2,CSE 12,Basic Data Structures and Object-Oriented Design,4,core,61,76,C+,2.3,completed,1
STU0036,2,CSE 15L,Software Tools and Techniques Laboratory,2,lab,70,75,B,3.0,completed,1
STU0036,2,CSE 20,Discrete Mathematics,4,math,76,87,B+,3.3,completed,1
STU0036,2,CSE 21,Mathematics for Algorithms and Systems,4,core,66,79,B-,2.7,completed,1
STU0036,2,MATH 20B,Calculus for Science and Engineering,4,math,65,85,B-,2.7,completed,1
STU0036,3,CSE 100,Advanced Data Structures,4,core,67,67,B-,2.7,completed,1
STU0036,3,CSE 30,Computer Organization and Systems Programming,4,core,78,65,B+,3.3,completed,1
STU0036,3,MATH 154,Discrete Mathematics and Graph Theory,4,math,73,100,B,3.0,completed,1
STU0036,3,MATH 20C,Calculus and Analytic Geometry for Science and Engineering,4,math,81,88,A-,3.7,completed,1
STU0036,4,CSE 101,Design and Analysis of Algorithms,4,core,72,100,B,3.0,completed,1
STU0036,4,CSE 103,A Practical Introduction to Probability and Statistics,4,core,76,81,B+,3.3,completed,1
STU0036,4,CSE 110,Software Engineering,4,core,81,89,A-,3.7,completed,1
STU0036,4,DSC 40B,Theoretical Foundations of Data Science II,4,data,68,73,B-,2.7,completed,1
STU0036,5,CSE 120,Principles of Computer Operating Systems,4,systems,78,89,B+,3.3,current,1
STU0036,5,CSE 123,Computer Networks,4,networks,77,88,B+,3.3,current,1
STU0036,5,CSE 132A,Database System Principles,4,database,72,86,B,3.0,current,1
STU0036,5,DSC 80,The Practice and Application of Data Science,4,data,86,80,A,4.0,current,1
STU0036,5,MATH 183,Statistical Methods,4,math,71,81,B,3.0,current,1
STU0037,1,CSE 11,Introduction to Computer Science and Object-Oriented Programming: Java,4,core,78,73,B+,3.3,completed,1
STU0037,1,CSE 5A,Introduction to Programming I,4,core,74,88,B,3.0,completed,1
STU0037,1,MATH 18,Linear Algebra,4,math,84,79,A-,3.7,completed,1
STU0037,1,MATH 20A,Calculus for Science and Engineering,4,math,84,79,A-,3.7,completed,1
STU0037,2,CSE 12,Basic Data Structures and Object-Oriented Design,4,core,85,91,A,4.0,completed,1
STU0037,2,CSE 15L,Software Tools and Techniques Laboratory,2,lab,98,89,A+,4.0,completed,1
STU0037,2,CSE 20,Discrete Mathematics,4,math,75,77,B+,3.3,completed,1
STU0037,2,CSE 21,Mathematics for Algorithms and Systems,4,core,88,76,A,4.0,completed,1
STU0037,2,MATH 20B,Calculus for Science and Engineering,4,math,72,100,B,3.0,completed,1
STU0037,3,CSE 100,Advanced Data Structures,4,core,71,95,B,3.0,completed,1
STU0037,3,CSE 30,Computer Organization and Systems Programming,4,core,95,79,A+,4.0,completed,1
STU0037,3,MATH 154,Discrete Mathematics and Graph Theory,4,math,75,83,B+,3.3,completed,1
STU0037,3,MATH 20C,Calculus and Analytic Geometry for Science and Engineering,4,math,83,85,A-,3.7,completed,1
STU0037,4,CSE 101,Design and Analysis of Algorithms,4,core,69,79,B-,2.7,completed,1
STU0037,4,CSE 103,A Practical Introduction to Probability and Statistics,4,core,88,81,A,4.0,completed,1
STU0037,4,CSE 110,Software Engineering,4,core,83,97,A-,3.7,completed,1
STU0037,4,DSC 40B,Theoretical Foundations of Data Science II,4,data,74,85,B,3.0,completed,1
STU0037,5,CSE 123,Computer Networks,4,networks,82,69,A-,3.7,current,1
STU0037,5,CSE 132A,Database System Principles,4,database,89,65,A,4.0,current,1
STU0037,5,DSC 80,The Practice and Application of Data Science,4,data,77,87,B+,3.3,current,1
STU0037,5,ECE 109,Engineering Probability and Statistics,4,math,91,92,A+,4.0,current,1
STU0037,5,MATH 183,Statistical Methods,4,math,82,90,A-,3.7,current,1
STU0038,1,CSE 11,Introduction to Computer Science and Object-Oriented Programming: Java,4,core,98,80,A+,4.0,completed,1
STU0038,1,CSE 5A,Introduction to Programming I,4,core,84,89,A-,3.7,completed,1
STU0038,1,MATH 18,Linear Algebra,4,math,81,95,A-,3.7,completed,1
STU0038,1,MATH 20A,Calculus for Science and Engineering,4,math,63,96,C+,2.3,completed,1
STU0038,2,CSE 12,Basic Data Structures and Object-Oriented Design,4,core,85,91,A,4.0,completed,1
STU0038,2,CSE 15L,Software Tools and Techniques Laboratory,2,lab,98,94,A+,4.0,completed,1
STU0038,2,CSE 20,Discrete Mathematics,4,math,77,95,B+,3.3,completed,1
STU0038,2,CSE 21,Mathematics for Algorithms and Systems,4,core,67,89,B-,2.7,completed,1
STU0038,2,MATH 20B,Calculus for Science and Engineering,4,math,92,96,A+,4.0,completed,1
STU0038,3,CSE 100,Advanced Data Structures,4,core,73,60,B,3.0,completed,1
STU0038,3,CSE 30,Computer Organization and Systems Programming,4,core,78,80,B+,3.3,completed,1
STU0038,3,MATH 154,Discrete Mathematics and Graph Theory,4,math,74,80,B,3.0,completed,1
STU0038,3,MATH 20C,Calculus and Analytic Geometry for Science and Engineering,4,math,90,100,A+,4.0,completed,1
STU0038,4,CSE 101,Design and Analysis of Algorithms,4,core,77,100,B+,3.3,completed,1
STU0038,4,CSE 103,A Practical Introduction to Probability and Statistics,4,core,77,88,B+,3.3,completed,1
STU0038,4,CSE 110,Software Engineering,4,core,81,97,A-,3.7,completed,1
STU0038,4,DSC 40B,Theoretical Foundations of Data Science II,4,data,84,92,A-,3.7,completed,1
STU0038,5,CSE 120,Principles of Computer Operating Systems,4,systems,94,82,A+,4.0,completed,1
STU0038,5,CSE 123,Computer Networks,4,networks,86,65,A,4.0,completed,1
STU0038,5,CSE 130,Programming Languages: Principles and Paradigms,4,systems,89,63,A,4.0,completed,1
STU0038,5,CSE 132A,Database System Principles,4,database,85,96,A,4.0,completed,1
STU0038,5,DSC 80,The Practice and Application of Data Science,4,data,94,86,A+,4.0,completed,1
STU0038,6,CSE 105,Theory of Computability,4,systems,88,94,A,4.0,current,1
STU0038,6,CSE 132B,Database Systems Applications,4,database,82,100,A-,3.7,current,1
STU0038,6,CSE 150A,Introduction to Artificial Intelligence: Probabilistic Reasoning and Decision-Making,4,ai,88,76,A,4.0,current,1
STU0038,6,CSE 151A,Introduction to Machine Learning,4,ai,76,83,B+,3.3,current,1
STU0038,6,MATH 181A,Introduction to Mathematical Statistics I,4,math,89,98,A,4.0,current,1
STU0039,1,CSE 11,Introduction to Computer Science and Object-Oriented Programming: Java,4,core,66,63,B-,2.7,completed,1
STU0039,1,CSE 5A,Introduction to Programming I,4,core,91,74,A+,4.0,completed,1
STU0039,1,MATH 18,Linear Algebra,4,math,87,97,A,4.0,completed,1
STU0039,1,MATH 20A,Calculus for Science and Engineering,4,math,78,85,B+,3.3,completed,1
STU0039,2,CSE 12,Basic Data Structures and Object-Oriented Design,4,core,73,87,B,3.0,completed,1
STU0039,2,CSE 15L,Software Tools and Techniques Laboratory,2,lab,98,96,A+,4.0,completed,1
STU0039,2,CSE 20,Discrete Mathematics,4,math,67,80,B-,2.7,completed,1
STU0039,2,CSE 21,Mathematics for Algorithms and Systems,4,core,87,79,A,4.0,completed,1
STU0039,2,MATH 20B,Calculus for Science and Engineering,4,math,69,90,B-,2.7,completed,1
STU0039,3,CSE 100,Advanced Data Structures,4,core,77,82,B+,3.3,completed,1
STU0039,3,CSE 30,Computer Organization and Systems Programming,4,core,81,76,A-,3.7,completed,1
STU0039,3,MATH 154,Discrete Mathematics and Graph Theory,4,math,73,61,B,3.0,completed,1
STU0039,3,MATH 20C,Calculus and Analytic Geometry for Science and Engineering,4,math,76,97,B+,3.3,completed,1
STU0039,4,CSE 101,Design and Analysis of Algorithms,4,core,63,78,C+,2.3,completed,1
STU0039,4,CSE 103,A Practical Introduction to Probability and Statistics,4,core,74,90,B,3.0,completed,1
STU0039,4,CSE 110,Software Engineering,4,core,83,77,A-,3.7,completed,1
STU0039,4,DSC 40B,Theoretical Foundations of Data Science II,4,data,62,89,C+,2.3,completed,1
STU0039,5,CSE 120,Principles of Computer Operating Systems,4,systems,65,79,B-,2.7,completed,1
STU0039,5,CSE 123,Computer Networks,4,networks,75,77,B+,3.3,completed,1
STU0039,5,CSE 130,Programming Languages: Principles and Paradigms,4,systems,85,76,A,4.0,completed,1
STU0039,5,CSE 132A,Database System Principles,4,database,82,78,A-,3.7,completed,1
STU0039,5,DSC 80,The Practice and Application of Data Science,4,data,69,68,B-,2.7,completed,1
STU0039,6,CSE 105,Theory of Computability,4,systems,58,70,C,2.0,completed,1
STU0039,6,CSE 132B,Database Systems Applications,4,database,87,95,A,4.0,completed,1
STU0039,6,CSE 150A,Introduction to Artificial Intelligence: Probabilistic Reasoning and Decision-Making,4,ai,69,88,B-,2.7,completed,1
STU0039,6,CSE 150B,Introduction to Artificial Intelligence: Search and Reasoning,4,ai,55,66,C,2.0,completed,1
STU0039,6,MATH 181A,Introduction to Mathematical Statistics I,4,math,74,96,B,3.0,completed,1
STU0039,7,CSE 124,Networked Services,4,networks,78,80,B+,3.3,current,1
STU0039,7,CSE 127,Introduction to Computer Security,4,security,62,73,C+,2.3,current,1
STU0039,7,CSE 151B,Deep Learning,4,ai,67,74,B-,2.7,current,1
STU0039,7,CSE 152,Introduction to Computer Vision,4,ai,79,81,B+,3.3,current,1
STU0039,7,CSE 158,Recommender Systems and Web Mining,4,ai,77,88,B+,3.3,current,1
STU0040,1,CSE 11,Introduction to Computer Science and Object-Oriented Programming: Java,4,core,78,82,B+,3.3,completed,1
STU0040,1,CSE 5A,Introduction to Programming I,4,core,92,80,A+,4.0,completed,1
STU0040,1,MATH 18,Linear Algebra,4,math,79,86,B+,3.3,completed,1
STU0040,1,MATH 20A,Calculus for Science and Engineering,4,math,87,78,A,4.0,completed,1
STU0040,2,CSE 12,Basic Data Structures and Object-Oriented Design,4,core,66,68,B-,2.7,completed,1
STU0040,2,CSE 15L,Software Tools and Techniques Laboratory,2,lab,71,74,B,3.0,completed,1
STU0040,2,CSE 20,Discrete Mathematics,4,math,79,98,B+,3.3,completed,1
STU0040,2,CSE 21,Mathematics for Algorithms and Systems,4,core,81,75,A-,3.7,completed,1
STU0040,2,MATH 20B,Calculus for Science and Engineering,4,math,76,79,B+,3.3,completed,1
STU0040,3,CSE 100,Advanced Data Structures,4,core,74,86,B,3.0,completed,1
STU0040,3,CSE 30,Computer Organization and Systems Programming,4,core,86,91,A,4.0,completed,1
STU0040,3,MATH 154,Discrete Mathematics and Graph Theory,4,math,78,82,B+,3.3,completed,1
STU0040,3,MATH 20C,Calculus and Analytic Geometry for Science and Engineering,4,math,89,86,A,4.0,completed,1
STU0040,4,CSE 101,Design and Analysis of Algorithms,4,core,89,83,A,4.0,completed,1
STU0040,4,CSE 103,A Practical Introduction to Probability and Statistics,4,core,64,88,C+,2.3,completed,1
STU0040,4,CSE 110,Software Engineering,4,core,98,78,A+,4.0,completed,1
STU0040,4,DSC 40B,Theoretical Foundations of Data Science II,4,data,85,85,A,4.0,completed,1
STU0040,5,CSE 123,Computer Networks,4,networks,63,81,C+,2.3,completed,1
STU0040,5,CSE 130,Programming Languages: Principles and Paradigms,4,systems,96,84,A+,4.0,completed,1
STU0040,5,CSE 132A,Database System Principles,4,database,76,92,B+,3.3,completed,1
STU0040,5,DSC 80,The Practice and Application of Data Science,4,data,83,93,A-,3.7,completed,1
STU0040,5,ECE 109,Engineering Probability and Statistics,4,math,76,95,B+,3.3,completed,1
STU0040,6,CSE 105,Theory of Computability,4,systems,81,86,A-,3.7,completed,1
STU0040,6,CSE 132B,Database Systems Applications,4,database,91,99,A+,4.0,completed,1
STU0040,6,CSE 150B,Introduction to Artificial Intelligence: Search and Reasoning,4,ai,83,83,A-,3.7,completed,1
STU0040,6,CSE 151A,Introduction to Machine Learning,4,ai,74,100,B,3.0,completed,1
STU0040,6,MATH 181A,Introduction to Mathematical Statistics I,4,math,85,93,A,4.0,completed,1
STU0040,7,CSE 124,Networked Services,4,networks,98,92,A+,4.0,current,1
STU0040,7,CSE 127,Introduction to Computer Security,4,security,76,96,B+,3.3,current,1
STU0040,7,CSE 151B,Deep Learning,4,ai,83,87,A-,3.7,current,1
STU0040,7,CSE 152,Introduction to Computer Vision,4,ai,79,95,B+,3.3,current,1
STU0040,7,CSE 158,Recommender Systems and Web Mining,4,ai,79,69,B+,3.3,current,1
STU0041,1,CSE 11,Introduction to Computer Science and Object-Oriented Programming: Java,4,core,82,81,A-,3.7,completed,1
STU0041,1,CSE 5A,Introduction to Programming I,4,core,97,68,A+,4.0,completed,1
STU0041,1,MATH 18,Linear Algebra,4,math,74,81,B,3.0,completed,1
STU0041,1,MATH 20A,Calculus for Science and Engineering,4,math,86,83,A,4.0,completed,1
STU0041,2,CSE 12,Basic Data Structures and Object-Oriented Design,4,core,83,69,A-,3.7,completed,1
STU0041,2,CSE 15L,Software Tools and Techniques Laboratory,2,lab,78,80,B+,3.3,completed,1
STU0041,2,CSE 20,Discrete Mathematics,4,math,86,97,A,4.0,completed,1
STU0041,2,CSE 21,Mathematics for Algorithms and Systems,4,core,60,87,C+,2.3,completed,1
STU0041,2,MATH 20B,Calculus for Science and Engineering,4,math,75,65,B+,3.3,completed,1
STU0041,3,CSE 100,Advanced Data Structures,4,core,70,85,B,3.0,completed,1
STU0041,3,CSE 30,Computer Organization and Systems Programming,4,core,94,94,A+,4.0,completed,1
STU0041,3,MATH 154,Discrete Mathematics and Graph Theory,4,math,79,96,B+,3.3,completed,1
STU0041,3,MATH 20C,Calculus and Analytic Geometry for Science and Engineering,4,math,92,87,A+,4.0,completed,1
STU0041,4,CSE 101,Design and Analysis of Algorithms,4,core,83,100,A-,3.7,completed,1
STU0041,4,CSE 103,A Practical Introduction to Probability and Statistics,4,core,83,67,A-,3.7,completed,1
STU0041,4,CSE 110,Software Engineering,4,core,85,97,A,4.0,completed,1
STU0041,4,DSC 40B,Theoretical Foundations of Data Science II,4,data,80,83,A-,3.7,completed,1
STU0041,5,CSE 120,Principles of Computer Operating Systems,4,systems,82,76,A-,3.7,completed,1
STU0041,5,CSE 123,Computer Networks,4,networks,98,88,A+,4.0,completed,1
STU0041,5,CSE 132A,Database System Principles,4,database,80,96,A-,3.7,completed,1
STU0041,5,ECE 109,Engineering Probability and Statistics,4,math,83,93,A-,3.7,completed,1
STU0041,5,MATH 183,Statistical Methods,4,math,78,87,B+,3.3,completed,1
STU0041,6,CSE 132B,Database Systems Applications,4,database,86,72,A,4.0,current,1
STU0041,6,CSE 150A,Introduction to Artificial Intelligence: Probabilistic Reasoning and Decision-Making,4,ai,88,76,A,4.0,current,1
STU0041,6,CSE 150B,Introduction to Artificial Intelligence: Search and Reasoning,4,ai,88,85,A,4.0,current,1
STU0041,6,CSE 151A,Introduction to Machine Learning,4,ai,85,79,A,4.0,current,1
STU0041,6,MATH 181A,Introduction to Mathematical Statistics I,4,math,70,82,B,3.0,current,1
STU0042,1,CSE 11,Introduction to Computer Science and Object-Oriented Programming: Java,4,core,76,100,B+,3.3,completed,1
STU0042,1,CSE 5A,Introduction to Programming I,4,core,78,84,B+,3.3,completed,1
STU0042,1,MATH 18,Linear Algebra,4,math,97,88,A+,4.0,completed,1
STU0042,1,MATH 20A,Calculus for Science and Engineering,4,math,77,80,B+,3.3,completed,1
STU0042,2,CSE 12,Basic Data Structures and Object-Oriented Design,4,core,95,99,A+,4.0,completed,1
STU0042,2,CSE 15L,Software Tools and Techniques Laboratory,2,lab,76,85,B+,3.3,completed,1
STU0042,2,CSE 20,Discrete Mathematics,4,math,93,97,A+,4.0,completed,1
STU0042,2,CSE 21,Mathematics for Algorithms and Systems,4,core,84,77,A-,3.7,completed,1
STU0042,2,MATH 20B,Calculus for Science and Engineering,4,math,82,86,A-,3.7,completed,1
STU0042,3,CSE 100,Advanced Data Structures,4,core,74,77,B,3.0,completed,1
STU0042,3,CSE 30,Computer Organization and Systems Programming,4,core,88,85,A,4.0,completed,1
STU0042,3,MATH 154,Discrete Mathematics and Graph Theory,4,math,89,81,A,4.0,completed,1
STU0042,3,MATH 20C,Calculus and Analytic Geometry for Science and Engineering,4,math,80,84,A-,3.7,completed,1
STU0042,4,CSE 101,Design and Analysis of Algorithms,4,core,98,81,A+,4.0,current,1
STU0042,4,CSE 103,A Practical Introduction to Probability and Statistics,4,core,96,84,A+,4.0,current,1
STU0042,4,CSE 110,Software Engineering,4,core,86,100,A,4.0,current,1
STU0042,4,DSC 40B,Theoretical Foundations of Data Science II,4,data,73,69,B,3.0,current,1
STU0043,1,CSE 11,Introduction to Computer Science and Object-Oriented Programming: Java,4,core,89,78,A,4.0,completed,1
STU0043,1,CSE 5A,Introduction to Programming I,4,core,86,83,A,4.0,completed,1
STU0043,1,MATH 18,Linear Algebra,4,math,72,83,B,3.0,completed,1
STU0043,1,MATH 20A,Calculus for Science and Engineering,4,math,79,84,B+,3.3,completed,1
STU0043,2,CSE 12,Basic Data Structures and Object-Oriented Design,4,core,82,87,A-,3.7,completed,1
STU0043,2,CSE 15L,Software Tools and Techniques Laboratory,2,lab,79,93,B+,3.3,completed,1
STU0043,2,CSE 20,Discrete Mathematics,4,math,88,100,A,4.0,completed,1
STU0043,2,CSE 21,Mathematics for Algorithms and Systems,4,core,98,83,A+,4.0,completed,1
STU0043,2,MATH 20B,Calculus for Science and Engineering,4,math,89,85,A,4.0,completed,1
STU0043,3,CSE 100,Advanced Data Structures,4,core,79,73,B+,3.3,completed,1
STU0043,3,CSE 30,Computer Organization and Systems Programming,4,core,83,96,A-,3.7,completed,1
STU0043,3,MATH 154,Discrete Mathematics and Graph Theory,4,math,89,98,A,4.0,completed,1
STU0043,3,MATH 20C,Calculus and Analytic Geometry for Science and Engineering,4,math,89,71,A,4.0,completed,1
STU0043,4,CSE 101,Design and Analysis of Algorithms,4,core,83,98,A-,3.7,completed,1
STU0043,4,CSE 103,A Practical Introduction to Probability and Statistics,4,core,86,71,A,4.0,completed,1
STU0043,4,CSE 110,Software Engineering,4,core,68,75,B-,2.7,completed,1
STU0043,4,DSC 40B,Theoretical Foundations of Data Science II,4,data,76,86,B+,3.3,completed,1
STU0043,5,CSE 120,Principles of Computer Operating Systems,4,systems,58,89,C,2.0,current,1
STU0043,5,CSE 123,Computer Networks,4,networks,83,90,A-,3.7,current,1
STU0043,5,CSE 130,Programming Languages: Principles and Paradigms,4,systems,91,94,A+,4.0,current,1
STU0043,5,CSE 132A,Database System Principles,4,database,96,89,A+,4.0,current,1
STU0043,5,ECE 109,Engineering Probability and Statistics,4,math,84,86,A-,3.7,current,1
STU0044,1,CSE 11,Introduction to Computer Science and Object-Oriented Programming: Java,4,core,69,85,B-,2.7,completed,1
STU0044,1,CSE 5A,Introduction to Programming I,4,core,76,76,B+,3.3,completed,1
STU0044,1,MATH 18,Linear Algebra,4,math,81,79,A-,3.7,completed,1
STU0044,1,MATH 20A,Calculus for Science and Engineering,4,math,91,68,A+,4.0,completed,1
STU0044,2,CSE 12,Basic Data Structures and Object-Oriented Design,4,core,78,100,B+,3.3,completed,1
STU0044,2,CSE 15L,Software Tools and Techniques Laboratory,2,lab,68,73,B-,2.7,completed,1
STU0044,2,CSE 20,Discrete Mathematics,4,math,76,75,B+,3.3,completed,1
STU0044,2,CSE 21,Mathematics for Algorithms and Systems,4,core,67,99,B-,2.7,completed,1
STU0044,2,MATH 20B,Calculus for Science and Engineering,4,math,75,84,B+,3.3,completed,1
STU0044,3,CSE 100,Advanced Data Structures,4,core,63,93,C+,2.3,current,1
STU0044,3,CSE 30,Computer Organization and Systems Programming,4,core,85,76,A,4.0,current,1
STU0044,3,MATH 154,Discrete Mathematics and Graph Theory,4,math,92,76,A+,4.0,current,1
STU0044,3,MATH 20C,Calculus and Analytic Geometry for Science and Engineering,4,math,77,100,B+,3.3,current,1
STU0045,1,CSE 11,Introduction to Computer Science and Object-Oriented Programming: Java,4,core,81,72,A-,3.7,completed,1
STU0045,1,CSE 5A,Introduction to Programming I,4,core,87,93,A,4.0,completed,1
STU0045,1,MATH 18,Linear Algebra,4,math,74,92,B,3.0,completed,1
STU0045,1,MATH 20A,Calculus for Science and Engineering,4,math,85,96,A,4.0,completed,1
STU0045,2,CSE 12,Basic Data Structures and Object-Oriented Design,4,core,92,80,A+,4.0,completed,1
STU0045,2,CSE 15L,Software Tools and Techniques Laboratory,2,lab,70,82,B,3.0,completed,1
STU0045,2,CSE 20,Discrete Mathematics,4,math,98,94,A+,4.0,completed,1
STU0045,2,CSE 21,Mathematics for Algorithms and Systems,4,core,92,82,A+,4.0,completed,1
STU0045,2,MATH 20B,Calculus for Science and Engineering,4,math,78,70,B+,3.3,completed,1
STU0045,3,CSE 100,Advanced Data Structures,4,core,98,92,A+,4.0,current,1
STU0045,3,CSE 30,Computer Organization and Systems Programming,4,core,83,83,A-,3.7,current,1
STU0045,3,MATH 154,Discrete Mathematics and Graph Theory,4,math,90,84,A+,4.0,current,1
STU0045,3,MATH 20C,Calculus and Analytic Geometry for Science and Engineering,4,math,91,95,A+,4.0,current,1
STU0046,1,CSE 11,Introduction to Computer Science and Object-Oriented Programming: Java,4,core,82,85,A-,3.7,completed,1
STU0046,1,CSE 5A,Introduction to Programming I,4,core,80,78,A-,3.7,completed,1
STU0046,1,MATH 18,Linear Algebra,4,math,77,98,B+,3.3,completed,1
STU0046,1,MATH 20A,Calculus for Science and Engineering,4,math,81,80,A-,3.7,completed,1
STU0046,2,CSE 12,Basic Data Structures and Object-Oriented Design,4,core,77,95,B+,3.3,completed,1
STU0046,2,CSE 15L,Software Tools and Techniques Laboratory,2,lab,88,90,A,4.0,completed,1
STU0046,2,CSE 20,Discrete Mathematics,4,math,90,93,A+,4.0,completed,1
STU0046,2,CSE 21,Mathematics for Algorithms and Systems,4,core,79,90,B+,3.3,completed,1
STU0046,2,MATH 20B,Calculus for Science and Engineering,4,math,76,83,B+,3.3,completed,1
STU0046,3,CSE 100,Advanced Data Structures,4,core,69,79,B-,2.7,current,1
STU0046,3,CSE 30,Computer Organization and Systems Programming,4,core,64,88,C+,2.3,current,1
STU0046,3,MATH 154,Discrete Mathematics and Graph Theory,4,math,82,100,A-,3.7,current,1
STU0046,3,MATH 20C,Calculus and Analytic Geometry for Science and Engineering,4,math,73,77,B,3.0,current,1
STU0047,1,CSE 11,Introduction to Computer Science and Object-Oriented Programming: Java,4,core,85,91,A,4.0,completed,1
STU0047,1,CSE 5A,Introduction to Programming I,4,core,78,82,B+,3.3,completed,1
STU0047,1,MATH 18,Linear Algebra,4,math,84,74,A-,3.7,completed,1
STU0047,1,MATH 20A,Calculus for Science and Engineering,4,math,64,86,C+,2.3,completed,1
STU0047,2,CSE 12,Basic Data Structures and Object-Oriented Design,4,core,95,100,A+,4.0,completed,1
STU0047,2,CSE 15L,Software Tools and Techniques Laboratory,2,lab,63,100,C+,2.3,completed,1
STU0047,2,CSE 20,Discrete Mathematics,4,math,82,82,A-,3.7,completed,1
STU0047,2,CSE 21,Mathematics for Algorithms and Systems,4,core,70,92,B,3.0,completed,1
STU0047,2,MATH 20B,Calculus for Science and Engineering,4,math,87,74,A,4.0,completed,1
STU0047,3,CSE 100,Advanced Data Structures,4,core,83,90,A-,3.7,completed,1
STU0047,3,CSE 30,Computer Organization and Systems Programming,4,core,76,93,B+,3.3,completed,1
STU0047,3,MATH 154,Discrete Mathematics and Graph Theory,4,math,89,84,A,4.0,completed,1
STU0047,3,MATH 20C,Calculus and Analytic Geometry for Science and Engineering,4,math,83,85,A-,3.7,completed,1
STU0047,4,CSE 101,Design and Analysis of Algorithms,4,core,73,78,B,3.0,completed,1
STU0047,4,CSE 103,A Practical Introduction to Probability and Statistics,4,core,72,74,B,3.0,completed,1
STU0047,4,CSE 110,Software Engineering,4,core,85,92,A,4.0,completed,1
STU0047,4,DSC 40B,Theoretical Foundations of Data Science II,4,data,77,96,B+,3.3,completed,1
STU0047,5,CSE 120,Principles of Computer Operating Systems,4,systems,78,88,B+,3.3,completed,1
STU0047,5,CSE 130,Programming Languages: Principles and Paradigms,4,systems,65,97,B-,2.7,completed,1
STU0047,5,CSE 132A,Database System Principles,4,database,98,73,A+,4.0,completed,1
STU0047,5,DSC 80,The Practice and Application of Data Science,4,data,84,76,A-,3.7,completed,1
STU0047,5,MATH 183,Statistical Methods,4,math,70,70,B,3.0,completed,1
STU0047,6,CSE 132B,Database Systems Applications,4,database,66,78,B-,2.7,current,1
STU0047,6,CSE 150A,Introduction to Artificial Intelligence: Probabilistic Reasoning and Decision-Making,4,ai,81,84,A-,3.7,current,1
STU0047,6,CSE 150B,Introduction to Artificial Intelligence: Search and Reasoning,4,ai,87,83,A,4.0,current,1
STU0047,6,CSE 151A,Introduction to Machine Learning,4,ai,67,86,B-,2.7,current,1
STU0047,6,MATH 181A,Introduction to Mathematical Statistics I,4,math,86,90,A,4.0,current,1
STU0048,1,CSE 11,Introduction to Computer Science and Object-Oriented Programming: Java,4,core,67,92,B-,2.7,completed,1
STU0048,1,CSE 5A,Introduction to Programming I,4,core,65,92,B-,2.7,completed,1
STU0048,1,MATH 18,Linear Algebra,4,math,85,78,A,4.0,completed,1
STU0048,1,MATH 20A,Calculus for Science and Engineering,4,math,79,75,B+,3.3,completed,1
STU0048,2,CSE 12,Basic Data Structures and Object-Oriented Design,4,core,73,79,B,3.0,completed,1
STU0048,2,CSE 15L,Software Tools and Techniques Laboratory,2,lab,78,93,B+,3.3,completed,1
STU0048,2,CSE 20,Discrete Mathematics,4,math,95,83,A+,4.0,completed,1
STU0048,2,CSE 21,Mathematics for Algorithms and Systems,4,core,78,72,B+,3.3,completed,1
STU0048,2,MATH 20B,Calculus for Science and Engineering,4,math,83,79,A-,3.7,completed,1
STU0048,3,CSE 100,Advanced Data Structures,4,core,86,77,A,4.0,completed,1
STU0048,3,CSE 30,Computer Organization and Systems Programming,4,core,94,74,A+,4.0,completed,1
STU0048,3,MATH 154,Discrete Mathematics and Graph Theory,4,math,95,97,A+,4.0,completed,1
STU0048,3,MATH 20C,Calculus and Analytic Geometry for Science and Engineering,4,math,58,86,C,2.0,completed,1
STU0048,4,CSE 101,Design and Analysis of Algorithms,4,core,72,77,B,3.0,completed,1
STU0048,4,CSE 103,A Practical Introduction to Probability and Statistics,4,core,80,72,A-,3.7,completed,1
STU0048,4,CSE 110,Software Engineering,4,core,86,90,A,4.0,completed,1
STU0048,4,DSC 40B,Theoretical Foundations of Data Science II,4,data,80,71,A-,3.7,completed,1
STU0048,5,CSE 120,Principles of Computer Operating Systems,4,systems,71,98,B,3.0,completed,1
STU0048,5,CSE 123,Computer Networks,4,networks,75,82,B+,3.3,completed,1
STU0048,5,CSE 130,Programming Languages: Principles and Paradigms,4,systems,87,83,A,4.0,completed,1
STU0048,5,CSE 132A,Database System Principles,4,database,62,96,C+,2.3,completed,1
STU0048,5,MATH 183,Statistical Methods,4,math,80,98,A-,3.7,completed,1
STU0048,6,CSE 105,Theory of Computability,4,systems,59,88,C,2.0,current,1
STU0048,6,CSE 132B,Database Systems Applications,4,database,95,72,A+,4.0,current,1
STU0048,6,CSE 150A,Introduction to Artificial Intelligence: Probabilistic Reasoning and Decision-Making,4,ai,77,85,B+,3.3,current,1
STU0048,6,CSE 150B,Introduction to Artificial Intelligence: Search and Reasoning,4,ai,76,77,B+,3.3,current,1
STU0048,6,MATH 181A,Introduction to Mathematical Statistics I,4,math,75,60,B+,3.3,current,1
STU0049,1,CSE 11,Introduction to Computer Science and Object-Oriented Programming: Java,4,core,79,84,B+,3.3,completed,1
STU0049,1,CSE 5A,Introduction to Programming I,4,core,78,79,B+,3.3,completed,1
STU0049,1,MATH 18,Linear Algebra,4,math,82,77,A-,3.7,completed,1
STU0049,1,MATH 20A,Calculus for Science and Engineering,4,math,74,85,B,3.0,completed,1
STU0049,2,CSE 12,Basic Data Structures and Object-Oriented Design,4,core,98,83,A+,4.0,completed,1
STU0049,2,CSE 15L,Software Tools and Techniques Laboratory,2,lab,94,82,A+,4.0,completed,1
STU0049,2,CSE 20,Discrete Mathematics,4,math,94,86,A+,4.0,completed,1
STU0049,2,CSE 21,Mathematics for Algorithms and Systems,4,core,82,72,A-,3.7,completed,1
STU0049,2,MATH 20B,Calculus for Science and Engineering,4,math,76,86,B+,3.3,completed,1
STU0049,3,CSE 100,Advanced Data Structures,4,core,73,73,B,3.0,completed,1
STU0049,3,CSE 30,Computer Organization and Systems Programming,4,core,98,80,A+,4.0,completed,1
STU0049,3,MATH 154,Discrete Mathematics and Graph Theory,4,math,94,84,A+,4.0,completed,1
STU0049,3,MATH 20C,Calculus and Analytic Geometry for Science and Engineering,4,math,92,90,A+,4.0,completed,1
STU0049,4,CSE 101,Design and Analysis of Algorithms,4,core,77,95,B+,3.3,completed,1
STU0049,4,CSE 103,A Practical Introduction to Probability and Statistics,4,core,98,91,A+,4.0,completed,1
STU0049,4,CSE 110,Software Engineering,4,core,86,100,A,4.0,completed,1
STU0049,4,DSC 40B,Theoretical Foundations of Data Science II,4,data,66,82,B-,2.7,completed,1
STU0049,5,CSE 120,Principles of Computer Operating Systems,4,systems,85,78,A,4.0,completed,1
STU0049,5,CSE 123,Computer Networks,4,networks,76,85,B+,3.3,completed,1
STU0049,5,CSE 130,Programming Languages: Principles and Paradigms,4,systems,60,73,C+,2.3,completed,1
STU0049,5,CSE 132A,Database System Principles,4,database,93,88,A+,4.0,completed,1
STU0049,5,ECE 109,Engineering Probability and Statistics,4,math,89,87,A,4.0,completed,1
STU0049,6,CSE 105,Theory of Computability,4,systems,69,83,B-,2.7,current,1
STU0049,6,CSE 150A,Introduction to Artificial Intelligence: Probabilistic Reasoning and Decision-Making,4,ai,82,73,A-,3.7,current,1
STU0049,6,CSE 150B,Introduction to Artificial Intelligence: Search and Reasoning,4,ai,71,83,B,3.0,current,1
STU0049,6,CSE 151A,Introduction to Machine Learning,4,ai,83,83,A-,3.7,current,1
STU0049,6,MATH 181A,Introduction to Mathematical Statistics I,4,math,83,94,A-,3.7,current,1
STU0050,1,CSE 11,Introduction to Computer Science and Object-Oriented Programming: Java,4,core,87,97,A,4.0,completed,1
STU0050,1,CSE 5A,Introduction to Programming I,4,core,75,73,B+,3.3,completed,1
STU0050,1,MATH 18,Linear Algebra,4,math,71,83,B,3.0,completed,1
STU0050,1,MATH 20A,Calculus for Science and Engineering,4,math,88,75,A,4.0,completed,1
STU0050,2,CSE 12,Basic Data Structures and Object-Oriented Design,4,core,75,79,B+,3.3,completed,1
STU0050,2,CSE 15L,Software Tools and Techniques Laboratory,2,lab,73,81,B,3.0,completed,1
STU0050,2,CSE 20,Discrete Mathematics,4,math,76,84,B+,3.3,completed,1
STU0050,2,CSE 21,Mathematics for Algorithms and Systems,4,core,90,86,A+,4.0,completed,1
STU0050,2,MATH 20B,Calculus for Science and Engineering,4,math,98,85,A+,4.0,completed,1
STU0050,3,CSE 100,Advanced Data Structures,4,core,65,91,B-,2.7,current,1
STU0050,3,CSE 30,Computer Organization and Systems Programming,4,core,87,86,A,4.0,current,1
STU0050,3,MATH 154,Discrete Mathematics and Graph Theory,4,math,98,76,A+,4.0,current,1
STU0050,3,MATH 20C,Calculus and Analytic Geometry for Science and Engineering,4,math,81,88,A-,3.7,current,1
STU0051,1,CSE 11,Introduction to Computer Science and Object-Oriented Programming: Java,4,core,75,89,B+,3.3,completed,1
STU0051,1,CSE 5A,Introduction to Programming I,4,core,77,88,B+,3.3,completed,1
STU0051,1,MATH 18,Linear Algebra,4,math,91,76,A+,4.0,completed,1
STU0051,1,MATH 20A,Calculus for Science and Engineering,4,math,80,83,A-,3.7,completed,1
STU0051,2,CSE 12,Basic Data Structures and Object-Oriented Design,4,core,94,98,A+,4.0,completed,1
STU0051,2,CSE 15L,Software Tools and Techniques Laboratory,2,lab,79,95,B+,3.3,completed,1
STU0051,2,CSE 20,Discrete Mathematics,4,math,79,100,B+,3.3,completed,1
STU0051,2,CSE 21,Mathematics for Algorithms and Systems,4,core,78,100,B+,3.3,completed,1
STU0051,2,MATH 20B,Calculus for Science and Engineering,4,math,75,99,B+,3.3,completed,1
STU0051,3,CSE 100,Advanced Data Structures,4,core,85,94,A,4.0,completed,1
STU0051,3,CSE 30,Computer Organization and Systems Programming,4,core,94,86,A+,4.0,completed,1
STU0051,3,MATH 154,Discrete Mathematics and Graph Theory,4,math,80,94,A-,3.7,completed,1
STU0051,3,MATH 20C,Calculus and Analytic Geometry for Science and Engineering,4,math,90,78,A+,4.0,completed,1
STU0051,4,CSE 101,Design and Analysis of Algorithms,4,core,78,89,B+,3.3,completed,1
STU0051,4,CSE 103,A Practical Introduction to Probability and Statistics,4,core,86,75,A,4.0,completed,1
STU0051,4,CSE 110,Software Engineering,4,core,96,100,A+,4.0,completed,1
STU0051,4,DSC 40B,Theoretical Foundations of Data Science II,4,data,92,89,A+,4.0,completed,1
STU0051,5,CSE 120,Principles of Computer Operating Systems,4,systems,83,80,A-,3.7,current,1
STU0051,5,CSE 123,Computer Networks,4,networks,87,92,A,4.0,current,1
STU0051,5,CSE 132A,Database System Principles,4,database,79,87,B+,3.3,current,1
STU0051,5,DSC 80,The Practice and Application of Data Science,4,data,88,93,A,4.0,current,1
STU0051,5,MATH 183,Statistical Methods,4,math,91,92,A+,4.0,current,1
STU0052,1,CSE 11,Introduction to Computer Science and Object-Oriented Programming: Java,4,core,75,100,B+,3.3,completed,1
STU0052,1,CSE 5A,Introduction to Programming I,4,core,84,82,A-,3.7,completed,1
STU0052,1,MATH 18,Linear Algebra,4,math,73,86,B,3.0,completed,1
STU0052,1,MATH 20A,Calculus for Science and Engineering,4,math,75,85,B+,3.3,completed,1
STU0052,2,CSE 12,Basic Data Structures and Object-Oriented Design,4,core,93,85,A+,4.0,completed,1
STU0052,2,CSE 15L,Software Tools and Techniques Laboratory,2,lab,79,74,B+,3.3,completed,1
STU0052,2,CSE 20,Discrete Mathematics,4,math,98,80,A+,4.0,completed,1
STU0052,2,CSE 21,Mathematics for Algorithms and Systems,4,core,81,81,A-,3.7,completed,1
STU0052,2,MATH 20B,Calculus for Science and Engineering,4,math,71,76,B,3.0,completed,1
STU0052,3,CSE 100,Advanced Data Structures,4,core,71,86,B,3.0,completed,1
STU0052,3,CSE 30,Computer Organization and Systems Programming,4,core,82,89,A-,3.7,completed,1
STU0052,3,MATH 154,Discrete Mathematics and Graph Theory,4,math,76,88,B+,3.3,completed,1
STU0052,3,MATH 20C,Calculus and Analytic Geometry for Science and Engineering,4,math,64,76,C+,2.3,completed,1
STU0052,4,CSE 101,Design and Analysis of Algorithms,4,core,69,72,B-,2.7,completed,1
STU0052,4,CSE 103,A Practical Introduction to Probability and Statistics,4,core,69,77,B-,2.7,completed,1
STU0052,4,CSE 110,Software Engineering,4,core,86,89,A,4.0,completed,1
STU0052,4,DSC 40B,Theoretical Foundations of Data Science II,4,data,86,83,A,4.0,completed,1
STU0052,5,CSE 130,Programming Languages: Principles and Paradigms,4,systems,65,75,B-,2.7,completed,1
STU0052,5,CSE 132A,Database System Principles,4,database,63,76,C+,2.3,completed,1
STU0052,5,DSC 80,The Practice and Application of Data Science,4,data,82,89,A-,3.7,completed,1
STU0052,5,ECE 109,Engineering Probability and Statistics,4,math,70,79,B,3.0,completed,1
STU0052,5,MATH 183,Statistical Methods,4,math,65,74,B-,2.7,completed,1
STU0052,6,CSE 105,Theory of Computability,4,systems,78,87,B+,3.3,completed,1
STU0052,6,CSE 132B,Database Systems Applications,4,database,72,93,B,3.0,completed,1
STU0052,6,CSE 150A,Introduction to Artificial Intelligence: Probabilistic Reasoning and Decision-Making,4,ai,77,92,B+,3.3,completed,1
STU0052,6,CSE 151A,Introduction to Machine Learning,4,ai,85,79,A,4.0,completed,1
STU0052,6,MATH 181A,Introduction to Mathematical Statistics I,4,math,74,93,B,3.0,completed,1
STU0052,7,CSE 127,Introduction to Computer Security,4,security,67,82,B-,2.7,current,1
STU0052,7,CSE 131,Compiler Construction,4,systems,84,95,A-,3.7,current,1
STU0052,7,CSE 151B,Deep Learning,4,ai,74,66,B,3.0,current,1
STU0052,7,CSE 158,Recommender Systems and Web Mining,4,ai,62,100,C+,2.3,current,1
STU0052,7,MATH 188,Algebraic Combinatorics,4,math,79,77,B+,3.3,current,1
STU0053,1,CSE 11,Introduction to Computer Science and Object-Oriented Programming: Java,4,core,70,86,B,3.0,completed,1
STU0053,1,CSE 5A,Introduction to Programming I,4,core,84,74,A-,3.7,completed,1
STU0053,1,MATH 18,Linear Algebra,4,math,82,71,A-,3.7,completed,1
STU0053,1,MATH 20A,Calculus for Science and Engineering,4,math,84,88,A-,3.7,completed,1
STU0053,2,CSE 12,Basic Data Structures and Object-Oriented Design,4,core,76,84,B+,3.3,completed,1
STU0053,2,CSE 15L,Software Tools and Techniques Laboratory,2,lab,78,84,B+,3.3,completed,1
STU0053,2,CSE 20,Discrete Mathematics,4,math,84,81,A-,3.7,completed,1
STU0053,2,CSE 21,Mathematics for Algorithms and Systems,4,core,66,69,B-,2.7,completed,1
STU0053,2,MATH 20B,Calculus for Science and Engineering,4,math,82,83,A-,3.7,completed,1
STU0053,3,CSE 100,Advanced Data Structures,4,core,66,78,B-,2.7,completed,1
STU0053,3,CSE 30,Computer Organization and Systems Programming,4,core,68,96,B-,2.7,completed,1
STU0053,3,MATH 154,Discrete Mathematics and Graph Theory,4,math,71,84,B,3.0,completed,1
STU0053,3,MATH 20C,Calculus and Analytic Geometry for Science and Engineering,4,math,61,90,C+,2.3,completed,1
STU0053,4,CSE 101,Design and Analysis of Algorithms,4,core,77,96,B+,3.3,completed,1
STU0053,4,CSE 103,A Practical Introduction to Probability and Statistics,4,core,75,71,B+,3.3,completed,1
STU0053,4,CSE 110,Software Engineering,4,core,70,85,B,3.0,completed,1
STU0053,4,DSC 40B,Theoretical Foundations of Data Science II,4,data,49,81,D,1.0,completed,1
STU0053,5,CSE 120,Principles of Computer Operating Systems,4,systems,81,93,A-,3.7,completed,1
STU0053,5,CSE 123,Computer Networks,4,networks,55,74,C,2.0,completed,1
STU0053,5,CSE 130,Programming Languages: Principles and Paradigms,4,systems,60,90,C+,2.3,completed,1
STU0053,5,CSE 132A,Database System Principles,4,database,70,97,B,3.0,completed,1
STU0053,5,ECE 109,Engineering Probability and Statistics,4,math,67,90,B-,2.7,completed,1
STU0053,6,CSE 105,Theory of Computability,4,systems,67,86,B-,2.7,completed,1
STU0053,6,CSE 132B,Database Systems Applications,4,database,83,90,A-,3.7,completed,1
STU0053,6,CSE 150A,Introduction to Artificial Intelligence: Probabilistic Reasoning and Decision-Making,4,ai,72,100,B,3.0,completed,1
STU0053,6,CSE 150B,Introduction to Artificial Intelligence: Search and Reasoning,4,ai,65,85,B-,2.7,completed,1
STU0053,6,CSE 151A,Introduction to Machine Learning,4,ai,70,77,B,3.0,completed,1
STU0053,7,CSE 124,Networked Services,4,networks,73,75,B,3.0,current,1
STU0053,7,CSE 127,Introduction to Computer Security,4,security,74,89,B,3.0,current,1
STU0053,7,CSE 131,Compiler Construction,4,systems,76,80,B+,3.3,current,1
STU0053,7,CSE 151B,Deep Learning,4,ai,60,83,C+,2.3,current,1
STU0053,7,CSE 158,Recommender Systems and Web Mining,4,ai,81,88,A-,3.7,current,1
STU0054,1,CSE 11,Introduction to Computer Science and Object-Oriented Programming: Java,4,core,83,85,A-,3.7,completed,1
STU0054,1,CSE 5A,Introduction to Programming I,4,core,81,90,A-,3.7,completed,1
STU0054,1,MATH 18,Linear Algebra,4,math,83,83,A-,3.7,completed,1
STU0054,1,MATH 20A,Calculus for Science and Engineering,4,math,66,82,B-,2.7,completed,1
STU0054,2,CSE 12,Basic Data Structures and Object-Oriented Design,4,core,73,71,B,3.0,completed,1
STU0054,2,CSE 15L,Software Tools and Techniques Laboratory,2,lab,80,93,A-,3.7,completed,1
STU0054,2,CSE 20,Discrete Mathematics,4,math,85,87,A,4.0,completed,1
STU0054,2,CSE 21,Mathematics for Algorithms and Systems,4,core,98,93,A+,4.0,completed,1
STU0054,2,MATH 20B,Calculus for Science and Engineering,4,math,70,84,B,3.0,completed,1
STU0054,3,CSE 100,Advanced Data Structures,4,core,80,61,A-,3.7,completed,1
STU0054,3,CSE 30,Computer Organization and Systems Programming,4,core,90,78,A+,4.0,completed,1
STU0054,3,MATH 154,Discrete Mathematics and Graph Theory,4,math,83,89,A-,3.7,completed,1
STU0054,3,MATH 20C,Calculus and Analytic Geometry for Science and Engineering,4,math,88,77,A,4.0,completed,1
STU0054,4,CSE 101,Design and Analysis of Algorithms,4,core,74,87,B,3.0,completed,1
STU0054,4,CSE 103,A Practical Introduction to Probability and Statistics,4,core,77,81,B+,3.3,completed,1
STU0054,4,CSE 110,Software Engineering,4,core,82,65,A-,3.7,completed,1
STU0054,4,DSC 40B,Theoretical Foundations of Data Science II,4,data,85,77,A,4.0,completed,1
STU0054,5,CSE 120,Principles of Computer Operating Systems,4,systems,69,80,B-,2.7,completed,1
STU0054,5,CSE 123,Computer Networks,4,networks,83,80,A-,3.7,completed,1
STU0054,5,CSE 132A,Database System Principles,4,database,85,89,A,4.0,completed,1
STU0054,5,DSC 80,The Practice and Application of Data Science,4,data,88,83,A,4.0,completed,1
STU0054,5,MATH 183,Statistical Methods,4,math,74,83,B,3.0,completed,1
STU0054,6,CSE 105,Theory of Computability,4,systems,66,81,B-,2.7,current,1
STU0054,6,CSE 132B,Database Systems Applications,4,database,80,69,A-,3.7,current,1
STU0054,6,CSE 150A,Introduction to Artificial Intelligence: Probabilistic Reasoning and Decision-Making,4,ai,84,78,A-,3.7,current,1
STU0054,6,CSE 151A,Introduction to Machine Learning,4,ai,70,79,B,3.0,current,1
STU0054,6,MATH 181A,Introduction to Mathematical Statistics I,4,math,73,91,B,3.0,current,1
STU0055,1,CSE 11,Introduction to Computer Science and Object-Oriented Programming: Java,4,core,96,89,A+,4.0,completed,1
STU0055,1,CSE 5A,Introduction to Programming I,4,core,78,75,B+,3.3,completed,1
STU0055,1,MATH 18,Linear Algebra,4,math,63,86,C+,2.3,completed,1
STU0055,1,MATH 20A,Calculus for Science and Engineering,4,math,81,65,A-,3.7,completed,1
STU0055,2,CSE 12,Basic Data Structures and Object-Oriented Design,4,core,82,86,A-,3.7,completed,1
STU0055,2,CSE 15L,Software Tools and Techniques Laboratory,2,lab,90,86,A+,4.0,completed,1
STU0055,2,CSE 20,Discrete Mathematics,4,math,72,100,B,3.0,completed,1
STU0055,2,CSE 21,Mathematics for Algorithms and Systems,4,core,92,85,A+,4.0,completed,1
STU0055,2,MATH 20B,Calculus for Science and Engineering,4,math,80,94,A-,3.7,completed,1
STU0055,3,CSE 100,Advanced Data Structures,4,core,94,82,A+,4.0,completed,1
STU0055,3,CSE 30,Computer Organization and Systems Programming,4,core,88,70,A,4.0,completed,1
STU0055,3,MATH 154,Discrete Mathematics and Graph Theory,4,math,86,100,A,4.0,completed,1
STU0055,3,MATH 20C,Calculus and Analytic Geometry for Science and Engineering,4,math,85,88,A,4.0,completed,1
STU0055,4,CSE 101,Design and Analysis of Algorithms,4,core,86,79,A,4.0,completed,1
STU0055,4,CSE 103,A Practical Introduction to Probability and Statistics,4,core,82,73,A-,3.7,completed,1
STU0055,4,CSE 110,Software Engineering,4,core,82,82,A-,3.7,completed,1
STU0055,4,DSC 40B,Theoretical Foundations of Data Science II,4,data,98,100,A+,4.0,completed,1
STU0055,5,CSE 123,Computer Networks,4,networks,94,77,A+,4.0,current,1
STU0055,5,CSE 130,Programming Languages: Principles and Paradigms,4,systems,94,91,A+,4.0,current,1
STU0055,5,CSE 132A,Database System Principles,4,database,76,85,B+,3.3,current,1
STU0055,5,DSC 80,The Practice and Application of Data Science,4,data,67,91,B-,2.7,current,1
STU0055,5,MATH 183,Statistical Methods,4,math,83,76,A-,3.7,current,1
STU0056,1,CSE 11,Introduction to Computer Science and Object-Oriented Programming: Java,4,core,95,69,A+,4.0,completed,1
STU0056,1,CSE 5A,Introduction to Programming I,4,core,93,91,A+,4.0,completed,1
STU0056,1,MATH 18,Linear Algebra,4,math,69,83,B-,2.7,completed,1
STU0056,1,MATH 20A,Calculus for Science and Engineering,4,math,96,94,A+,4.0,completed,1
STU0056,2,CSE 12,Basic Data Structures and Object-Oriented Design,4,core,71,91,B,3.0,completed,1
STU0056,2,CSE 15L,Software Tools and Techniques Laboratory,2,lab,64,84,C+,2.3,completed,1
STU0056,2,CSE 20,Discrete Mathematics,4,math,92,97,A+,4.0,completed,1
STU0056,2,CSE 21,Mathematics for Algorithms and Systems,4,core,93,86,A+,4.0,completed,1
STU0056,2,MATH 20B,Calculus for Science and Engineering,4,math,78,94,B+,3.3,completed,1
STU0056,3,CSE 100,Advanced Data Structures,4,core,72,77,B,3.0,completed,1
STU0056,3,CSE 30,Computer Organization and Systems Programming,4,core,84,84,A-,3.7,completed,1
STU0056,3,MATH 154,Discrete Mathematics and Graph Theory,4,math,89,88,A,4.0,completed,1
STU0056,3,MATH 20C,Calculus and Analytic Geometry for Science and Engineering,4,math,91,95,A+,4.0,completed,1
STU0056,4,CSE 101,Design and Analysis of Algorithms,4,core,96,85,A+,4.0,current,1
STU0056,4,CSE 103,A Practical Introduction to Probability and Statistics,4,core,80,88,A-,3.7,current,1
STU0056,4,CSE 110,Software Engineering,4,core,92,95,A+,4.0,current,1
STU0056,4,DSC 40B,Theoretical Foundations of Data Science II,4,data,81,91,A-,3.7,current,1
STU0057,1,CSE 11,Introduction to Computer Science and Object-Oriented Programming: Java,4,core,83,88,A-,3.7,completed,1
STU0057,1,CSE 5A,Introduction to Programming I,4,core,88,87,A,4.0,completed,1
STU0057,1,MATH 18,Linear Algebra,4,math,66,78,B-,2.7,completed,1
STU0057,1,MATH 20A,Calculus for Science and Engineering,4,math,69,88,B-,2.7,completed,1
STU0057,2,CSE 12,Basic Data Structures and Object-Oriented Design,4,core,76,87,B+,3.3,completed,1
STU0057,2,CSE 15L,Software Tools and Techniques Laboratory,2,lab,78,84,B+,3.3,completed,1
STU0057,2,CSE 20,Discrete Mathematics,4,math,64,75,C+,2.3,completed,1
STU0057,2,CSE 21,Mathematics for Algorithms and Systems,4,core,84,77,A-,3.7,completed,1
STU0057,2,MATH 20B,Calculus for Science and Engineering,4,math,79,81,B+,3.3,completed,1
STU0057,3,CSE 100,Advanced Data Structures,4,core,77,95,B+,3.3,completed,1
STU0057,3,CSE 30,Computer Organization and Systems Programming,4,core,77,98,B+,3.3,completed,1
STU0057,3,MATH 154,Discrete Mathematics and Graph Theory,4,math,67,70,B-,2.7,completed,1
STU0057,3,MATH 20C,Calculus and Analytic Geometry for Science and Engineering,4,math,93,87,A+,4.0,completed,1
STU0057,4,CSE 101,Design and Analysis of Algorithms,4,core,66,92,B-,2.7,completed,1
STU0057,4,CSE 103,A Practical Introduction to Probability and Statistics,4,core,82,88,A-,3.7,completed,1
STU0057,4,CSE 110,Software Engineering,4,core,75,91,B+,3.3,completed,1
STU0057,4,DSC 40B,Theoretical Foundations of Data Science II,4,data,71,85,B,3.0,completed,1
STU0057,5,CSE 130,Programming Languages: Principles and Paradigms,4,systems,74,89,B,3.0,completed,1
STU0057,5,CSE 132A,Database System Principles,4,database,72,73,B,3.0,completed,1
STU0057,5,DSC 80,The Practice and Application of Data Science,4,data,72,89,B,3.0,completed,1
STU0057,5,ECE 109,Engineering Probability and Statistics,4,math,87,81,A,4.0,completed,1
STU0057,5,MATH 183,Statistical Methods,4,math,88,68,A,4.0,completed,1
STU0057,6,CSE 132B,Database Systems Applications,4,database,68,88,B-,2.7,completed,1
STU0057,6,CSE 150A,Introduction to Artificial Intelligence: Probabilistic Reasoning and Decision-Making,4,ai,73,66,B,3.0,completed,1
STU0057,6,CSE 150B,Introduction to Artificial Intelligence: Search and Reasoning,4,ai,84,83,A-,3.7,completed,1
STU0057,6,CSE 151A,Introduction to Machine Learning,4,ai,86,90,A,4.0,completed,1
STU0057,6,MATH 181A,Introduction to Mathematical Statistics I,4,math,94,90,A+,4.0,completed,1
STU0057,7,CSE 124,Networked Services,4,networks,71,79,B,3.0,current,1
STU0057,7,CSE 127,Introduction to Computer Security,4,security,76,96,B+,3.3,current,1
STU0057,7,CSE 131,Compiler Construction,4,systems,94,80,A+,4.0,current,1
STU0057,7,CSE 158,Recommender Systems and Web Mining,4,ai,78,100,B+,3.3,current,1
STU0057,7,MATH 188,Algebraic Combinatorics,4,math,69,85,B-,2.7,current,1
STU0058,1,CSE 11,Introduction to Computer Science and Object-Oriented Programming: Java,4,core,76,100,B+,3.3,completed,1
STU0058,1,CSE 5A,Introduction to Programming I,4,core,95,88,A+,4.0,completed,1
STU0058,1,MATH 18,Linear Algebra,4,math,73,100,B,3.0,completed,1
STU0058,1,MATH 20A,Calculus for Science and Engineering,4,math,89,96,A,4.0,completed,1
STU0058,2,CSE 12,Basic Data Structures and Object-Oriented Design,4,core,94,82,A+,4.0,completed,1
STU0058,2,CSE 15L,Software Tools and Techniques Laboratory,2,lab,83,84,A-,3.7,completed,1
STU0058,2,CSE 20,Discrete Mathematics,4,math,91,86,A+,4.0,completed,1
STU0058,2,CSE 21,Mathematics for Algorithms and Systems,4,core,72,96,B,3.0,completed,1
STU0058,2,MATH 20B,Calculus for Science and Engineering,4,math,98,82,A+,4.0,completed,1
STU0058,3,CSE 100,Advanced Data Structures,4,core,89,80,A,4.0,completed,1
STU0058,3,CSE 30,Computer Organization and Systems Programming,4,core,88,100,A,4.0,completed,1
STU0058,3,MATH 154,Discrete Mathematics and Graph Theory,4,math,80,98,A-,3.7,completed,1
STU0058,3,MATH 20C,Calculus and Analytic Geometry for Science and Engineering,4,math,91,83,A+,4.0,completed,1
STU0058,4,CSE 101,Design and Analysis of Algorithms,4,core,95,99,A+,4.0,current,1
STU0058,4,CSE 103,A Practical Introduction to Probability and Statistics,4,core,98,94,A+,4.0,current,1
STU0058,4,CSE 110,Software Engineering,4,core,82,87,A-,3.7,current,1
STU0058,4,DSC 40B,Theoretical Foundations of Data Science II,4,data,87,77,A,4.0,current,1
STU0059,1,CSE 11,Introduction to Computer Science and Object-Oriented Programming: Java,4,core,83,74,A-,3.7,completed,1
STU0059,1,CSE 5A,Introduction to Programming I,4,core,98,89,A+,4.0,completed,1
STU0059,1,MATH 18,Linear Algebra,4,math,97,87,A+,4.0,completed,1
STU0059,1,MATH 20A,Calculus for Science and Engineering,4,math,98,83,A+,4.0,completed,1
STU0059,2,CSE 12,Basic Data Structures and Object-Oriented Design,4,core,93,93,A+,4.0,completed,1
STU0059,2,CSE 15L,Software Tools and Techniques Laboratory,2,lab,91,90,A+,4.0,completed,1
STU0059,2,CSE 20,Discrete Mathematics,4,math,85,91,A,4.0,completed,1
STU0059,2,CSE 21,Mathematics for Algorithms and Systems,4,core,83,100,A-,3.7,completed,1
STU0059,2,MATH 20B,Calculus for Science and Engineering,4,math,77,87,B+,3.3,completed,1
STU0059,3,CSE 100,Advanced Data Structures,4,core,70,88,B,3.0,current,1
STU0059,3,CSE 30,Computer Organization and Systems Programming,4,core,85,77,A,4.0,current,1
STU0059,3,MATH 154,Discrete Mathematics and Graph Theory,4,math,84,73,A-,3.7,current,1
STU0059,3,MATH 20C,Calculus and Analytic Geometry for Science and Engineering,4,math,81,90,A-,3.7,current,1
STU0060,1,CSE 11,Introduction to Computer Science and Object-Oriented Programming: Java,4,core,87,79,A,4.0,completed,1
STU0060,1,CSE 5A,Introduction to Programming I,4,core,78,76,B+,3.3,completed,1
STU0060,1,MATH 18,Linear Algebra,4,math,87,86,A,4.0,completed,1
STU0060,1,MATH 20A,Calculus for Science and Engineering,4,math,82,79,A-,3.7,completed,1
STU0060,2,CSE 12,Basic Data Structures and Object-Oriented Design,4,core,84,74,A-,3.7,completed,1
STU0060,2,CSE 15L,Software Tools and Techniques Laboratory,2,lab,85,100,A,4.0,completed,1
STU0060,2,CSE 20,Discrete Mathematics,4,math,70,97,B,3.0,completed,1
STU0060,2,CSE 21,Mathematics for Algorithms and Systems,4,core,94,92,A+,4.0,completed,1
STU0060,2,MATH 20B,Calculus for Science and Engineering,4,math,81,68,A-,3.7,completed,1
STU0060,3,CSE 100,Advanced Data Structures,4,core,74,78,B,3.0,completed,1
STU0060,3,CSE 30,Computer Organization and Systems Programming,4,core,71,85,B,3.0,completed,1
STU0060,3,MATH 154,Discrete Mathematics and Graph Theory,4,math,80,75,A-,3.7,completed,1
STU0060,3,MATH 20C,Calculus and Analytic Geometry for Science and Engineering,4,math,74,79,B,3.0,completed,1
STU0060,4,CSE 101,Design and Analysis of Algorithms,4,core,79,83,B+,3.3,completed,1
STU0060,4,CSE 103,A Practical Introduction to Probability and Statistics,4,core,75,90,B+,3.3,completed,1
STU0060,4,CSE 110,Software Engineering,4,core,87,84,A,4.0,completed,1
STU0060,4,DSC 40B,Theoretical Foundations of Data Science II,4,data,79,89,B+,3.3,completed,1
STU0060,5,CSE 123,Computer Networks,4,networks,90,93,A+,4.0,current,1
STU0060,5,CSE 132A,Database System Principles,4,database,86,88,A,4.0,current,1
STU0060,5,DSC 80,The Practice and Application of Data Science,4,data,82,91,A-,3.7,current,1
STU0060,5,ECE 109,Engineering Probability and Statistics,4,math,84,91,A-,3.7,current,1
STU0060,5,MATH 183,Statistical Methods,4,math,81,98,A-,3.7,current,1
STU0061,1,CSE 11,Introduction to Computer Science and Object-Oriented Programming: Java,4,core,76,98,B+,3.3,completed,1
STU0061,1,CSE 5A,Introduction to Programming I,4,core,65,90,B-,2.7,completed,1
STU0061,1,MATH 18,Linear Algebra,4,math,66,78,B-,2.7,completed,1
STU0061,1,MATH 20A,Calculus for Science and Engineering,4,math,74,80,B,3.0,completed,1
STU0061,2,CSE 12,Basic Data Structures and Object-Oriented Design,4,core,98,81,A+,4.0,completed,1
STU0061,2,CSE 15L,Software Tools and Techniques Laboratory,2,lab,66,93,B-,2.7,completed,1
STU0061,2,CSE 20,Discrete Mathematics,4,math,79,91,B+,3.3,completed,1
STU0061,2,CSE 21,Mathematics for Algorithms and Systems,4,core,74,96,B,3.0,completed,1
STU0061,2,MATH 20B,Calculus for Science and Engineering,4,math,78,79,B+,3.3,completed,1
STU0061,3,CSE 100,Advanced Data Structures,4,core,77,91,B+,3.3,completed,1
STU0061,3,CSE 30,Computer Organization and Systems Programming,4,core,84,68,A-,3.7,completed,1
STU0061,3,MATH 154,Discrete Mathematics and Graph Theory,4,math,79,73,B+,3.3,completed,1
STU0061,3,MATH 20C,Calculus and Analytic Geometry for Science and Engineering,4,math,78,80,B+,3.3,completed,1
STU0061,4,CSE 101,Design and Analysis of Algorithms,4,core,80,95,A-,3.7,current,1
STU0061,4,CSE 103,A Practical Introduction to Probability and Statistics,4,core,83,90,A-,3.7,current,1
STU0061,4,CSE 110,Software Engineering,4,core,89,89,A,4.0,current,1
STU0061,4,DSC 40B,Theoretical Foundations of Data Science II,4,data,89,91,A,4.0,current,1
STU0062,1,CSE 11,Introduction to Computer Science and Object-Oriented Programming: Java,4,core,82,82,A-,3.7,completed,1
STU0062,1,CSE 5A,Introduction to Programming I,4,core,90,99,A+,4.0,completed,1
STU0062,1,MATH 18,Linear Algebra,4,math,61,75,C+,2.3,completed,1
STU0062,1,MATH 20A,Calculus for Science and Engineering,4,math,61,86,C+,2.3,completed,1
STU0062,2,CSE 12,Basic Data Structures and Object-Oriented Design,4,core,67,80,B-,2.7,completed,1
STU0062,2,CSE 15L,Software Tools and Techniques Laboratory,2,lab,78,99,B+,3.3,completed,1
STU0062,2,CSE 20,Discrete Mathematics,4,math,84,70,A-,3.7,completed,1
STU0062,2,CSE 21,Mathematics for Algorithms and Systems,4,core,73,79,B,3.0,completed,1
STU0062,2,MATH 20B,Calculus for Science and Engineering,4,math,92,80,A+,4.0,completed,1
STU0062,3,CSE 100,Advanced Data Structures,4,core,71,81,B,3.0,completed,1
STU0062,3,CSE 30,Computer Organization and Systems Programming,4,core,77,80,B+,3.3,completed,1
STU0062,3,MATH 154,Discrete Mathematics and Graph Theory,4,math,68,91,B-,2.7,completed,1
STU0062,3,MATH 20C,Calculus and Analytic Geometry for Science and Engineering,4,math,76,68,B+,3.3,completed,1
STU0062,4,CSE 101,Design and Analysis of Algorithms,4,core,54,76,C-,1.7,current,1
STU0062,4,CSE 103,A Practical Introduction to Probability and Statistics,4,core,80,92,A-,3.7,current,1
STU0062,4,CSE 110,Software Engineering,4,core,79,82,B+,3.3,current,1
STU0062,4,DSC 40B,Theoretical Foundations of Data Science II,4,data,81,85,A-,3.7,current,1
STU0063,1,CSE 11,Introduction to Computer Science and Object-Oriented Programming: Java,4,core,91,80,A+,4.0,completed,1
STU0063,1,CSE 5A,Introduction to Programming I,4,core,74,81,B,3.0,completed,1
STU0063,1,MATH 18,Linear Algebra,4,math,77,81,B+,3.3,completed,1
STU0063,1,MATH 20A,Calculus for Science and Engineering,4,math,86,94,A,4.0,completed,1
STU0063,2,CSE 12,Basic Data Structures and Object-Oriented Design,4,core,85,85,A,4.0,completed,1
STU0063,2,CSE 15L,Software Tools and Techniques Laboratory,2,lab,79,73,B+,3.3,completed,1
STU0063,2,CSE 20,Discrete Mathematics,4,math,90,85,A+,4.0,completed,1
STU0063,2,CSE 21,Mathematics for Algorithms and Systems,4,core,69,100,B-,2.7,completed,1
STU0063,2,MATH 20B,Calculus for Science and Engineering,4,math,76,76,B+,3.3,completed,1
STU0063,3,CSE 100,Advanced Data Structures,4,core,80,100,A-,3.7,completed,1
STU0063,3,CSE 30,Computer Organization and Systems Programming,4,core,65,82,B-,2.7,completed,1
STU0063,3,MATH 154,Discrete Mathematics and Graph Theory,4,math,74,81,B,3.0,completed,1
STU0063,3,MATH 20C,Calculus and Analytic Geometry for Science and Engineering,4,math,82,82,A-,3.7,completed,1
STU0063,4,CSE 101,Design and Analysis of Algorithms,4,core,76,100,B+,3.3,completed,1
STU0063,4,CSE 103,A Practical Introduction to Probability and Statistics,4,core,78,62,B+,3.3,completed,1
STU0063,4,CSE 110,Software Engineering,4,core,85,76,A,4.0,completed,1
STU0063,4,DSC 40B,Theoretical Foundations of Data Science II,4,data,83,76,A-,3.7,completed,1
STU0063,5,CSE 120,Principles of Computer Operating Systems,4,systems,81,98,A-,3.7,completed,1
STU0063,5,CSE 123,Computer Networks,4,networks,81,98,A-,3.7,completed,1
STU0063,5,CSE 130,Programming Languages: Principles and Paradigms,4,systems,77,72,B+,3.3,completed,1
STU0063,5,CSE 132A,Database System Principles,4,database,62,73,C+,2.3,completed,1
STU0063,5,MATH 183,Statistical Methods,4,math,80,88,A-,3.7,completed,1
STU0063,6,CSE 105,Theory of Computability,4,systems,68,83,B-,2.7,current,1
STU0063,6,CSE 132B,Database Systems Applications,4,database,74,73,B,3.0,current,1
STU0063,6,CSE 150A,Introduction to Artificial Intelligence: Probabilistic Reasoning and Decision-Making,4,ai,77,71,B+,3.3,current,1
STU0063,6,CSE 151A,Introduction to Machine Learning,4,ai,76,96,B+,3.3,current,1
STU0063,6,MATH 181A,Introduction to Mathematical Statistics I,4,math,80,94,A-,3.7,current,1
STU0064,1,CSE 11,Introduction to Computer Science and Object-Oriented Programming: Java,4,core,83,69,A-,3.7,completed,1
STU0064,1,CSE 5A,Introduction to Programming I,4,core,84,89,A-,3.7,completed,1
STU0064,1,MATH 18,Linear Algebra,4,math,72,86,B,3.0,completed,1
STU0064,1,MATH 20A,Calculus for Science and Engineering,4,math,65,99,B-,2.7,completed,1
STU0064,2,CSE 12,Basic Data Structures and Object-Oriented Design,4,core,64,81,C+,2.3,completed,1
STU0064,2,CSE 15L,Software Tools and Techniques Laboratory,2,lab,63,100,C+,2.3,completed,1
STU0064,2,CSE 20,Discrete Mathematics,4,math,90,100,A+,4.0,completed,1
STU0064,2,CSE 21,Mathematics for Algorithms and Systems,4,core,63,74,C+,2.3,completed,1
STU0064,2,MATH 20B,Calculus for Science and Engineering,4,math,68,70,B-,2.7,completed,1
STU0064,3,CSE 100,Advanced Data Structures,4,core,80,87,A-,3.7,completed,1
STU0064,3,CSE 30,Computer Organization and Systems Programming,4,core,75,77,B+,3.3,completed,1
STU0064,3,MATH 154,Discrete Mathematics and Graph Theory,4,math,58,81,C,2.0,completed,1
STU0064,3,MATH 20C,Calculus and Analytic Geometry for Science and Engineering,4,math,73,71,B,3.0,completed,1
STU0064,4,CSE 101,Design and Analysis of Algorithms,4,core,68,89,B-,2.7,completed,1
STU0064,4,CSE 103,A Practical Introduction to Probability and Statistics,4,core,81,80,A-,3.7,completed,1
STU0064,4,CSE 110,Software Engineering,4,core,78,91,B+,3.3,completed,1
STU0064,4,DSC 40B,Theoretical Foundations of Data Science II,4,data,85,70,A,4.0,completed,1
STU0064,5,CSE 120,Principles of Computer Operating Systems,4,systems,78,94,B+,3.3,completed,1
STU0064,5,CSE 123,Computer Networks,4,networks,82,84,A-,3.7,completed,1
STU0064,5,CSE 130,Programming Languages: Principles and Paradigms,4,systems,80,83,A-,3.7,completed,1
STU0064,5,DSC 80,The Practice and Application of Data Science,4,data,91,84,A+,4.0,completed,1
STU0064,5,MATH 183,Statistical Methods,4,math,75,76,B+,3.3,completed,1
STU0064,6,CSE 105,Theory of Computability,4,systems,73,79,B,3.0,current,1
STU0064,6,CSE 150A,Introduction to Artificial Intelligence: Probabilistic Reasoning and Decision-Making,4,ai,90,79,A+,4.0,current,1
STU0064,6,CSE 150B,Introduction to Artificial Intelligence: Search and Reasoning,4,ai,71,77,B,3.0,current,1
STU0064,6,CSE 151A,Introduction to Machine Learning,4,ai,67,95,B-,2.7,current,1
STU0064,6,MATH 181A,Introduction to Mathematical Statistics I,4,math,78,65,B+,3.3,current,1
STU0065,1,CSE 11,Introduction to Computer Science and Object-Oriented Programming: Java,4,core,80,86,A-,3.7,completed,1
STU0065,1,CSE 5A,Introduction to Programming I,4,core,76,90,B+,3.3,completed,1
STU0065,1,MATH 18,Linear Algebra,4,math,81,86,A-,3.7,completed,1
STU0065,1,MATH 20A,Calculus for Science and Engineering,4,math,94,77,A+,4.0,completed,1
STU0065,2,CSE 12,Basic Data Structures and Object-Oriented Design,4,core,85,86,A,4.0,completed,1
STU0065,2,CSE 15L,Software Tools and Techniques Laboratory,2,lab,76,80,B+,3.3,completed,1
STU0065,2,CSE 20,Discrete Mathematics,4,math,82,94,A-,3.7,completed,1
STU0065,2,CSE 21,Mathematics for Algorithms and Systems,4,core,66,76,B-,2.7,completed,1
STU0065,2,MATH 20B,Calculus for Science and Engineering,4,math,73,73,B,3.0,completed,1
STU0065,3,CSE 100,Advanced Data Structures,4,core,72,93,B,3.0,completed,1
STU0065,3,CSE 30,Computer Organization and Systems Programming,4,core,72,89,B,3.0,completed,1
STU0065,3,MATH 154,Discrete Mathematics and Graph Theory,4,math,69,81,B-,2.7,completed,1
STU0065,3,MATH 20C,Calculus and Analytic Geometry for Science and Engineering,4,math,70,86,B,3.0,completed,1
STU0065,4,CSE 101,Design and Analysis of Algorithms,4,core,67,86,B-,2.7,current,1
STU0065,4,CSE 103,A Practical Introduction to Probability and Statistics,4,core,76,78,B+,3.3,current,1
STU0065,4,CSE 110,Software Engineering,4,core,87,86,A,4.0,current,1
STU0065,4,DSC 40B,Theoretical Foundations of Data Science II,4,data,98,96,A+,4.0,current,1
STU0066,1,CSE 11,Introduction to Computer Science and Object-Oriented Programming: Java,4,core,94,85,A+,4.0,completed,1
STU0066,1,CSE 5A,Introduction to Programming I,4,core,78,85,B+,3.3,completed,1
STU0066,1,MATH 18,Linear Algebra,4,math,87,80,A,4.0,completed,1
STU0066,1,MATH 20A,Calculus for Science and Engineering,4,math,77,97,B+,3.3,completed,1
STU0066,2,CSE 12,Basic Data Structures and Object-Oriented Design,4,core,81,71,A-,3.7,completed,1
STU0066,2,CSE 15L,Software Tools and Techniques Laboratory,2,lab,64,75,C+,2.3,completed,1
STU0066,2,CSE 20,Discrete Mathematics,4,math,80,72,A-,3.7,completed,1
STU0066,2,CSE 21,Mathematics for Algorithms and Systems,4,core,69,78,B-,2.7,completed,1
STU0066,2,MATH 20B,Calculus for Science and Engineering,4,math,84,82,A-,3.7,completed,1
STU0066,3,CSE 100,Advanced Data Structures,4,core,78,77,B+,3.3,completed,1
STU0066,3,CSE 30,Computer Organization and Systems Programming,4,core,80,100,A-,3.7,completed,1
STU0066,3,MATH 154,Discrete Mathematics and Graph Theory,4,math,84,77,A-,3.7,completed,1
STU0066,3,MATH 20C,Calculus and Analytic Geometry for Science and Engineering,4,math,74,89,B,3.0,completed,1
STU0066,4,CSE 101,Design and Analysis of Algorithms,4,core,77,83,B+,3.3,completed,1
STU0066,4,CSE 103,A Practical Introduction to Probability and Statistics,4,core,77,84,B+,3.3,completed,1
STU0066,4,CSE 110,Software Engineering,4,core,65,75,B-,2.7,completed,1
STU0066,4,DSC 40B,Theoretical Foundations of Data Science II,4,data,77,82,B+,3.3,completed,1
STU0066,5,CSE 120,Principles of Computer Operating Systems,4,systems,79,82,B+,3.3,current,1
STU0066,5,CSE 123,Computer Networks,4,networks,73,85,B,3.0,current,1
STU0066,5,CSE 130,Programming Languages: Principles and Paradigms,4,systems,80,77,A-,3.7,current,1
STU0066,5,ECE 109,Engineering Probability and Statistics,4,math,86,90,A,4.0,current,1
STU0066,5,MATH 183,Statistical Methods,4,math,83,87,A-,3.7,current,1
STU0067,1,CSE 11,Introduction to Computer Science and Object-Oriented Programming: Java,4,core,80,98,A-,3.7,completed,1
STU0067,1,CSE 5A,Introduction to Programming I,4,core,78,80,B+,3.3,completed,1
STU0067,1,MATH 18,Linear Algebra,4,math,58,81,C,2.0,completed,1
STU0067,1,MATH 20A,Calculus for Science and Engineering,4,math,70,77,B,3.0,completed,1
STU0067,2,CSE 12,Basic Data Structures and Object-Oriented Design,4,core,91,93,A+,4.0,completed,1
STU0067,2,CSE 15L,Software Tools and Techniques Laboratory,2,lab,82,82,A-,3.7,completed,1
STU0067,2,CSE 20,Discrete Mathematics,4,math,77,92,B+,3.3,completed,1
STU0067,2,CSE 21,Mathematics for Algorithms and Systems,4,core,90,85,A+,4.0,completed,1
STU0067,2,MATH 20B,Calculus for Science and Engineering,4,math,74,69,B,3.0,completed,1
STU0067,3,CSE 100,Advanced Data Structures,4,core,86,92,A,4.0,current,1
STU0067,3,CSE 30,Computer Organization and Systems Programming,4,core,86,69,A,4.0,current,1
STU0067,3,MATH 154,Discrete Mathematics and Graph Theory,4,math,74,74,B,3.0,current,1
STU0067,3,MATH 20C,Calculus and Analytic Geometry for Science and Engineering,4,math,98,85,A+,4.0,current,1
STU0068,1,CSE 11,Introduction to Computer Science and Object-Oriented Programming: Java,4,core,57,95,C,2.0,completed,1
STU0068,1,CSE 5A,Introduction to Programming I,4,core,73,88,B,3.0,completed,1
STU0068,1,MATH 18,Linear Algebra,4,math,84,89,A-,3.7,completed,1
STU0068,1,MATH 20A,Calculus for Science and Engineering,4,math,92,84,A+,4.0,completed,1
STU0068,2,CSE 12,Basic Data Structures and Object-Oriented Design,4,core,71,78,B,3.0,completed,1
STU0068,2,CSE 15L,Software Tools and Techniques Laboratory,2,lab,89,92,A,4.0,completed,1
STU0068,2,CSE 20,Discrete Mathematics,4,math,70,87,B,3.0,completed,1
STU0068,2,CSE 21,Mathematics for Algorithms and Systems,4,core,72,77,B,3.0,completed,1
STU0068,2,MATH 20B,Calculus for Science and Engineering,4,math,73,90,B,3.0,completed,1
STU0068,3,CSE 100,Advanced Data Structures,4,core,88,77,A,4.0,completed,1
STU0068,3,CSE 30,Computer Organization and Systems Programming,4,core,77,75,B+,3.3,completed,1
STU0068,3,MATH 154,Discrete Mathematics and Graph Theory,4,math,88,81,A,4.0,completed,1
STU0068,3,MATH 20C,Calculus and Analytic Geometry for Science and Engineering,4,math,85,83,A,4.0,completed,1
STU0068,4,CSE 101,Design and Analysis of Algorithms,4,core,69,78,B-,2.7,completed,1
STU0068,4,CSE 103,A Practical Introduction to Probability and Statistics,4,core,82,83,A-,3.7,completed,1
STU0068,4,CSE 110,Software Engineering,4,core,91,85,A+,4.0,completed,1
STU0068,4,DSC 40B,Theoretical Foundations of Data Science II,4,data,69,86,B-,2.7,completed,1
STU0068,5,CSE 120,Principles of Computer Operating Systems,4,systems,81,77,A-,3.7,completed,1
STU0068,5,CSE 123,Computer Networks,4,networks,79,100,B+,3.3,completed,1
STU0068,5,CSE 130,Programming Languages: Principles and Paradigms,4,systems,74,97,B,3.0,completed,1
STU0068,5,CSE 132A,Database System Principles,4,database,78,68,B+,3.3,completed,1
STU0068,5,DSC 80,The Practice and Application of Data Science,4,data,74,87,B,3.0,completed,1
STU0068,6,CSE 105,Theory of Computability,4,systems,74,88,B,3.0,completed,1
STU0068,6,CSE 150A,Introduction to Artificial Intelligence: Probabilistic Reasoning and Decision-Making,4,ai,77,76,B+,3.3,completed,1
STU0068,6,CSE 150B,Introduction to Artificial Intelligence: Search and Reasoning,4,ai,79,74,B+,3.3,completed,1
STU0068,6,CSE 151A,Introduction to Machine Learning,4,ai,65,81,B-,2.7,completed,1
STU0068,6,MATH 181A,Introduction to Mathematical Statistics I,4,math,88,89,A,4.0,completed,1
STU0068,7,CSE 127,Introduction to Computer Security,4,security,66,83,B-,2.7,current,1
STU0068,7,CSE 131,Compiler Construction,4,systems,85,84,A,4.0,current,1
STU0068,7,CSE 151B,Deep Learning,4,ai,94,91,A+,4.0,current,1
STU0068,7,CSE 158,Recommender Systems and Web Mining,4,ai,79,87,B+,3.3,current,1
STU0068,7,MATH 188,Algebraic Combinatorics,4,math,75,77,B+,3.3,current,1
STU0069,1,CSE 11,Introduction to Computer Science and Object-Oriented Programming: Java,4,core,85,78,A,4.0,completed,1
STU0069,1,CSE 5A,Introduction to Programming I,4,core,80,85,A-,3.7,completed,1
STU0069,1,MATH 18,Linear Algebra,4,math,98,98,A+,4.0,completed,1
STU0069,1,MATH 20A,Calculus for Science and Engineering,4,math,64,90,C+,2.3,completed,1
STU0069,2,CSE 12,Basic Data Structures and Object-Oriented Design,4,core,90,95,A+,4.0,completed,1
STU0069,2,CSE 15L,Software Tools and Techniques Laboratory,2,lab,79,86,B+,3.3,completed,1
STU0069,2,CSE 20,Discrete Mathematics,4,math,94,96,A+,4.0,completed,1
STU0069,2,CSE 21,Mathematics for Algorithms and Systems,4,core,85,90,A,4.0,completed,1
STU0069,2,MATH 20B,Calculus for Science and Engineering,4,math,81,84,A-,3.7,completed,1
STU0069,3,CSE 100,Advanced Data Structures,4,core,71,79,B,3.0,completed,1
STU0069,3,CSE 30,Computer Organization and Systems Programming,4,core,87,100,A,4.0,completed,1
STU0069,3,MATH 154,Discrete Mathematics and Graph Theory,4,math,78,100,B+,3.3,completed,1
STU0069,3,MATH 20C,Calculus and Analytic Geometry for Science and Engineering,4,math,86,100,A,4.0,completed,1
STU0069,4,CSE 101,Design and Analysis of Algorithms,4,core,98,79,A+,4.0,completed,1
STU0069,4,CSE 103,A Practical Introduction to Probability and Statistics,4,core,86,89,A,4.0,completed,1
STU0069,4,CSE 110,Software Engineering,4,core,90,96,A+,4.0,completed,1
STU0069,4,DSC 40B,Theoretical Foundations of Data Science II,4,data,88,77,A,4.0,completed,1
STU0069,5,CSE 120,Principles of Computer Operating Systems,4,systems,71,87,B,3.0,completed,1
STU0069,5,CSE 123,Computer Networks,4,networks,82,78,A-,3.7,completed,1
STU0069,5,CSE 130,Programming Languages: Principles and Paradigms,4,systems,82,80,A-,3.7,completed,1
STU0069,5,CSE 132A,Database System Principles,4,database,82,87,A-,3.7,completed,1
STU0069,5,DSC 80,The Practice and Application of Data Science,4,data,95,83,A+,4.0,completed,1
STU0069,6,CSE 105,Theory of Computability,4,systems,89,82,A,4.0,current,1
STU0069,6,CSE 132B,Database Systems Applications,4,database,78,93,B+,3.3,current,1
STU0069,6,CSE 150A,Introduction to Artificial Intelligence: Probabilistic Reasoning and Decision-Making,4,ai,84,95,A-,3.7,current,1
STU0069,6,CSE 150B,Introduction to Artificial Intelligence: Search and Reasoning,4,ai,85,96,A,4.0,current,1
STU0069,6,CSE 151A,Introduction to Machine Learning,4,ai,74,78,B,3.0,current,1
STU0070,1,CSE 11,Introduction to Computer Science and Object-Oriented Programming: Java,4,core,72,78,B,3.0,completed,1
STU0070,1,CSE 5A,Introduction to Programming I,4,core,70,78,B,3.0,completed,1
STU0070,1,MATH 18,Linear Algebra,4,math,51,88,C-,1.7,completed,1
STU0070,1,MATH 20A,Calculus for Science and Engineering,4,math,66,94,B-,2.7,completed,1
STU0070,2,CSE 12,Basic Data Structures and Object-Oriented Design,4,core,89,75,A,4.0,completed,1
STU0070,2,CSE 15L,Software Tools and Techniques Laboratory,2,lab,68,80,B-,2.7,completed,1
STU0070,2,CSE 20,Discrete Mathematics,4,math,86,82,A,4.0,completed,1
STU0070,2,CSE 21,Mathematics for Algorithms and Systems,4,core,78,77,B+,3.3,completed,1
STU0070,2,MATH 20B,Calculus for Science and Engineering,4,math,60,73,C+,2.3,completed,1
STU0070,3,CSE 100,Advanced Data Structures,4,core,84,75,A-,3.7,completed,1
STU0070,3,CSE 30,Computer Organization and Systems Programming,4,core,72,77,B,3.0,completed,1
STU0070,3,MATH 154,Discrete Mathematics and Graph Theory,4,math,68,96,B-,2.7,completed,1
STU0070,3,MATH 20C,Calculus and Analytic Geometry for Science and Engineering,4,math,78,79,B+,3.3,completed,1
STU0070,4,CSE 101,Design and Analysis of Algorithms,4,core,74,84,B,3.0,completed,1
STU0070,4,CSE 103,A Practical Introduction to Probability and Statistics,4,core,69,81,B-,2.7,completed,1
STU0070,4,CSE 110,Software Engineering,4,core,93,84,A+,4.0,completed,1
STU0070,4,DSC 40B,Theoretical Foundations of Data Science II,4,data,53,84,C-,1.7,completed,1
STU0070,5,CSE 130,Programming Languages: Principles and Paradigms,4,systems,73,68,B,3.0,current,1
STU0070,5,CSE 132A,Database System Principles,4,database,69,73,B-,2.7,current,1
STU0070,5,DSC 80,The Practice and Application of Data Science,4,data,98,75,A+,4.0,current,1
STU0070,5,ECE 109,Engineering Probability and Statistics,4,math,70,91,B,3.0,current,1
STU0070,5,MATH 183,Statistical Methods,4,math,75,73,B+,3.3,current,1
STU0071,1,CSE 11,Introduction to Computer Science and Object-Oriented Programming: Java,4,core,74,87,B,3.0,completed,1
STU0071,1,CSE 5A,Introduction to Programming I,4,core,92,84,A+,4.0,completed,1
STU0071,1,MATH 18,Linear Algebra,4,math,80,67,A-,3.7,completed,1
STU0071,1,MATH 20A,Calculus for Science and Engineering,4,math,78,85,B+,3.3,completed,1
STU0071,2,CSE 12,Basic Data Structures and Object-Oriented Design,4,core,78,80,B+,3.3,completed,1
STU0071,2,CSE 15L,Software Tools and Techniques Laboratory,2,lab,85,77,A,4.0,completed,1
STU0071,2,CSE 20,Discrete Mathematics,4,math,72,86,B,3.0,completed,1
STU0071,2,CSE 21,Mathematics for Algorithms and Systems,4,core,62,89,C+,2.3,completed,1
STU0071,2,MATH 20B,Calculus for Science and Engineering,4,math,87,83,A,4.0,completed,1
STU0071,3,CSE 100,Advanced Data Structures,4,core,98,88,A+,4.0,completed,1
STU0071,3,CSE 30,Computer Organization and Systems Programming,4,core,79,81,B+,3.3,completed,1
STU0071,3,MATH 154,Discrete Mathematics and Graph Theory,4,math,75,93,B+,3.3,completed,1
STU0071,3,MATH 20C,Calculus and Analytic Geometry for Science and Engineering,4,math,69,76,B-,2.7,completed,1
STU0071,4,CSE 101,Design and Analysis of Algorithms,4,core,77,66,B+,3.3,completed,1
STU0071,4,CSE 103,A Practical Introduction to Probability and Statistics,4,core,85,82,A,4.0,completed,1
STU0071,4,CSE 110,Software Engineering,4,core,91,89,A+,4.0,completed,1
STU0071,4,DSC 40B,Theoretical Foundations of Data Science II,4,data,80,84,A-,3.7,completed,1
STU0071,5,CSE 120,Principles of Computer Operating Systems,4,systems,86,92,A,4.0,completed,1
STU0071,5,CSE 130,Programming Languages: Principles and Paradigms,4,systems,94,88,A+,4.0,completed,1
STU0071,5,CSE 132A,Database System Principles,4,database,78,83,B+,3.3,completed,1
STU0071,5,DSC 80,The Practice and Application of Data Science,4,data,78,73,B+,3.3,completed,1
STU0071,5,MATH 183,Statistical Methods,4,math,68,84,B-,2.7,completed,1
STU0071,6,CSE 132B,Database Systems Applications,4,database,76,99,B+,3.3,completed,1
STU0071,6,CSE 150A,Introduction to Artificial Intelligence: Probabilistic Reasoning and Decision-Making,4,ai,75,74,B+,3.3,completed,1
STU0071,6,CSE 150B,Introduction to Artificial Intelligence: Search and Reasoning,4,ai,78,81,B+,3.3,completed,1
STU0071,6,CSE 151A,Introduction to Machine Learning,4,ai,74,75,B,3.0,completed,1
STU0071,6,MATH 181A,Introduction to Mathematical Statistics I,4,math,84,86,A-,3.7,completed,1
STU0071,7,CSE 124,Networked Services,4,networks,89,72,A,4.0,current,1
STU0071,7,CSE 151B,Deep Learning,4,ai,91,89,A+,4.0,current,1
STU0071,7,CSE 152,Introduction to Computer Vision,4,ai,78,78,B+,3.3,current,1
STU0071,7,CSE 158,Recommender Systems and Web Mining,4,ai,78,77,B+,3.3,current,1
STU0071,7,MATH 188,Algebraic Combinatorics,4,math,94,96,A+,4.0,current,1
STU0072,1,CSE 11,Introduction to Computer Science and Object-Oriented Programming: Java,4,core,76,68,B+,3.3,completed,1
STU0072,1,CSE 5A,Introduction to Programming I,4,core,73,90,B,3.0,completed,1
STU0072,1,MATH 18,Linear Algebra,4,math,94,90,A+,4.0,completed,1
STU0072,1,MATH 20A,Calculus for Science and Engineering,4,math,81,86,A-,3.7,completed,1
STU0072,2,CSE 12,Basic Data Structures and Object-Oriented Design,4,core,64,74,C+,2.3,completed,1
STU0072,2,CSE 15L,Software Tools and Techniques Laboratory,2,lab,80,63,A-,3.7,completed,1
STU0072,2,CSE 20,Discrete Mathematics,4,math,80,83,A-,3.7,completed,1
STU0072,2,CSE 21,Mathematics for Algorithms and Systems,4,core,76,73,B+,3.3,completed,1
STU0072,2,MATH 20B,Calculus for Science and Engineering,4,math,77,73,B+,3.3,completed,1
STU0072,3,CSE 100,Advanced Data Structures,4,core,82,100,A-,3.7,completed,1
STU0072,3,CSE 30,Computer Organization and Systems Programming,4,core,64,86,C+,2.3,completed,1
STU0072,3,MATH 154,Discrete Mathematics and Graph Theory,4,math,70,80,B,3.0,completed,1
STU0072,3,MATH 20C,Calculus and Analytic Geometry for Science and Engineering,4,math,89,83,A,4.0,completed,1
STU0072,4,CSE 101,Design and Analysis of Algorithms,4,core,71,84,B,3.0,completed,1
STU0072,4,CSE 103,A Practical Introduction to Probability and Statistics,4,core,71,80,B,3.0,completed,1
STU0072,4,CSE 110,Software Engineering,4,core,80,82,A-,3.7,completed,1
STU0072,4,DSC 40B,Theoretical Foundations of Data Science II,4,data,86,77,A,4.0,completed,1
STU0072,5,CSE 120,Principles of Computer Operating Systems,4,systems,69,86,B-,2.7,current,1
STU0072,5,CSE 130,Programming Languages: Principles and Paradigms,4,systems,75,82,B+,3.3,current,1
STU0072,5,CSE 132A,Database System Principles,4,database,70,99,B,3.0,current,1
STU0072,5,DSC 80,The Practice and Application of Data Science,4,data,81,85,A-,3.7,current,1
STU0072,5,MATH 183,Statistical Methods,4,math,85,76,A,4.0,current,1
STU0073,1,CSE 11,Introduction to Computer Science and Object-Oriented Programming: Java,4,core,96,76,A+,4.0,completed,1
STU0073,1,CSE 5A,Introduction to Programming I,4,core,76,65,B+,3.3,completed,1
STU0073,1,MATH 18,Linear Algebra,4,math,83,72,A-,3.7,completed,1
STU0073,1,MATH 20A,Calculus for Science and Engineering,4,math,74,76,B,3.0,completed,1
STU0073,2,CSE 12,Basic Data Structures and Object-Oriented Design,4,core,83,80,A-,3.7,completed,1
STU0073,2,CSE 15L,Software Tools and Techniques Laboratory,2,lab,67,94,B-,2.7,completed,1
STU0073,2,CSE 20,Discrete Mathematics,4,math,87,75,A,4.0,completed,1
STU0073,2,CSE 21,Mathematics for Algorithms and Systems,4,core,69,92,B-,2.7,completed,1
STU0073,2,MATH 20B,Calculus for Science and Engineering,4,math,74,99,B,3.0,completed,1
STU0073,3,CSE 100,Advanced Data Structures,4,core,81,93,A-,3.7,completed,1
STU0073,3,CSE 30,Computer Organization and Systems Programming,4,core,92,78,A+,4.0,completed,1
STU0073,3,MATH 154,Discrete Mathematics and Graph Theory,4,math,78,83,B+,3.3,completed,1
STU0073,3,MATH 20C,Calculus and Analytic Geometry for Science and Engineering,4,math,72,90,B,3.0,completed,1
STU0073,4,CSE 101,Design and Analysis of Algorithms,4,core,78,69,B+,3.3,completed,1
STU0073,4,CSE 103,A Practical Introduction to Probability and Statistics,4,core,88,83,A,4.0,completed,1
STU0073,4,CSE 110,Software Engineering,4,core,71,87,B,3.0,completed,1
STU0073,4,DSC 40B,Theoretical Foundations of Data Science II,4,data,79,85,B+,3.3,completed,1
STU0073,5,CSE 120,Principles of Computer Operating Systems,4,systems,82,87,A-,3.7,current,1
STU0073,5,CSE 123,Computer Networks,4,networks,67,84,B-,2.7,current,1
STU0073,5,CSE 130,Programming Languages: Principles and Paradigms,4,systems,79,100,B+,3.3,current,1
STU0073,5,CSE 132A,Database System Principles,4,database,71,91,B,3.0,current,1
STU0073,5,ECE 109,Engineering Probability and Statistics,4,math,90,87,A+,4.0,current,1
STU0074,1,CSE 11,Introduction to Computer Science and Object-Oriented Programming: Java,4,core,73,73,B,3.0,completed,1
STU0074,1,CSE 5A,Introduction to Programming I,4,core,88,95,A,4.0,completed,1
STU0074,1,MATH 18,Linear Algebra,4,math,66,83,B-,2.7,completed,1
STU0074,1,MATH 20A,Calculus for Science and Engineering,4,math,81,74,A-,3.7,completed,1
STU0074,2,CSE 12,Basic Data Structures and Object-Oriented Design,4,core,75,84,B+,3.3,completed,1
STU0074,2,CSE 15L,Software Tools and Techniques Laboratory,2,lab,79,69,B+,3.3,completed,1
STU0074,2,CSE 20,Discrete Mathematics,4,math,76,81,B+,3.3,completed,1
STU0074,2,CSE 21,Mathematics for Algorithms and Systems,4,core,78,73,B+,3.3,completed,1
STU0074,2,MATH 20B,Calculus for Science and Engineering,4,math,75,78,B+,3.3,completed,1
STU0074,3,CSE 100,Advanced Data Structures,4,core,75,84,B+,3.3,current,1
STU0074,3,CSE 30,Computer Organization and Systems Programming,4,core,71,95,B,3.0,current,1
STU0074,3,MATH 154,Discrete Mathematics and Graph Theory,4,math,77,84,B+,3.3,current,1
STU0074,3,MATH 20C,Calculus and Analytic Geometry for Science and Engineering,4,math,44,82,D,1.0,current,1
STU0075,1,CSE 11,Introduction to Computer Science and Object-Oriented Programming: Java,4,core,82,96,A-,3.7,completed,1
STU0075,1,CSE 5A,Introduction to Programming I,4,core,66,81,B-,2.7,completed,1
STU0075,1,MATH 18,Linear Algebra,4,math,86,98,A,4.0,completed,1
STU0075,1,MATH 20A,Calculus for Science and Engineering,4,math,78,89,B+,3.3,completed,1
STU0075,2,CSE 12,Basic Data Structures and Object-Oriented Design,4,core,89,99,A,4.0,completed,1
STU0075,2,CSE 15L,Software Tools and Techniques Laboratory,2,lab,83,82,A-,3.7,completed,1
STU0075,2,CSE 20,Discrete Mathematics,4,math,92,100,A+,4.0,completed,1
STU0075,2,CSE 21,Mathematics for Algorithms and Systems,4,core,88,93,A,4.0,completed,1
STU0075,2,MATH 20B,Calculus for Science and Engineering,4,math,78,88,B+,3.3,completed,1
STU0075,3,CSE 100,Advanced Data Structures,4,core,72,96,B,3.0,completed,1
STU0075,3,CSE 30,Computer Organization and Systems Programming,4,core,80,86,A-,3.7,completed,1
STU0075,3,MATH 154,Discrete Mathematics and Graph Theory,4,math,81,90,A-,3.7,completed,1
STU0075,3,MATH 20C,Calculus and Analytic Geometry for Science and Engineering,4,math,88,85,A,4.0,completed,1
STU0075,4,CSE 101,Design and Analysis of Algorithms,4,core,82,100,A-,3.7,completed,1
STU0075,4,CSE 103,A Practical Introduction to Probability and Statistics,4,core,71,81,B,3.0,completed,1
STU0075,4,CSE 110,Software Engineering,4,core,77,79,B+,3.3,completed,1
STU0075,4,DSC 40B,Theoretical Foundations of Data Science II,4,data,76,100,B+,3.3,completed,1
STU0075,5,CSE 130,Programming Languages: Principles and Paradigms,4,systems,84,78,A-,3.7,current,1
STU0075,5,CSE 132A,Database System Principles,4,database,85,80,A,4.0,current,1
STU0075,5,DSC 80,The Practice and Application of Data Science,4,data,89,100,A,4.0,current,1
STU0075,5,ECE 109,Engineering Probability and Statistics,4,math,72,69,B,3.0,current,1
STU0075,5,MATH 183,Statistical Methods,4,math,67,77,B-,2.7,current,1
STU0076,1,CSE 11,Introduction to Computer Science and Object-Oriented Programming: Java,4,core,75,93,B+,3.3,completed,1
STU0076,1,CSE 5A,Introduction to Programming I,4,core,74,86,B,3.0,completed,1
STU0076,1,MATH 18,Linear Algebra,4,math,73,84,B,3.0,completed,1
STU0076,1,MATH 20A,Calculus for Science and Engineering,4,math,81,84,A-,3.7,completed,1
STU0076,2,CSE 12,Basic Data Structures and Object-Oriented Design,4,core,79,76,B+,3.3,completed,1
STU0076,2,CSE 15L,Software Tools and Techniques Laboratory,2,lab,90,89,A+,4.0,completed,1
STU0076,2,CSE 20,Discrete Mathematics,4,math,81,79,A-,3.7,completed,1
STU0076,2,CSE 21,Mathematics for Algorithms and Systems,4,core,77,86,B+,3.3,completed,1
STU0076,2,MATH 20B,Calculus for Science and Engineering,4,math,80,77,A-,3.7,completed,1
STU0076,3,CSE 100,Advanced Data Structures,4,core,89,96,A,4.0,completed,1
STU0076,3,CSE 30,Computer Organization and Systems Programming,4,core,75,100,B+,3.3,completed,1
STU0076,3,MATH 154,Discrete Mathematics and Graph Theory,4,math,78,90,B+,3.3,completed,1
STU0076,3,MATH 20C,Calculus and Analytic Geometry for Science and Engineering,4,math,72,70,B,3.0,completed,1
STU0076,4,CSE 101,Design and Analysis of Algorithms,4,core,74,62,B,3.0,completed,1
STU0076,4,CSE 103,A Practical Introduction to Probability and Statistics,4,core,88,100,A,4.0,completed,1
STU0076,4,CSE 110,Software Engineering,4,core,77,90,B+,3.3,completed,1
STU0076,4,DSC 40B,Theoretical Foundations of Data Science II,4,data,82,87,A-,3.7,completed,1
STU0076,5,CSE 120,Principles of Computer Operating Systems,4,systems,79,79,B+,3.3,completed,1
STU0076,5,CSE 123,Computer Networks,4,networks,75,78,B+,3.3,completed,1
STU0076,5,CSE 130,Programming Languages: Principles and Paradigms,4,systems,89,87,A,4.0,completed,1
STU0076,5,CSE 132A,Database System Principles,4,database,69,71,B-,2.7,completed,1
STU0076,5,MATH 183,Statistical Methods,4,math,75,79,B+,3.3,completed,1
STU0076,6,CSE 132B,Database Systems Applications,4,database,74,90,B,3.0,completed,1
STU0076,6,CSE 150A,Introduction to Artificial Intelligence: Probabilistic Reasoning and Decision-Making,4,ai,81,90,A-,3.7,completed,1
STU0076,6,CSE 150B,Introduction to Artificial Intelligence: Search and Reasoning,4,ai,74,68,B,3.0,completed,1
STU0076,6,CSE 151A,Introduction to Machine Learning,4,ai,82,82,A-,3.7,completed,1
STU0076,6,MATH 181A,Introduction to Mathematical Statistics I,4,math,81,92,A-,3.7,completed,1
STU0076,7,CSE 127,Introduction to Computer Security,4,security,89,82,A,4.0,current,1
STU0076,7,CSE 151B,Deep Learning,4,ai,56,77,C,2.0,current,1
STU0076,7,CSE 152,Introduction to Computer Vision,4,ai,78,87,B+,3.3,current,1
STU0076,7,CSE 158,Recommender Systems and Web Mining,4,ai,74,86,B,3.0,current,1
STU0076,7,MATH 188,Algebraic Combinatorics,4,math,71,88,B,3.0,current,1
STU0077,1,CSE 11,Introduction to Computer Science and Object-Oriented Programming: Java,4,core,87,91,A,4.0,completed,1
STU0077,1,CSE 5A,Introduction to Programming I,4,core,78,82,B+,3.3,completed,1
STU0077,1,MATH 18,Linear Algebra,4,math,78,83,B+,3.3,completed,1
STU0077,1,MATH 20A,Calculus for Science and Engineering,4,math,78,81,B+,3.3,completed,1
STU0077,2,CSE 12,Basic Data Structures and Object-Oriented Design,4,core,81,90,A-,3.7,completed,1
STU0077,2,CSE 15L,Software Tools and Techniques Laboratory,2,lab,68,74,B-,2.7,completed,1
STU0077,2,CSE 20,Discrete Mathematics,4,math,66,100,B-,2.7,completed,1
STU0077,2,CSE 21,Mathematics for Algorithms and Systems,4,core,63,91,C+,2.3,completed,1
STU0077,2,MATH 20B,Calculus for Science and Engineering,4,math,81,88,A-,3.7,completed,1
STU0077,3,CSE 100,Advanced Data Structures,4,core,98,86,A+,4.0,current,1
STU0077,3,CSE 30,Computer Organization and Systems Programming,4,core,74,85,B,3.0,current,1
STU0077,3,MATH 154,Discrete Mathematics and Graph Theory,4,math,87,75,A,4.0,current,1
STU0077,3,MATH 20C,Calculus and Analytic Geometry for Science and Engineering,4,math,73,85,B,3.0,current,1
STU0078,1,CSE 11,Introduction to Computer Science and Object-Oriented Programming: Java,4,core,88,64,A,4.0,completed,1
STU0078,1,CSE 5A,Introduction to Programming I,4,core,79,76,B+,3.3,completed,1
STU0078,1,MATH 18,Linear Algebra,4,math,84,94,A-,3.7,completed,1
STU0078,1,MATH 20A,Calculus for Science and Engineering,4,math,83,93,A-,3.7,completed,1
STU0078,2,CSE 12,Basic Data Structures and Object-Oriented Design,4,core,86,88,A,4.0,completed,1
STU0078,2,CSE 15L,Software Tools and Techniques Laboratory,2,lab,83,99,A-,3.7,completed,1
STU0078,2,CSE 20,Discrete Mathematics,4,math,74,88,B,3.0,completed,1
STU0078,2,CSE 21,Mathematics for Algorithms and Systems,4,core,79,90,B+,3.3,completed,1
STU0078,2,MATH 20B,Calculus for Science and Engineering,4,math,87,73,A,4.0,completed,1
STU0078,3,CSE 100,Advanced Data Structures,4,core,97,80,A+,4.0,completed,1
STU0078,3,CSE 30,Computer Organization and Systems Programming,4,core,93,87,A+,4.0,completed,1
STU0078,3,MATH 154,Discrete Mathematics and Graph Theory,4,math,71,59,B,3.0,completed,1
STU0078,3,MATH 20C,Calculus and Analytic Geometry for Science and Engineering,4,math,98,93,A+,4.0,completed,1
STU0078,4,CSE 101,Design and Analysis of Algorithms,4,core,82,84,A-,3.7,completed,1
STU0078,4,CSE 103,A Practical Introduction to Probability and Statistics,4,core,89,95,A,4.0,completed,1
STU0078,4,CSE 110,Software Engineering,4,core,86,92,A,4.0,completed,1
STU0078,4,DSC 40B,Theoretical Foundations of Data Science II,4,data,86,96,A,4.0,completed,1
STU0078,5,CSE 120,Principles of Computer Operating Systems,4,systems,82,87,A-,3.7,completed,1
STU0078,5,CSE 123,Computer Networks,4,networks,98,86,A+,4.0,completed,1
STU0078,5,CSE 130,Programming Languages: Principles and Paradigms,4,systems,87,66,A,4.0,completed,1
STU0078,5,CSE 132A,Database System Principles,4,database,91,75,A+,4.0,completed,1
STU0078,5,DSC 80,The Practice and Application of Data Science,4,data,82,81,A-,3.7,completed,1
STU0078,6,CSE 105,Theory of Computability,4,systems,78,73,B+,3.3,current,1
STU0078,6,CSE 132B,Database Systems Applications,4,database,80,69,A-,3.7,current,1
STU0078,6,CSE 150B,Introduction to Artificial Intelligence: Search and Reasoning,4,ai,96,76,A+,4.0,current,1
STU0078,6,CSE 151A,Introduction to Machine Learning,4,ai,74,91,B,3.0,current,1
STU0078,6,MATH 181A,Introduction to Mathematical Statistics I,4,math,69,78,B-,2.7,current,1
STU0079,1,CSE 11,Introduction to Computer Science and Object-Oriented Programming: Java,4,core,86,78,A,4.0,completed,1
STU0079,1,CSE 5A,Introduction to Programming I,4,core,64,82,C+,2.3,completed,1
STU0079,1,MATH 18,Linear Algebra,4,math,78,100,B+,3.3,completed,1
STU0079,1,MATH 20A,Calculus for Science and Engineering,4,math,81,82,A-,3.7,completed,1
STU0079,2,CSE 12,Basic Data Structures and Object-Oriented Design,4,core,91,71,A+,4.0,completed,1
STU0079,2,CSE 15L,Software Tools and Techniques Laboratory,2,lab,74,80,B,3.0,completed,1
STU0079,2,CSE 20,Discrete Mathematics,4,math,85,77,A,4.0,completed,1
STU0079,2,CSE 21,Mathematics for Algorithms and Systems,4,core,78,70,B+,3.3,completed,1
STU0079,2,MATH 20B,Calculus for Science and Engineering,4,math,86,90,A,4.0,completed,1
STU0079,3,CSE 100,Advanced Data Structures,4,core,82,72,A-,3.7,completed,1
STU0079,3,CSE 30,Computer Organization and Systems Programming,4,core,81,74,A-,3.7,completed,1
STU0079,3,MATH 154,Discrete Mathematics and Graph Theory,4,math,77,100,B+,3.3,completed,1
STU0079,3,MATH 20C,Calculus and Analytic Geometry for Science and Engineering,4,math,81,76,A-,3.7,completed,1
STU0079,4,CSE 101,Design and Analysis of Algorithms,4,core,76,93,B+,3.3,completed,1
STU0079,4,CSE 103,A Practical Introduction to Probability and Statistics,4,core,69,75,B-,2.7,completed,1
STU0079,4,CSE 110,Software Engineering,4,core,85,89,A,4.0,completed,1
STU0079,4,DSC 40B,Theoretical Foundations of Data Science II,4,data,70,80,B,3.0,completed,1
STU0079,5,CSE 120,Principles of Computer Operating Systems,4,systems,85,74,A,4.0,completed,1
STU0079,5,CSE 123,Computer Networks,4,networks,79,95,B+,3.3,completed,1
STU0079,5,CSE 132A,Database System Principles,4,database,73,77,B,3.0,completed,1
STU0079,5,ECE 109,Engineering Probability and Statistics,4,math,79,90,B+,3.3,completed,1
STU0079,5,MATH 183,Statistical Methods,4,math,92,87,A+,4.0,completed,1
STU0079,6,CSE 105,Theory of Computability,4,systems,90,91,A+,4.0,current,1
STU0079,6,CSE 132B,Database Systems Applications,4,database,79,77,B+,3.3,current,1
STU0079,6,CSE 150B,Introduction to Artificial Intelligence: Search and Reasoning,4,ai,82,75,A-,3.7,current,1
STU0079,6,CSE 151A,Introduction to Machine Learning,4,ai,89,85,A,4.0,current,1
STU0079,6,MATH 181A,Introduction to Mathematical Statistics I,4,math,72,80,B,3.0,current,1
STU0080,1,CSE 11,Introduction to Computer Science and Object-Oriented Programming: Java,4,core,67,94,B-,2.7,completed,1
STU0080,1,CSE 5A,Introduction to Programming I,4,core,85,76,A,4.0,completed,1
STU0080,1,MATH 18,Linear Algebra,4,math,93,93,A+,4.0,completed,1
STU0080,1,MATH 20A,Calculus for Science and Engineering,4,math,90,87,A+,4.0,completed,1
STU0080,2,CSE 12,Basic Data Structures and Object-Oriented Design,4,core,95,89,A+,4.0,completed,1
STU0080,2,CSE 15L,Software Tools and Techniques Laboratory,2,lab,76,78,B+,3.3,completed,1
STU0080,2,CSE 20,Discrete Mathematics,4,math,83,79,A-,3.7,completed,1
STU0080,2,CSE 21,Mathematics for Algorithms and Systems,4,core,82,69,A-,3.7,completed,1
STU0080,2,MATH 20B,Calculus for Science and Engineering,4,math,86,75,A,4.0,completed,1
STU0080,3,CSE 100,Advanced Data Structures,4,core,79,91,B+,3.3,completed,1
STU0080,3,CSE 30,Computer Organization and Systems Programming,4,core,92,87,A+,4.0,completed,1
STU0080,3,MATH 154,Discrete Mathematics and Graph Theory,4,math,78,100,B+,3.3,completed,1
STU0080,3,MATH 20C,Calculus and Analytic Geometry for Science and Engineering,4,math,77,77,B+,3.3,completed,1
STU0080,4,CSE 101,Design and Analysis of Algorithms,4,core,79,67,B+,3.3,completed,1
STU0080,4,CSE 103,A Practical Introduction to Probability and Statistics,4,core,89,76,A,4.0,completed,1
STU0080,4,CSE 110,Software Engineering,4,core,89,100,A,4.0,completed,1
STU0080,4,DSC 40B,Theoretical Foundations of Data Science II,4,data,80,65,A-,3.7,completed,1
STU0080,5,CSE 120,Principles of Computer Operating Systems,4,systems,65,59,B-,2.7,completed,1
STU0080,5,CSE 130,Programming Languages: Principles and Paradigms,4,systems,82,82,A-,3.7,completed,1
STU0080,5,CSE 132A,Database System Principles,4,database,80,80,A-,3.7,completed,1
STU0080,5,DSC 80,The Practice and Application of Data Science,4,data,69,81,B-,2.7,completed,1
STU0080,5,MATH 183,Statistical Methods,4,math,75,78,B+,3.3,completed,1
STU0080,6,CSE 105,Theory of Computability,4,systems,65,88,B-,2.7,current,1
STU0080,6,CSE 132B,Database Systems Applications,4,database,64,100,C+,2.3,current,1
STU0080,6,CSE 150A,Introduction to Artificial Intelligence: Probabilistic Reasoning and Decision-Making,4,ai,74,70,B,3.0,current,1
STU0080,6,CSE 150B,Introduction to Artificial Intelligence: Search and Reasoning,4,ai,79,79,B+,3.3,current,1
STU0080,6,MATH 181A,Introduction to Mathematical Statistics I,4,math,83,86,A-,3.7,current,1
STU0081,1,CSE 11,Introduction to Computer Science and Object-Oriented Programming: Java,4,core,79,79,B+,3.3,completed,1
STU0081,1,CSE 5A,Introduction to Programming I,4,core,85,78,A,4.0,completed,1
STU0081,1,MATH 18,Linear Algebra,4,math,67,70,B-,2.7,completed,1
STU0081,1,MATH 20A,Calculus for Science and Engineering,4,math,85,87,A,4.0,completed,1
STU0081,2,CSE 12,Basic Data Structures and Object-Oriented Design,4,core,84,92,A-,3.7,completed,1
STU0081,2,CSE 15L,Software Tools and Techniques Laboratory,2,lab,70,72,B,3.0,completed,1
STU0081,2,CSE 20,Discrete Mathematics,4,math,77,74,B+,3.3,completed,1
STU0081,2,CSE 21,Mathematics for Algorithms and Systems,4,core,96,88,A+,4.0,completed,1
STU0081,2,MATH 20B,Calculus for Science and Engineering,4,math,78,77,B+,3.3,completed,1
STU0081,3,CSE 100,Advanced Data Structures,4,core,58,84,C,2.0,current,1
STU0081,3,CSE 30,Computer Organization and Systems Programming,4,core,72,81,B,3.0,current,1
STU0081,3,MATH 154,Discrete Mathematics and Graph Theory,4,math,91,81,A+,4.0,current,1
STU0081,3,MATH 20C,Calculus and Analytic Geometry for Science and Engineering,4,math,89,78,A,4.0,current,1
STU0082,1,CSE 11,Introduction to Computer Science and Object-Oriented Programming: Java,4,core,88,70,A,4.0,completed,1
STU0082,1,CSE 5A,Introduction to Programming I,4,core,79,76,B+,3.3,completed,1
STU0082,1,MATH 18,Linear Algebra,4,math,64,74,C+,2.3,completed,1
STU0082,1,MATH 20A,Calculus for Science and Engineering,4,math,85,77,A,4.0,completed,1
STU0082,2,CSE 12,Basic Data Structures and Object-Oriented Design,4,core,82,67,A-,3.7,completed,1
STU0082,2,CSE 15L,Software Tools and Techniques Laboratory,2,lab,60,96,C+,2.3,completed,1
STU0082,2,CSE 20,Discrete Mathematics,4,math,83,85,A-,3.7,completed,1
STU0082,2,CSE 21,Mathematics for Algorithms and Systems,4,core,87,74,A,4.0,completed,1
STU0082,2,MATH 20B,Calculus for Science and Engineering,4,math,79,93,B+,3.3,completed,1
STU0082,3,CSE 100,Advanced Data Structures,4,core,79,84,B+,3.3,current,1
STU0082,3,CSE 30,Computer Organization and Systems Programming,4,core,76,80,B+,3.3,current,1
STU0082,3,MATH 154,Discrete Mathematics and Graph Theory,4,math,79,83,B+,3.3,current,1
STU0082,3,MATH 20C,Calculus and Analytic Geometry for Science and Engineering,4,math,89,77,A,4.0,current,1
STU0083,1,CSE 11,Introduction to Computer Science and Object-Oriented Programming: Java,4,core,77,97,B+,3.3,completed,1
STU0083,1,CSE 5A,Introduction to Programming I,4,core,94,86,A+,4.0,completed,1
STU0083,1,MATH 18,Linear Algebra,4,math,98,83,A+,4.0,completed,1
STU0083,1,MATH 20A,Calculus for Science and Engineering,4,math,79,85,B+,3.3,completed,1
STU0083,2,CSE 12,Basic Data Structures and Object-Oriented Design,4,core,87,86,A,4.0,completed,1
STU0083,2,CSE 15L,Software Tools and Techniques Laboratory,2,lab,90,80,A+,4.0,completed,1
STU0083,2,CSE 20,Discrete Mathematics,4,math,89,97,A,4.0,completed,1
STU0083,2,CSE 21,Mathematics for Algorithms and Systems,4,core,74,80,B,3.0,completed,1
STU0083,2,MATH 20B,Calculus for Science and Engineering,4,math,84,84,A-,3.7,completed,1
STU0083,3,CSE 100,Advanced Data Structures,4,core,71,86,B,3.0,completed,1
STU0083,3,CSE 30,Computer Organization and Systems Programming,4,core,86,90,A,4.0,completed,1
STU0083,3,MATH 154,Discrete Mathematics and Graph Theory,4,math,70,100,B,3.0,completed,1
STU0083,3,MATH 20C,Calculus and Analytic Geometry for Science and Engineering,4,math,74,79,B,3.0,completed,1
STU0083,4,CSE 101,Design and Analysis of Algorithms,4,core,93,100,A+,4.0,current,1
STU0083,4,CSE 103,A Practical Introduction to Probability and Statistics,4,core,87,83,A,4.0,current,1
STU0083,4,CSE 110,Software Engineering,4,core,74,77,B,3.0,current,1
STU0083,4,DSC 40B,Theoretical Foundations of Data Science II,4,data,75,100,B+,3.3,current,1
STU0084,1,CSE 11,Introduction to Computer Science and Object-Oriented Programming: Java,4,core,89,85,A,4.0,completed,1
STU0084,1,CSE 5A,Introduction to Programming I,4,core,89,93,A,4.0,completed,1
STU0084,1,MATH 18,Linear Algebra,4,math,91,100,A+,4.0,completed,1
STU0084,1,MATH 20A,Calculus for Science and Engineering,4,math,82,86,A-,3.7,completed,1
STU0084,2,CSE 12,Basic Data Structures and Object-Oriented Design,4,core,82,80,A-,3.7,completed,1
STU0084,2,CSE 15L,Software Tools and Techniques Laboratory,2,lab,90,88,A+,4.0,completed,1
STU0084,2,CSE 20,Discrete Mathematics,4,math,97,91,A+,4.0,completed,1
STU0084,2,CSE 21,Mathematics for Algorithms and Systems,4,core,71,83,B,3.0,completed,1
STU0084,2,MATH 20B,Calculus for Science and Engineering,4,math,83,82,A-,3.7,completed,1
STU0084,3,CSE 100,Advanced Data Structures,4,core,72,81,B,3.0,completed,1
STU0084,3,CSE 30,Computer Organization and Systems Programming,4,core,84,86,A-,3.7,completed,1
STU0084,3,MATH 154,Discrete Mathematics and Graph Theory,4,math,85,78,A,4.0,completed,1
STU0084,3,MATH 20C,Calculus and Analytic Geometry for Science and Engineering,4,math,96,89,A+,4.0,completed,1
STU0084,4,CSE 101,Design and Analysis of Algorithms,4,core,88,81,A,4.0,completed,1
STU0084,4,CSE 103,A Practical Introduction to Probability and Statistics,4,core,81,90,A-,3.7,completed,1
STU0084,4,CSE 110,Software Engineering,4,core,88,85,A,4.0,completed,1
STU0084,4,DSC 40B,Theoretical Foundations of Data Science II,4,data,58,82,C,2.0,completed,1
STU0084,5,CSE 120,Principles of Computer Operating Systems,4,systems,96,87,A+,4.0,completed,1
STU0084,5,CSE 123,Computer Networks,4,networks,96,92,A+,4.0,completed,1
STU0084,5,CSE 132A,Database System Principles,4,database,88,81,A,4.0,completed,1
STU0084,5,DSC 80,The Practice and Application of Data Science,4,data,76,80,B+,3.3,completed,1
STU0084,5,MATH 183,Statistical Methods,4,math,65,86,B-,2.7,completed,1
STU0084,6,CSE 105,Theory of Computability,4,systems,73,95,B,3.0,current,1
STU0084,6,CSE 132B,Database Systems Applications,4,database,98,85,A+,4.0,current,1
STU0084,6,CSE 150A,Introduction to Artificial Intelligence: Probabilistic Reasoning and Decision-Making,4,ai,77,78,B+,3.3,current,1
STU0084,6,CSE 150B,Introduction to Artificial Intelligence: Search and Reasoning,4,ai,97,85,A+,4.0,current,1
STU0084,6,MATH 181A,Introduction to Mathematical Statistics I,4,math,98,99,A+,4.0,current,1
STU0085,1,CSE 11,Introduction to Computer Science and Object-Oriented Programming: Java,4,core,79,88,B+,3.3,completed,1
STU0085,1,CSE 5A,Introduction to Programming I,4,core,81,86,A-,3.7,completed,1
STU0085,1,MATH 18,Linear Algebra,4,math,67,84,B-,2.7,completed,1
STU0085,1,MATH 20A,Calculus for Science and Engineering,4,math,77,84,B+,3.3,completed,1
STU0085,2,CSE 12,Basic Data Structures and Object-Oriented Design,4,core,82,95,A-,3.7,completed,1
STU0085,2,CSE 15L,Software Tools and Techniques Laboratory,2,lab,85,83,A,4.0,completed,1
STU0085,2,CSE 20,Discrete Mathematics,4,math,72,74,B,3.0,completed,1
STU0085,2,CSE 21,Mathematics for Algorithms and Systems,4,core,66,77,B-,2.7,completed,1
STU0085,2,MATH 20B,Calculus for Science and Engineering,4,math,75,85,B+,3.3,completed,1
STU0085,3,CSE 100,Advanced Data Structures,4,core,65,86,B-,2.7,current,1
STU0085,3,CSE 30,Computer Organization and Systems Programming,4,core,68,79,B-,2.7,current,1
STU0085,3,MATH 154,Discrete Mathematics and Graph Theory,4,math,75,69,B+,3.3,current,1
STU0085,3,MATH 20C,Calculus and Analytic Geometry for Science and Engineering,4,math,66,68,B-,2.7,current,1
STU0086,1,CSE 11,Introduction to Computer Science and Object-Oriented Programming: Java,4,core,91,91,A+,4.0,completed,1
STU0086,1,CSE 5A,Introduction to Programming I,4,core,92,89,A+,4.0,completed,1
STU0086,1,MATH 18,Linear Algebra,4,math,95,89,A+,4.0,completed,1
STU0086,1,MATH 20A,Calculus for Science and Engineering,4,math,91,68,A+,4.0,completed,1
STU0086,2,CSE 12,Basic Data Structures and Object-Oriented Design,4,core,83,83,A-,3.7,completed,1
STU0086,2,CSE 15L,Software Tools and Techniques Laboratory,2,lab,86,83,A,4.0,completed,1
STU0086,2,CSE 20,Discrete Mathematics,4,math,77,83,B+,3.3,completed,1
STU0086,2,CSE 21,Mathematics for Algorithms and Systems,4,core,90,71,A+,4.0,completed,1
STU0086,2,MATH 20B,Calculus for Science and Engineering,4,math,78,100,B+,3.3,completed,1
STU0086,3,CSE 100,Advanced Data Structures,4,core,90,93,A+,4.0,completed,1
STU0086,3,CSE 30,Computer Organization and Systems Programming,4,core,90,79,A+,4.0,completed,1
STU0086,3,MATH 154,Discrete Mathematics and Graph Theory,4,math,76,84,B+,3.3,completed,1
STU0086,3,MATH 20C,Calculus and Analytic Geometry for Science and Engineering,4,math,75,89,B+,3.3,completed,1
STU0086,4,CSE 101,Design and Analysis of Algorithms,4,core,98,95,A+,4.0,completed,1
STU0086,4,CSE 103,A Practical Introduction to Probability and Statistics,4,core,92,87,A+,4.0,completed,1
STU0086,4,CSE 110,Software Engineering,4,core,86,78,A,4.0,completed,1
STU0086,4,DSC 40B,Theoretical Foundations of Data Science II,4,data,82,98,A-,3.7,completed,1
STU0086,5,CSE 123,Computer Networks,4,networks,82,72,A-,3.7,completed,1
STU0086,5,CSE 132A,Database System Principles,4,database,65,92,B-,2.7,completed,1
STU0086,5,DSC 80,The Practice and Application of Data Science,4,data,87,77,A,4.0,completed,1
STU0086,5,ECE 109,Engineering Probability and Statistics,4,math,91,90,A+,4.0,completed,1
STU0086,5,MATH 183,Statistical Methods,4,math,85,90,A,4.0,completed,1
STU0086,6,CSE 132B,Database Systems Applications,4,database,86,77,A,4.0,current,1
STU0086,6,CSE 150A,Introduction to Artificial Intelligence: Probabilistic Reasoning and Decision-Making,4,ai,69,77,B-,2.7,current,1
STU0086,6,CSE 150B,Introduction to Artificial Intelligence: Search and Reasoning,4,ai,63,81,C+,2.3,current,1
STU0086,6,CSE 151A,Introduction to Machine Learning,4,ai,78,100,B+,3.3,current,1
STU0086,6,MATH 181A,Introduction to Mathematical Statistics I,4,math,91,88,A+,4.0,current,1
STU0087,1,CSE 11,Introduction to Computer Science and Object-Oriented Programming: Java,4,core,77,96,B+,3.3,completed,1
STU0087,1,CSE 5A,Introduction to Programming I,4,core,69,75,B-,2.7,completed,1
STU0087,1,MATH 18,Linear Algebra,4,math,82,86,A-,3.7,completed,1
STU0087,1,MATH 20A,Calculus for Science and Engineering,4,math,70,82,B,3.0,completed,1
STU0087,2,CSE 12,Basic Data Structures and Object-Oriented Design,4,core,85,93,A,4.0,completed,1
STU0087,2,CSE 15L,Software Tools and Techniques Laboratory,2,lab,90,99,A+,4.0,completed,1
STU0087,2,CSE 20,Discrete Mathematics,4,math,67,73,B-,2.7,completed,1
STU0087,2,CSE 21,Mathematics for Algorithms and Systems,4,core,77,80,B+,3.3,completed,1
STU0087,2,MATH 20B,Calculus for Science and Engineering,4,math,88,89,A,4.0,completed,1
STU0087,3,CSE 100,Advanced Data Structures,4,core,59,85,C,2.0,current,1
STU0087,3,CSE 30,Computer Organization and Systems Programming,4,core,83,94,A-,3.7,current,1
STU0087,3,MATH 154,Discrete Mathematics and Graph Theory,4,math,76,92,B+,3.3,current,1
STU0087,3,MATH 20C,Calculus and Analytic Geometry for Science and Engineering,4,math,81,81,A-,3.7,current,1
STU0088,1,CSE 11,Introduction to Computer Science and Object-Oriented Programming: Java,4,core,78,86,B+,3.3,completed,1
STU0088,1,CSE 5A,Introduction to Programming I,4,core,83,71,A-,3.7,completed,1
STU0088,1,MATH 18,Linear Algebra,4,math,76,96,B+,3.3,completed,1
STU0088,1,MATH 20A,Calculus for Science and Engineering,4,math,77,84,B+,3.3,completed,1
STU0088,2,CSE 12,Basic Data Structures and Object-Oriented Design,4,core,80,89,A-,3.7,completed,1
STU0088,2,CSE 15L,Software Tools and Techniques Laboratory,2,lab,76,91,B+,3.3,completed,1
STU0088,2,CSE 20,Discrete Mathematics,4,math,72,75,B,3.0,completed,1
STU0088,2,CSE 21,Mathematics for Algorithms and Systems,4,core,75,83,B+,3.3,completed,1
STU0088,2,MATH 20B,Calculus for Science and Engineering,4,math,74,63,B,3.0,completed,1
STU0088,3,CSE 100,Advanced Data Structures,4,core,82,73,A-,3.7,completed,1
STU0088,3,CSE 30,Computer Organization and Systems Programming,4,core,68,83,B-,2.7,completed,1
STU0088,3,MATH 154,Discrete Mathematics and Graph Theory,4,math,78,80,B+,3.3,completed,1
STU0088,3,MATH 20C,Calculus and Analytic Geometry for Science and Engineering,4,math,62,94,C+,2.3,completed,1
STU0088,4,CSE 101,Design and Analysis of Algorithms,4,core,56,80,C,2.0,current,1
STU0088,4,CSE 103,A Practical Introduction to Probability and Statistics,4,core,73,89,B,3.0,current,1
STU0088,4,CSE 110,Software Engineering,4,core,69,79,B-,2.7,current,1
STU0088,4,DSC 40B,Theoretical Foundations of Data Science II,4,data,69,82,B-,2.7,current,1
STU0089,1,CSE 11,Introduction to Computer Science and Object-Oriented Programming: Java,4,core,98,95,A+,4.0,completed,1
STU0089,1,CSE 5A,Introduction to Programming I,4,core,96,88,A+,4.0,completed,1
STU0089,1,MATH 18,Linear Algebra,4,math,82,89,A-,3.7,completed,1
STU0089,1,MATH 20A,Calculus for Science and Engineering,4,math,90,88,A+,4.0,completed,1
STU0089,2,CSE 12,Basic Data Structures and Object-Oriented Design,4,core,85,86,A,4.0,completed,1
STU0089,2,CSE 15L,Software Tools and Techniques Laboratory,2,lab,97,99,A+,4.0,completed,1
STU0089,2,CSE 20,Discrete Mathematics,4,math,98,77,A+,4.0,completed,1
STU0089,2,CSE 21,Mathematics for Algorithms and Systems,4,core,82,82,A-,3.7,completed,1
STU0089,2,MATH 20B,Calculus for Science and Engineering,4,math,91,100,A+,4.0,completed,1
STU0089,3,CSE 100,Advanced Data Structures,4,core,80,91,A-,3.7,completed,1
STU0089,3,CSE 30,Computer Organization and Systems Programming,4,core,75,74,B+,3.3,completed,1
STU0089,3,MATH 154,Discrete Mathematics and Graph Theory,4,math,85,100,A,4.0,completed,1
STU0089,3,MATH 20C,Calculus and Analytic Geometry for Science and Engineering,4,math,85,80,A,4.0,completed,1
STU0089,4,CSE 101,Design and Analysis of Algorithms,4,core,98,72,A+,4.0,completed,1
STU0089,4,CSE 103,A Practical Introduction to Probability and Statistics,4,core,93,92,A+,4.0,completed,1
STU0089,4,CSE 110,Software Engineering,4,core,98,85,A+,4.0,completed,1
STU0089,4,DSC 40B,Theoretical Foundations of Data Science II,4,data,94,76,A+,4.0,completed,1
STU0089,5,CSE 120,Principles of Computer Operating Systems,4,systems,93,83,A+,4.0,completed,1
STU0089,5,CSE 123,Computer Networks,4,networks,96,100,A+,4.0,completed,1
STU0089,5,CSE 130,Programming Languages: Principles and Paradigms,4,systems,71,94,B,3.0,completed,1
STU0089,5,CSE 132A,Database System Principles,4,database,96,86,A+,4.0,completed,1
STU0089,5,MATH 183,Statistical Methods,4,math,77,97,B+,3.3,completed,1
STU0089,6,CSE 105,Theory of Computability,4,systems,87,100,A,4.0,completed,1
STU0089,6,CSE 132B,Database Systems Applications,4,database,79,82,B+,3.3,completed,1
STU0089,6,CSE 150A,Introduction to Artificial Intelligence: Probabilistic Reasoning and Decision-Making,4,ai,70,91,B,3.0,completed,1
STU0089,6,CSE 150B,Introduction to Artificial Intelligence: Search and Reasoning,4,ai,80,91,A-,3.7,completed,1
STU0089,6,MATH 181A,Introduction to Mathematical Statistics I,4,math,78,97,B+,3.3,completed,1
STU0089,7,CSE 124,Networked Services,4,networks,98,90,A+,4.0,current,1
STU0089,7,CSE 127,Introduction to Computer Security,4,security,69,88,B-,2.7,current,1
STU0089,7,CSE 131,Compiler Construction,4,systems,75,82,B+,3.3,current,1
STU0089,7,CSE 151B,Deep Learning,4,ai,82,100,A-,3.7,current,1
STU0089,7,CSE 152,Introduction to Computer Vision,4,ai,91,100,A+,4.0,current,1
STU0090,1,CSE 11,Introduction to Computer Science and Object-Oriented Programming: Java,4,core,86,93,A,4.0,completed,1
STU0090,1,CSE 5A,Introduction to Programming I,4,core,78,90,B+,3.3,completed,1
STU0090,1,MATH 18,Linear Algebra,4,math,90,83,A+,4.0,completed,1
STU0090,1,MATH 20A,Calculus for Science and Engineering,4,math,95,89,A+,4.0,completed,1
STU0090,2,CSE 12,Basic Data Structures and Object-Oriented Design,4,core,79,88,B+,3.3,completed,1
STU0090,2,CSE 15L,Software Tools and Techniques Laboratory,2,lab,73,77,B,3.0,completed,1
STU0090,2,CSE 20,Discrete Mathematics,4,math,77,85,B+,3.3,completed,1
STU0090,2,CSE 21,Mathematics for Algorithms and Systems,4,core,88,93,A,4.0,completed,1
STU0090,2,MATH 20B,Calculus for Science and Engineering,4,math,73,91,B,3.0,completed,1
STU0090,3,CSE 100,Advanced Data Structures,4,core,76,83,B+,3.3,completed,1
STU0090,3,CSE 30,Computer Organization and Systems Programming,4,core,76,76,B+,3.3,completed,1
STU0090,3,MATH 154,Discrete Mathematics and Graph Theory,4,math,89,100,A,4.0,completed,1
STU0090,3,MATH 20C,Calculus and Analytic Geometry for Science and Engineering,4,math,95,93,A+,4.0,completed,1
STU0090,4,CSE 101,Design and Analysis of Algorithms,4,core,77,92,B+,3.3,completed,1
STU0090,4,CSE 103,A Practical Introduction to Probability and Statistics,4,core,61,83,C+,2.3,completed,1
STU0090,4,CSE 110,Software Engineering,4,core,85,80,A,4.0,completed,1
STU0090,4,DSC 40B,Theoretical Foundations of Data Science II,4,data,87,92,A,4.0,completed,1
STU0090,5,CSE 120,Principles of Computer Operating Systems,4,systems,77,86,B+,3.3,current,1
STU0090,5,CSE 123,Computer Networks,4,networks,86,85,A,4.0,current,1
STU0090,5,CSE 132A,Database System Principles,4,database,78,74,B+,3.3,current,1
STU0090,5,DSC 80,The Practice and Application of Data Science,4,data,84,89,A-,3.7,current,1
STU0090,5,ECE 109,Engineering Probability and Statistics,4,math,68,80,B-,2.7,current,1
STU0091,1,CSE 11,Introduction to Computer Science and Object-Oriented Programming: Java,4,core,84,74,A-,3.7,completed,1
STU0091,1,CSE 5A,Introduction to Programming I,4,core,79,93,B+,3.3,completed,1
STU0091,1,MATH 18,Linear Algebra,4,math,83,87,A-,3.7,completed,1
STU0091,1,MATH 20A,Calculus for Science and Engineering,4,math,90,89,A+,4.0,completed,1
STU0091,2,CSE 12,Basic Data Structures and Object-Oriented Design,4,core,85,89,A,4.0,completed,1
STU0091,2,CSE 15L,Software Tools and Techniques Laboratory,2,lab,89,77,A,4.0,completed,1
STU0091,2,CSE 20,Discrete Mathematics,4,math,87,90,A,4.0,completed,1
STU0091,2,CSE 21,Mathematics for Algorithms and Systems,4,core,77,67,B+,3.3,completed,1
STU0091,2,MATH 20B,Calculus for Science and Engineering,4,math,91,76,A+,4.0,completed,1
STU0091,3,CSE 100,Advanced Data Structures,4,core,89,78,A,4.0,current,1
STU0091,3,CSE 30,Computer Organization and Systems Programming,4,core,98,96,A+,4.0,current,1
STU0091,3,MATH 154,Discrete Mathematics and Graph Theory,4,math,85,100,A,4.0,current,1
STU0091,3,MATH 20C,Calculus and Analytic Geometry for Science and Engineering,4,math,91,76,A+,4.0,current,1
STU0092,1,CSE 11,Introduction to Computer Science and Object-Oriented Programming: Java,4,core,74,72,B,3.0,completed,1
STU0092,1,CSE 5A,Introduction to Programming I,4,core,72,88,B,3.0,completed,1
STU0092,1,MATH 18,Linear Algebra,4,math,83,72,A-,3.7,completed,1
STU0092,1,MATH 20A,Calculus for Science and Engineering,4,math,93,100,A+,4.0,completed,1
STU0092,2,CSE 12,Basic Data Structures and Object-Oriented Design,4,core,91,73,A+,4.0,completed,1
STU0092,2,CSE 15L,Software Tools and Techniques Laboratory,2,lab,78,85,B+,3.3,completed,1
STU0092,2,CSE 20,Discrete Mathematics,4,math,89,83,A,4.0,completed,1
STU0092,2,CSE 21,Mathematics for Algorithms and Systems,4,core,87,81,A,4.0,completed,1
STU0092,2,MATH 20B,Calculus for Science and Engineering,4,math,65,89,B-,2.7,completed,1
STU0092,3,CSE 100,Advanced Data Structures,4,core,92,74,A+,4.0,completed,1
STU0092,3,CSE 30,Computer Organization and Systems Programming,4,core,82,88,A-,3.7,completed,1
STU0092,3,MATH 154,Discrete Mathematics and Graph Theory,4,math,71,93,B,3.0,completed,1
STU0092,3,MATH 20C,Calculus and Analytic Geometry for Science and Engineering,4,math,82,79,A-,3.7,completed,1
STU0092,4,CSE 101,Design and Analysis of Algorithms,4,core,74,91,B,3.0,completed,1
STU0092,4,CSE 103,A Practical Introduction to Probability and Statistics,4,core,74,85,B,3.0,completed,1
STU0092,4,CSE 110,Software Engineering,4,core,77,75,B+,3.3,completed,1
STU0092,4,DSC 40B,Theoretical Foundations of Data Science II,4,data,79,85,B+,3.3,completed,1
STU0092,5,CSE 123,Computer Networks,4,networks,67,82,B-,2.7,completed,1
STU0092,5,CSE 132A,Database System Principles,4,database,76,99,B+,3.3,completed,1
STU0092,5,DSC 80,The Practice and Application of Data Science,4,data,91,89,A+,4.0,completed,1
STU0092,5,ECE 109,Engineering Probability and Statistics,4,math,80,86,A-,3.7,completed,1
STU0092,5,MATH 183,Statistical Methods,4,math,82,83,A-,3.7,completed,1
STU0092,6,CSE 132B,Database Systems Applications,4,database,83,100,A-,3.7,completed,1
STU0092,6,CSE 150A,Introduction to Artificial Intelligence: Probabilistic Reasoning and Decision-Making,4,ai,72,95,B,3.0,completed,1
STU0092,6,CSE 150B,Introduction to Artificial Intelligence: Search and Reasoning,4,ai,78,68,B+,3.3,completed,1
STU0092,6,CSE 151A,Introduction to Machine Learning,4,ai,73,83,B,3.0,completed,1
STU0092,6,MATH 181A,Introduction to Mathematical Statistics I,4,math,78,84,B+,3.3,completed,1
STU0092,7,CSE 124,Networked Services,4,networks,79,63,B+,3.3,current,1
STU0092,7,CSE 127,Introduction to Computer Security,4,security,79,80,B+,3.3,current,1
STU0092,7,CSE 131,Compiler Construction,4,systems,80,94,A-,3.7,current,1
STU0092,7,CSE 158,Recommender Systems and Web Mining,4,ai,89,92,A,4.0,current,1
STU0092,7,MATH 188,Algebraic Combinatorics,4,math,62,90,C+,2.3,current,1
STU0093,1,CSE 11,Introduction to Computer Science and Object-Oriented Programming: Java,4,core,90,75,A+,4.0,completed,1
STU0093,1,CSE 5A,Introduction to Programming I,4,core,69,85,B-,2.7,completed,1
STU0093,1,MATH 18,Linear Algebra,4,math,82,86,A-,3.7,completed,1
STU0093,1,MATH 20A,Calculus for Science and Engineering,4,math,94,93,A+,4.0,completed,1
STU0093,2,CSE 12,Basic Data Structures and Object-Oriented Design,4,core,87,89,A,4.0,completed,1
STU0093,2,CSE 15L,Software Tools and Techniques Laboratory,2,lab,90,90,A+,4.0,completed,1
STU0093,2,CSE 20,Discrete Mathematics,4,math,90,86,A+,4.0,completed,1
STU0093,2,CSE 21,Mathematics for Algorithms and Systems,4,core,84,90,A-,3.7,completed,1
STU0093,2,MATH 20B,Calculus for Science and Engineering,4,math,96,87,A+,4.0,completed,1
STU0093,3,CSE 100,Advanced Data Structures,4,core,84,83,A-,3.7,completed,1
STU0093,3,CSE 30,Computer Organization and Systems Programming,4,core,87,85,A,4.0,completed,1
STU0093,3,MATH 154,Discrete Mathematics and Graph Theory,4,math,82,91,A-,3.7,completed,1
STU0093,3,MATH 20C,Calculus and Analytic Geometry for Science and Engineering,4,math,81,92,A-,3.7,completed,1
STU0093,4,CSE 101,Design and Analysis of Algorithms,4,core,89,95,A,4.0,completed,1
STU0093,4,CSE 103,A Practical Introduction to Probability and Statistics,4,core,72,91,B,3.0,completed,1
STU0093,4,CSE 110,Software Engineering,4,core,82,100,A-,3.7,completed,1
STU0093,4,DSC 40B,Theoretical Foundations of Data Science II,4,data,83,80,A-,3.7,completed,1
STU0093,5,CSE 120,Principles of Computer Operating Systems,4,systems,78,71,B+,3.3,completed,1
STU0093,5,CSE 123,Computer Networks,4,networks,93,100,A+,4.0,completed,1
STU0093,5,CSE 130,Programming Languages: Principles and Paradigms,4,systems,82,100,A-,3.7,completed,1
STU0093,5,CSE 132A,Database System Principles,4,database,89,84,A,4.0,completed,1
STU0093,5,MATH 183,Statistical Methods,4,math,84,98,A-,3.7,completed,1
STU0093,6,CSE 105,Theory of Computability,4,systems,95,92,A+,4.0,current,1
STU0093,6,CSE 150A,Introduction to Artificial Intelligence: Probabilistic Reasoning and Decision-Making,4,ai,85,96,A,4.0,current,1
STU0093,6,CSE 150B,Introduction to Artificial Intelligence: Search and Reasoning,4,ai,81,84,A-,3.7,current,1
STU0093,6,CSE 151A,Introduction to Machine Learning,4,ai,94,74,A+,4.0,current,1
STU0093,6,MATH 181A,Introduction to Mathematical Statistics I,4,math,59,91,C,2.0,current,1
STU0094,1,CSE 11,Introduction to Computer Science and Object-Oriented Programming: Java,4,core,93,74,A+,4.0,completed,1
STU0094,1,CSE 5A,Introduction to Programming I,4,core,80,69,A-,3.7,completed,1
STU0094,1,MATH 18,Linear Algebra,4,math,95,86,A+,4.0,completed,1
STU0094,1,MATH 20A,Calculus for Science and Engineering,4,math,63,86,C+,2.3,completed,1
STU0094,2,CSE 12,Basic Data Structures and Object-Oriented Design,4,core,87,92,A,4.0,completed,1
STU0094,2,CSE 15L,Software Tools and Techniques Laboratory,2,lab,67,96,B-,2.7,completed,1
STU0094,2,CSE 20,Discrete Mathematics,4,math,88,94,A,4.0,completed,1
STU0094,2,CSE 21,Mathematics for Algorithms and Systems,4,core,90,96,A+,4.0,completed,1
STU0094,2,MATH 20B,Calculus for Science and Engineering,4,math,88,92,A,4.0,completed,1
STU0094,3,CSE 100,Advanced Data Structures,4,core,93,96,A+,4.0,completed,1
STU0094,3,CSE 30,Computer Organization and Systems Programming,4,core,86,89,A,4.0,completed,1
STU0094,3,MATH 154,Discrete Mathematics and Graph Theory,4,math,76,85,B+,3.3,completed,1
STU0094,3,MATH 20C,Calculus and Analytic Geometry for Science and Engineering,4,math,66,72,B-,2.7,completed,1
STU0094,4,CSE 101,Design and Analysis of Algorithms,4,core,75,84,B+,3.3,completed,1
STU0094,4,CSE 103,A Practical Introduction to Probability and Statistics,4,core,75,88,B+,3.3,completed,1
STU0094,4,CSE 110,Software Engineering,4,core,86,55,A,4.0,completed,1
STU0094,4,DSC 40B,Theoretical Foundations of Data Science II,4,data,98,91,A+,4.0,completed,1
STU0094,5,CSE 120,Principles of Computer Operating Systems,4,systems,86,85,A,4.0,completed,1
STU0094,5,CSE 123,Computer Networks,4,networks,84,97,A-,3.7,completed,1
STU0094,5,CSE 132A,Database System Principles,4,database,86,87,A,4.0,completed,1
STU0094,5,DSC 80,The Practice and Application of Data Science,4,data,93,100,A+,4.0,completed,1
STU0094,5,ECE 109,Engineering Probability and Statistics,4,math,84,98,A-,3.7,completed,1
STU0094,6,CSE 105,Theory of Computability,4,systems,94,78,A+,4.0,current,1
STU0094,6,CSE 132B,Database Systems Applications,4,database,93,86,A+,4.0,current,1
STU0094,6,CSE 150A,Introduction to Artificial Intelligence: Probabilistic Reasoning and Decision-Making,4,ai,70,100,B,3.0,current,1
STU0094,6,CSE 150B,Introduction to Artificial Intelligence: Search and Reasoning,4,ai,78,96,B+,3.3,current,1
STU0094,6,MATH 181A,Introduction to Mathematical Statistics I,4,math,76,98,B+,3.3,current,1
STU0095,1,CSE 11,Introduction to Computer Science and Object-Oriented Programming: Java,4,core,78,81,B+,3.3,completed,1
STU0095,1,CSE 5A,Introduction to Programming I,4,core,97,89,A+,4.0,completed,1
STU0095,1,MATH 18,Linear Algebra,4,math,75,75,B+,3.3,completed,1
STU0095,1,MATH 20A,Calculus for Science and Engineering,4,math,72,83,B,3.0,completed,1
STU0095,2,CSE 12,Basic Data Structures and Object-Oriented Design,4,core,86,92,A,4.0,completed,1
STU0095,2,CSE 15L,Software Tools and Techniques Laboratory,2,lab,87,81,A,4.0,completed,1
STU0095,2,CSE 20,Discrete Mathematics,4,math,77,72,B+,3.3,completed,1
STU0095,2,CSE 21,Mathematics for Algorithms and Systems,4,core,83,82,A-,3.7,completed,1
STU0095,2,MATH 20B,Calculus for Science and Engineering,4,math,84,88,A-,3.7,completed,1
STU0095,3,CSE 100,Advanced Data Structures,4,core,77,80,B+,3.3,completed,1
STU0095,3,CSE 30,Computer Organization and Systems Programming,4,core,89,100,A,4.0,completed,1
STU0095,3,MATH 154,Discrete Mathematics and Graph Theory,4,math,63,89,C+,2.3,completed,1
STU0095,3,MATH 20C,Calculus and Analytic Geometry for Science and Engineering,4,math,82,83,A-,3.7,completed,1
STU0095,4,CSE 101,Design and Analysis of Algorithms,4,core,82,77,A-,3.7,current,1
STU0095,4,CSE 103,A Practical Introduction to Probability and Statistics,4,core,70,86,B,3.0,current,1
STU0095,4,CSE 110,Software Engineering,4,core,79,67,B+,3.3,current,1
STU0095,4,DSC 40B,Theoretical Foundations of Data Science II,4,data,89,78,A,4.0,current,1
STU0096,1,CSE 11,Introduction to Computer Science and Object-Oriented Programming: Java,4,core,82,94,A-,3.7,completed,1
STU0096,1,CSE 5A,Introduction to Programming I,4,core,79,68,B+,3.3,completed,1
STU0096,1,MATH 18,Linear Algebra,4,math,83,91,A-,3.7,completed,1
STU0096,1,MATH 20A,Calculus for Science and Engineering,4,math,79,81,B+,3.3,completed,1
STU0096,2,CSE 12,Basic Data Structures and Object-Oriented Design,4,core,66,78,B-,2.7,completed,1
STU0096,2,CSE 15L,Software Tools and Techniques Laboratory,2,lab,81,81,A-,3.7,completed,1
STU0096,2,CSE 20,Discrete Mathematics,4,math,64,85,C+,2.3,completed,1
STU0096,2,CSE 21,Mathematics for Algorithms and Systems,4,core,84,93,A-,3.7,completed,1
STU0096,2,MATH 20B,Calculus for Science and Engineering,4,math,84,92,A-,3.7,completed,1
STU0096,3,CSE 100,Advanced Data Structures,4,core,75,100,B+,3.3,completed,1
STU0096,3,CSE 30,Computer Organization and Systems Programming,4,core,78,99,B+,3.3,completed,1
STU0096,3,MATH 154,Discrete Mathematics and Graph Theory,4,math,71,93,B,3.0,completed,1
STU0096,3,MATH 20C,Calculus and Analytic Geometry for Science and Engineering,4,math,68,66,B-,2.7,completed,1
STU0096,4,CSE 101,Design and Analysis of Algorithms,4,core,62,91,C+,2.3,completed,1
STU0096,4,CSE 103,A Practical Introduction to Probability and Statistics,4,core,75,81,B+,3.3,completed,1
STU0096,4,CSE 110,Software Engineering,4,core,69,75,B-,2.7,completed,1
STU0096,4,DSC 40B,Theoretical Foundations of Data Science II,4,data,85,91,A,4.0,completed,1
STU0096,5,CSE 123,Computer Networks,4,networks,71,88,B,3.0,completed,1
STU0096,5,CSE 130,Programming Languages: Principles and Paradigms,4,systems,86,99,A,4.0,completed,1
STU0096,5,CSE 132A,Database System Principles,4,database,72,86,B,3.0,completed,1
STU0096,5,ECE 109,Engineering Probability and Statistics,4,math,84,81,A-,3.7,completed,1
STU0096,5,MATH 183,Statistical Methods,4,math,91,89,A+,4.0,completed,1
STU0096,6,CSE 132B,Database Systems Applications,4,database,75,86,B+,3.3,current,1
STU0096,6,CSE 150A,Introduction to Artificial Intelligence: Probabilistic Reasoning and Decision-Making,4,ai,73,79,B,3.0,current,1
STU0096,6,CSE 150B,Introduction to Artificial Intelligence: Search and Reasoning,4,ai,74,73,B,3.0,current,1
STU0096,6,CSE 151A,Introduction to Machine Learning,4,ai,80,96,A-,3.7,current,1
STU0096,6,MATH 181A,Introduction to Mathematical Statistics I,4,math,69,79,B-,2.7,current,1
STU0097,1,CSE 11,Introduction to Computer Science and Object-Oriented Programming: Java,4,core,77,99,B+,3.3,completed,1
STU0097,1,CSE 5A,Introduction to Programming I,4,core,78,92,B+,3.3,completed,1
STU0097,1,MATH 18,Linear Algebra,4,math,68,75,B-,2.7,completed,1
STU0097,1,MATH 20A,Calculus for Science and Engineering,4,math,98,73,A+,4.0,completed,1
STU0097,2,CSE 12,Basic Data Structures and Object-Oriented Design,4,core,84,85,A-,3.7,completed,1
STU0097,2,CSE 15L,Software Tools and Techniques Laboratory,2,lab,84,77,A-,3.7,completed,1
STU0097,2,CSE 20,Discrete Mathematics,4,math,69,91,B-,2.7,completed,1
STU0097,2,CSE 21,Mathematics for Algorithms and Systems,4,core,77,83,B+,3.3,completed,1
STU0097,2,MATH 20B,Calculus for Science and Engineering,4,math,65,73,B-,2.7,completed,1
STU0097,3,CSE 100,Advanced Data Structures,4,core,90,67,A+,4.0,completed,1
STU0097,3,CSE 30,Computer Organization and Systems Programming,4,core,85,59,A,4.0,completed,1
STU0097,3,MATH 154,Discrete Mathematics and Graph Theory,4,math,62,70,C+,2.3,completed,1
STU0097,3,MATH 20C,Calculus and Analytic Geometry for Science and Engineering,4,math,81,89,A-,3.7,completed,1
STU0097,4,CSE 101,Design and Analysis of Algorithms,4,core,88,100,A,4.0,completed,1
STU0097,4,CSE 103,A Practical Introduction to Probability and Statistics,4,core,86,76,A,4.0,completed,1
STU0097,4,CSE 110,Software Engineering,4,core,58,90,C,2.0,completed,1
STU0097,4,DSC 40B,Theoretical Foundations of Data Science II,4,data,63,88,C+,2.3,completed,1
STU0097,5,CSE 120,Principles of Computer Operating Systems,4,systems,76,97,B+,3.3,completed,1
STU0097,5,CSE 123,Computer Networks,4,networks,83,85,A-,3.7,completed,1
STU0097,5,CSE 132A,Database System Principles,4,database,66,98,B-,2.7,completed,1
STU0097,5,DSC 80,The Practice and Application of Data Science,4,data,90,76,A+,4.0,completed,1
STU0097,5,MATH 183,Statistical Methods,4,math,78,100,B+,3.3,completed,1
STU0097,6,CSE 105,Theory of Computability,4,systems,74,85,B,3.0,completed,1
STU0097,6,CSE 132B,Database Systems Applications,4,database,72,97,B,3.0,completed,1
STU0097,6,CSE 150B,Introduction to Artificial Intelligence: Search and Reasoning,4,ai,57,82,C,2.0,completed,1
STU0097,6,CSE 151A,Introduction to Machine Learning,4,ai,76,90,B+,3.3,completed,1
STU0097,6,MATH 181A,Introduction to Mathematical Statistics I,4,math,74,71,B,3.0,completed,1
STU0097,7,CSE 127,Introduction to Computer Security,4,security,80,89,A-,3.7,current,1
STU0097,7,CSE 131,Compiler Construction,4,systems,66,86,B-,2.7,current,1
STU0097,7,CSE 152,Introduction to Computer Vision,4,ai,67,71,B-,2.7,current,1
STU0097,7,CSE 158,Recommender Systems and Web Mining,4,ai,78,85,B+,3.3,current,1
STU0097,7,MATH 188,Algebraic Combinatorics,4,math,78,91,B+,3.3,current,1
STU0098,1,CSE 11,Introduction to Computer Science and Object-Oriented Programming: Java,4,core,90,71,A+,4.0,completed,1
STU0098,1,CSE 5A,Introduction to Programming I,4,core,80,90,A-,3.7,completed,1
STU0098,1,MATH 18,Linear Algebra,4,math,80,70,A-,3.7,completed,1
STU0098,1,MATH 20A,Calculus for Science and Engineering,4,math,91,83,A+,4.0,completed,1
STU0098,2,CSE 12,Basic Data Structures and Object-Oriented Design,4,core,69,89,B-,2.7,completed,1
STU0098,2,CSE 15L,Software Tools and Techniques Laboratory,2,lab,82,79,A-,3.7,completed,1
STU0098,2,CSE 20,Discrete Mathematics,4,math,94,88,A+,4.0,completed,1
STU0098,2,CSE 21,Mathematics for Algorithms and Systems,4,core,89,65,A,4.0,completed,1
STU0098,2,MATH 20B,Calculus for Science and Engineering,4,math,84,99,A-,3.7,completed,1
STU0098,3,CSE 100,Advanced Data Structures,4,core,98,84,A+,4.0,completed,1
STU0098,3,CSE 30,Computer Organization and Systems Programming,4,core,74,92,B,3.0,completed,1
STU0098,3,MATH 154,Discrete Mathematics and Graph Theory,4,math,78,90,B+,3.3,completed,1
STU0098,3,MATH 20C,Calculus and Analytic Geometry for Science and Engineering,4,math,79,79,B+,3.3,completed,1
STU0098,4,CSE 101,Design and Analysis of Algorithms,4,core,88,84,A,4.0,completed,1
STU0098,4,CSE 103,A Practical Introduction to Probability and Statistics,4,core,69,73,B-,2.7,completed,1
STU0098,4,CSE 110,Software Engineering,4,core,89,80,A,4.0,completed,1
STU0098,4,DSC 40B,Theoretical Foundations of Data Science II,4,data,89,83,A,4.0,completed,1
STU0098,5,CSE 120,Principles of Computer Operating Systems,4,systems,86,80,A,4.0,completed,1
STU0098,5,CSE 123,Computer Networks,4,networks,72,83,B,3.0,completed,1
STU0098,5,CSE 130,Programming Languages: Principles and Paradigms,4,systems,87,77,A,4.0,completed,1
STU0098,5,CSE 132A,Database System Principles,4,database,83,89,A-,3.7,completed,1
STU0098,5,ECE 109,Engineering Probability and Statistics,4,math,96,88,A+,4.0,completed,1
STU0098,6,CSE 105,Theory of Computability,4,systems,79,100,B+,3.3,completed,1
STU0098,6,CSE 132B,Database Systems Applications,4,database,68,78,B-,2.7,completed,1
STU0098,6,CSE 150A,Introduction to Artificial Intelligence: Probabilistic Reasoning and Decision-Making,4,ai,61,88,C+,2.3,completed,1
STU0098,6,CSE 151A,Introduction to Machine Learning,4,ai,88,87,A,4.0,completed,1
STU0098,6,MATH 181A,Introduction to Mathematical Statistics I,4,math,73,100,B,3.0,completed,1
STU0098,7,CSE 127,Introduction to Computer Security,4,security,78,80,B+,3.3,current,1
STU0098,7,CSE 131,Compiler Construction,4,systems,83,82,A-,3.7,current,1
STU0098,7,CSE 151B,Deep Learning,4,ai,89,77,A,4.0,current,1
STU0098,7,CSE 152,Introduction to Computer Vision,4,ai,86,84,A,4.0,current,1
STU0098,7,CSE 158,Recommender Systems and Web Mining,4,ai,77,89,B+,3.3,current,1
STU0099,1,CSE 11,Introduction to Computer Science and Object-Oriented Programming: Java,4,core,84,86,A-,3.7,completed,1
STU0099,1,CSE 5A,Introduction to Programming I,4,core,75,78,B+,3.3,completed,1
STU0099,1,MATH 18,Linear Algebra,4,math,91,100,A+,4.0,completed,1
STU0099,1,MATH 20A,Calculus for Science and Engineering,4,math,88,81,A,4.0,completed,1
STU0099,2,CSE 12,Basic Data Structures and Object-Oriented Design,4,core,82,84,A-,3.7,completed,1
STU0099,2,CSE 15L,Software Tools and Techniques Laboratory,2,lab,98,97,A+,4.0,completed,1
STU0099,2,CSE 20,Discrete Mathematics,4,math,94,92,A+,4.0,completed,1
STU0099,2,CSE 21,Mathematics for Algorithms and Systems,4,core,95,85,A+,4.0,completed,1
STU0099,2,MATH 20B,Calculus for Science and Engineering,4,math,84,75,A-,3.7,completed,1
STU0099,3,CSE 100,Advanced Data Structures,4,core,93,88,A+,4.0,completed,1
STU0099,3,CSE 30,Computer Organization and Systems Programming,4,core,95,75,A+,4.0,completed,1
STU0099,3,MATH 154,Discrete Mathematics and Graph Theory,4,math,86,89,A,4.0,completed,1
STU0099,3,MATH 20C,Calculus and Analytic Geometry for Science and Engineering,4,math,98,86,A+,4.0,completed,1
STU0099,4,CSE 101,Design and Analysis of Algorithms,4,core,86,100,A,4.0,current,1
STU0099,4,CSE 103,A Practical Introduction to Probability and Statistics,4,core,77,69,B+,3.3,current,1
STU0099,4,CSE 110,Software Engineering,4,core,98,91,A+,4.0,current,1
STU0099,4,DSC 40B,Theoretical Foundations of Data Science II,4,data,98,87,A+,4.0,current,1
STU0100,1,CSE 11,Introduction to Computer Science and Object-Oriented Programming: Java,4,core,67,81,B-,2.7,completed,1
STU0100,1,CSE 5A,Introduction to Programming I,4,core,68,92,B-,2.7,completed,1
STU0100,1,MATH 18,Linear Algebra,4,math,63,80,C+,2.3,completed,1
STU0100,1,MATH 20A,Calculus for Science and Engineering,4,math,93,100,A+,4.0,completed,1
STU0100,2,CSE 12,Basic Data Structures and Object-Oriented Design,4,core,80,77,A-,3.7,completed,1
STU0100,2,CSE 15L,Software Tools and Techniques Laboratory,2,lab,78,79,B+,3.3,completed,1
STU0100,2,CSE 20,Discrete Mathematics,4,math,77,100,B+,3.3,completed,1
STU0100,2,CSE 21,Mathematics for Algorithms and Systems,4,core,92,88,A+,4.0,completed,1
STU0100,2,MATH 20B,Calculus for Science and Engineering,4,math,84,59,A-,3.7,completed,1
STU0100,3,CSE 100,Advanced Data Structures,4,core,71,83,B,3.0,current,1
STU0100,3,CSE 30,Computer Organization and Systems Programming,4,core,93,85,A+,4.0,current,1
STU0100,3,MATH 154,Discrete Mathematics and Graph Theory,4,math,75,72,B+,3.3,current,1
STU0100,3,MATH 20C,Calculus and Analytic Geometry for Science and Engineering,4,math,90,66,A+,4.0,current,1
STU0101,1,CSE 11,Introduction to Computer Science and Object-Oriented Programming: Java,4,core,55,80,C,2.0,completed,1
STU0101,1,CSE 5A,Introduction to Programming I,4,core,76,66,B+,3.3,completed,1
STU0101,1,MATH 18,Linear Algebra,4,math,66,77,B-,2.7,completed,1
STU0101,1,MATH 20A,Calculus for Science and Engineering,4,math,69,94,B-,2.7,completed,1
STU0101,2,CSE 12,Basic Data Structures and Object-Oriented Design,4,core,67,74,B-,2.7,completed,1
STU0101,2,CSE 15L,Software Tools and Techniques Laboratory,2,lab,67,86,B-,2.7,completed,1
STU0101,2,CSE 20,Discrete Mathematics,4,math,61,80,C+,2.3,completed,1
STU0101,2,CSE 21,Mathematics for Algorithms and Systems,4,core,74,72,B,3.0,completed,1
STU0101,2,MATH 20B,Calculus for Science and Engineering,4,math,70,92,B,3.0,completed,1
STU0101,3,CSE 100,Advanced Data Structures,4,core,63,73,C+,2.3,completed,1
STU0101,3,CSE 30,Computer Organization and Systems Programming,4,core,62,88,C+,2.3,completed,1
STU0101,3,MATH 154,Discrete Mathematics and Graph Theory,4,math,54,91,C-,1.7,completed,1
STU0101,3,MATH 20C,Calculus and Analytic Geometry for Science and Engineering,4,math,67,78,B-,2.7,completed,1
STU0101,4,CSE 101,Design and Analysis of Algorithms,4,core,70,85,B,3.0,completed,1
STU0101,4,CSE 103,A Practical Introduction to Probability and Statistics,4,core,79,87,B+,3.3,completed,1
STU0101,4,CSE 110,Software Engineering,4,core,66,78,B-,2.7,completed,1
STU0101,4,DSC 40B,Theoretical Foundations of Data Science II,4,data,63,87,C+,2.3,completed,1
STU0101,5,CSE 123,Computer Networks,4,networks,76,77,B+,3.3,completed,1
STU0101,5,CSE 130,Programming Languages: Principles and Paradigms,4,systems,61,78,C+,2.3,completed,1
STU0101,5,CSE 132A,Database System Principles,4,database,66,77,B-,2.7,completed,1
STU0101,5,DSC 80,The Practice and Application of Data Science,4,data,85,77,A,4.0,completed,1
STU0101,5,MATH 183,Statistical Methods,4,math,68,86,B-,2.7,completed,1
STU0101,6,CSE 132B,Database Systems Applications,4,database,78,73,B+,3.3,current,1
STU0101,6,CSE 150A,Introduction to Artificial Intelligence: Probabilistic Reasoning and Decision-Making,4,ai,64,81,C+,2.3,current,1
STU0101,6,CSE 150B,Introduction to Artificial Intelligence: Search and Reasoning,4,ai,65,85,B-,2.7,current,1
STU0101,6,CSE 151A,Introduction to Machine Learning,4,ai,80,92,A-,3.7,current,1
STU0101,6,MATH 181A,Introduction to Mathematical Statistics I,4,math,80,71,A-,3.7,current,1
STU0102,1,CSE 11,Introduction to Computer Science and Object-Oriented Programming: Java,4,core,80,80,A-,3.7,completed,1
STU0102,1,CSE 5A,Introduction to Programming I,4,core,83,84,A-,3.7,completed,1
STU0102,1,MATH 18,Linear Algebra,4,math,87,96,A,4.0,completed,1
STU0102,1,MATH 20A,Calculus for Science and Engineering,4,math,84,76,A-,3.7,completed,1
STU0102,2,CSE 12,Basic Data Structures and Object-Oriented Design,4,core,87,68,A,4.0,completed,1
STU0102,2,CSE 15L,Software Tools and Techniques Laboratory,2,lab,88,100,A,4.0,completed,1
STU0102,2,CSE 20,Discrete Mathematics,4,math,92,67,A+,4.0,completed,1
STU0102,2,CSE 21,Mathematics for Algorithms and Systems,4,core,82,85,A-,3.7,completed,1
STU0102,2,MATH 20B,Calculus for Science and Engineering,4,math,90,100,A+,4.0,completed,1
STU0102,3,CSE 100,Advanced Data Structures,4,core,94,77,A+,4.0,completed,1
STU0102,3,CSE 30,Computer Organization and Systems Programming,4,core,86,74,A,4.0,completed,1
STU0102,3,MATH 154,Discrete Mathematics and Graph Theory,4,math,89,76,A,4.0,completed,1
STU0102,3,MATH 20C,Calculus and Analytic Geometry for Science and Engineering,4,math,88,100,A,4.0,completed,1
STU0102,4,CSE 101,Design and Analysis of Algorithms,4,core,78,99,B+,3.3,completed,1
STU0102,4,CSE 103,A Practical Introduction to Probability and Statistics,4,core,84,78,A-,3.7,completed,1
STU0102,4,CSE 110,Software Engineering,4,core,84,81,A-,3.7,completed,1
STU0102,4,DSC 40B,Theoretical Foundations of Data Science II,4,data,73,69,B,3.0,completed,1
STU0102,5,CSE 120,Principles of Computer Operating Systems,4,systems,70,91,B,3.0,completed,1
STU0102,5,CSE 123,Computer Networks,4,networks,94,87,A+,4.0,completed,1
STU0102,5,CSE 132A,Database System Principles,4,database,74,95,B,3.0,completed,1
STU0102,5,DSC 80,The Practice and Application of Data Science,4,data,80,97,A-,3.7,completed,1
STU0102,5,MATH 183,Statistical Methods,4,math,98,70,A+,4.0,completed,1
STU0102,6,CSE 132B,Database Systems Applications,4,database,84,81,A-,3.7,completed,1
STU0102,6,CSE 150A,Introduction to Artificial Intelligence: Probabilistic Reasoning and Decision-Making,4,ai,91,99,A+,4.0,completed,1
STU0102,6,CSE 150B,Introduction to Artificial Intelligence: Search and Reasoning,4,ai,78,82,B+,3.3,completed,1
STU0102,6,CSE 151A,Introduction to Machine Learning,4,ai,92,84,A+,4.0,completed,1
STU0102,6,MATH 181A,Introduction to Mathematical Statistics I,4,math,86,100,A,4.0,completed,1
STU0102,7,CSE 127,Introduction to Computer Security,4,security,94,89,A+,4.0,current,1
STU0102,7,CSE 151B,Deep Learning,4,ai,81,92,A-,3.7,current,1
STU0102,7,CSE 152,Introduction to Computer Vision,4,ai,78,86,B+,3.3,current,1
STU0102,7,CSE 158,Recommender Systems and Web Mining,4,ai,95,86,A+,4.0,current,1
STU0102,7,MATH 188,Algebraic Combinatorics,4,math,76,77,B+,3.3,current,1
STU0103,1,CSE 11,Introduction to Computer Science and Object-Oriented Programming: Java,4,core,88,95,A,4.0,completed,1
STU0103,1,CSE 5A,Introduction to Programming I,4,core,81,80,A-,3.7,completed,1
STU0103,1,MATH 18,Linear Algebra,4,math,98,82,A+,4.0,completed,1
STU0103,1,MATH 20A,Calculus for Science and Engineering,4,math,74,95,B,3.0,completed,1
STU0103,2,CSE 12,Basic Data Structures and Object-Oriented Design,4,core,78,100,B+,3.3,completed,1
STU0103,2,CSE 15L,Software Tools and Techniques Laboratory,2,lab,72,76,B,3.0,completed,1
STU0103,2,CSE 20,Discrete Mathematics,4,math,82,79,A-,3.7,completed,1
STU0103,2,CSE 21,Mathematics for Algorithms and Systems,4,core,96,90,A+,4.0,completed,1
STU0103,2,MATH 20B,Calculus for Science and Engineering,4,math,98,81,A+,4.0,completed,1
STU0103,3,CSE 100,Advanced Data Structures,4,core,73,91,B,3.0,current,1
STU0103,3,CSE 30,Computer Organization and Systems Programming,4,core,81,81,A-,3.7,current,1
STU0103,3,MATH 154,Discrete Mathematics and Graph Theory,4,math,87,88,A,4.0,current,1
STU0103,3,MATH 20C,Calculus and Analytic Geometry for Science and Engineering,4,math,82,69,A-,3.7,current,1
STU0104,1,CSE 11,Introduction to Computer Science and Object-Oriented Programming: Java,4,core,69,89,B-,2.7,completed,1
STU0104,1,CSE 5A,Introduction to Programming I,4,core,70,76,B,3.0,completed,1
STU0104,1,MATH 18,Linear Algebra,4,math,79,96,B+,3.3,completed,1
STU0104,1,MATH 20A,Calculus for Science and Engineering,4,math,82,100,A-,3.7,completed,1
STU0104,2,CSE 12,Basic Data Structures and Object-Oriented Design,4,core,88,95,A,4.0,completed,1
STU0104,2,CSE 15L,Software Tools and Techniques Laboratory,2,lab,73,85,B,3.0,completed,1
STU0104,2,CSE 20,Discrete Mathematics,4,math,79,75,B+,3.3,completed,1
STU0104,2,CSE 21,Mathematics for Algorithms and Systems,4,core,69,83,B-,2.7,completed,1
STU0104,2,MATH 20B,Calculus for Science and Engineering,4,math,89,81,A,4.0,completed,1
STU0104,3,CSE 100,Advanced Data Structures,4,core,73,97,B,3.0,current,1
STU0104,3,CSE 30,Computer Organization and Systems Programming,4,core,79,71,B+,3.3,current,1
STU0104,3,MATH 154,Discrete Mathematics and Graph Theory,4,math,82,76,A-,3.7,current,1
STU0104,3,MATH 20C,Calculus and Analytic Geometry for Science and Engineering,4,math,76,100,B+,3.3,current,1
STU0105,1,CSE 11,Introduction to Computer Science and Object-Oriented Programming: Java,4,core,78,97,B+,3.3,completed,1
STU0105,1,CSE 5A,Introduction to Programming I,4,core,71,85,B,3.0,completed,1
STU0105,1,MATH 18,Linear Algebra,4,math,90,81,A+,4.0,completed,1
STU0105,1,MATH 20A,Calculus for Science and Engineering,4,math,88,73,A,4.0,completed,1
STU0105,2,CSE 12,Basic Data Structures and Object-Oriented Design,4,core,77,98,B+,3.3,completed,1
STU0105,2,CSE 15L,Software Tools and Techniques Laboratory,2,lab,82,86,A-,3.7,completed,1
STU0105,2,CSE 20,Discrete Mathematics,4,math,84,85,A-,3.7,completed,1
STU0105,2,CSE 21,Mathematics for Algorithms and Systems,4,core,87,94,A,4.0,completed,1
STU0105,2,MATH 20B,Calculus for Science and Engineering,4,math,86,96,A,4.0,completed,1
STU0105,3,CSE 100,Advanced Data Structures,4,core,75,97,B+,3.3,completed,1
STU0105,3,CSE 30,Computer Organization and Systems Programming,4,core,93,84,A+,4.0,completed,1
STU0105,3,MATH 154,Discrete Mathematics and Graph Theory,4,math,79,99,B+,3.3,completed,1
STU0105,3,MATH 20C,Calculus and Analytic Geometry for Science and Engineering,4,math,90,83,A+,4.0,completed,1
STU0105,4,CSE 101,Design and Analysis of Algorithms,4,core,76,87,B+,3.3,completed,1
STU0105,4,CSE 103,A Practical Introduction to Probability and Statistics,4,core,86,87,A,4.0,completed,1
STU0105,4,CSE 110,Software Engineering,4,core,79,78,B+,3.3,completed,1
STU0105,4,DSC 40B,Theoretical Foundations of Data Science II,4,data,80,86,A-,3.7,completed,1
STU0105,5,CSE 120,Principles of Computer Operating Systems,4,systems,68,76,B-,2.7,completed,1
STU0105,5,CSE 123,Computer Networks,4,networks,81,85,A-,3.7,completed,1
STU0105,5,CSE 132A,Database System Principles,4,database,80,100,A-,3.7,completed,1
STU0105,5,DSC 80,The Practice and Application of Data Science,4,data,68,90,B-,2.7,completed,1
STU0105,5,ECE 109,Engineering Probability and Statistics,4,math,92,90,A+,4.0,completed,1
STU0105,6,CSE 105,Theory of Computability,4,systems,71,74,B,3.0,current,1
STU0105,6,CSE 132B,Database Systems Applications,4,database,76,99,B+,3.3,current,1
STU0105,6,CSE 150B,Introduction to Artificial Intelligence: Search and Reasoning,4,ai,69,93,B-,2.7,current,1
STU0105,6,CSE 151A,Introduction to Machine Learning,4,ai,77,83,B+,3.3,current,1
STU0105,6,MATH 181A,Introduction to Mathematical Statistics I,4,math,85,79,A,4.0,current,1
STU0106,1,CSE 11,Introduction to Computer Science and Object-Oriented Programming: Java,4,core,93,100,A+,4.0,completed,1
STU0106,1,CSE 5A,Introduction to Programming I,4,core,81,78,A-,3.7,completed,1
STU0106,1,MATH 18,Linear Algebra,4,math,89,79,A,4.0,completed,1
STU0106,1,MATH 20A,Calculus for Science and Engineering,4,math,87,86,A,4.0,completed,1
STU0106,2,CSE 12,Basic Data Structures and Object-Oriented Design,4,core,84,78,A-,3.7,completed,1
STU0106,2,CSE 15L,Software Tools and Techniques Laboratory,2,lab,74,88,B,3.0,completed,1
STU0106,2,CSE 20,Discrete Mathematics,4,math,72,88,B,3.0,completed,1
STU0106,2,CSE 21,Mathematics for Algorithms and Systems,4,core,79,67,B+,3.3,completed,1
STU0106,2,MATH 20B,Calculus for Science and Engineering,4,math,67,74,B-,2.7,completed,1
STU0106,3,CSE 100,Advanced Data Structures,4,core,90,93,A+,4.0,completed,1
STU0106,3,CSE 30,Computer Organization and Systems Programming,4,core,85,86,A,4.0,completed,1
STU0106,3,MATH 154,Discrete Mathematics and Graph Theory,4,math,87,94,A,4.0,completed,1
STU0106,3,MATH 20C,Calculus and Analytic Geometry for Science and Engineering,4,math,82,94,A-,3.7,completed,1
STU0106,4,CSE 101,Design and Analysis of Algorithms,4,core,59,82,C,2.0,completed,1
STU0106,4,CSE 103,A Practical Introduction to Probability and Statistics,4,core,83,96,A-,3.7,completed,1
STU0106,4,CSE 110,Software Engineering,4,core,77,95,B+,3.3,completed,1
STU0106,4,DSC 40B,Theoretical Foundations of Data Science II,4,data,94,71,A+,4.0,completed,1
STU0106,5,CSE 120,Principles of Computer Operating Systems,4,systems,50,76,C-,1.7,completed,1
STU0106,5,CSE 123,Computer Networks,4,networks,80,74,A-,3.7,completed,1
STU0106,5,CSE 132A,Database System Principles,4,database,80,99,A-,3.7,completed,1
STU0106,5,DSC 80,The Practice and Application of Data Science,4,data,76,84,B+,3.3,completed,1
STU0106,5,MATH 183,Statistical Methods,4,math,86,94,A,4.0,completed,1
STU0106,6,CSE 105,Theory of Computability,4,systems,77,73,B+,3.3,current,1
STU0106,6,CSE 150A,Introduction to Artificial Intelligence: Probabilistic Reasoning and Decision-Making,4,ai,74,96,B,3.0,current,1
STU0106,6,CSE 150B,Introduction to Artificial Intelligence: Search and Reasoning,4,ai,80,88,A-,3.7,current,1
STU0106,6,CSE 151A,Introduction to Machine Learning,4,ai,83,75,A-,3.7,current,1
STU0106,6,MATH 181A,Introduction to Mathematical Statistics I,4,math,76,83,B+,3.3,current,1
STU0107,1,CSE 11,Introduction to Computer Science and Object-Oriented Programming: Java,4,core,70,91,B,3.0,completed,1
STU0107,1,CSE 5A,Introduction to Programming I,4,core,83,83,A-,3.7,completed,1
STU0107,1,MATH 18,Linear Algebra,4,math,86,90,A,4.0,completed,1
STU0107,1,MATH 20A,Calculus for Science and Engineering,4,math,67,83,B-,2.7,completed,1
STU0107,2,CSE 12,Basic Data Structures and Object-Oriented Design,4,core,92,89,A+,4.0,completed,1
STU0107,2,CSE 15L,Software Tools and Techniques Laboratory,2,lab,79,87,B+,3.3,completed,1
STU0107,2,CSE 20,Discrete Mathematics,4,math,79,82,B+,3.3,completed,1
STU0107,2,CSE 21,Mathematics for Algorithms and Systems,4,core,88,100,A,4.0,completed,1
STU0107,2,MATH 20B,Calculus for Science and Engineering,4,math,92,98,A+,4.0,completed,1
STU0107,3,CSE 100,Advanced Data Structures,4,core,91,89,A+,4.0,completed,1
STU0107,3,CSE 30,Computer Organization and Systems Programming,4,core,93,84,A+,4.0,completed,1
STU0107,3,MATH 154,Discrete Mathematics and Graph Theory,4,math,76,98,B+,3.3,completed,1
STU0107,3,MATH 20C,Calculus and Analytic Geometry for Science and Engineering,4,math,83,85,A-,3.7,completed,1
STU0107,4,CSE 101,Design and Analysis of Algorithms,4,core,83,86,A-,3.7,current,1
STU0107,4,CSE 103,A Practical Introduction to Probability and Statistics,4,core,91,75,A+,4.0,current,1
STU0107,4,CSE 110,Software Engineering,4,core,90,81,A+,4.0,current,1
STU0107,4,DSC 40B,Theoretical Foundations of Data Science II,4,data,62,77,C+,2.3,current,1
STU0108,1,CSE 11,Introduction to Computer Science and Object-Oriented Programming: Java,4,core,74,83,B,3.0,completed,1
STU0108,1,CSE 5A,Introduction to Programming I,4,core,78,88,B+,3.3,completed,1
STU0108,1,MATH 18,Linear Algebra,4,math,83,78,A-,3.7,completed,1
STU0108,1,MATH 20A,Calculus for Science and Engineering,4,math,69,97,B-,2.7,completed,1
STU0108,2,CSE 12,Basic Data Structures and Object-Oriented Design,4,core,77,79,B+,3.3,completed,1
STU0108,2,CSE 15L,Software Tools and Techniques Laboratory,2,lab,73,87,B,3.0,completed,1
STU0108,2,CSE 20,Discrete Mathematics,4,math,78,81,B+,3.3,completed,1
STU0108,2,CSE 21,Mathematics for Algorithms and Systems,4,core,76,80,B+,3.3,completed,1
STU0108,2,MATH 20B,Calculus for Science and Engineering,4,math,67,85,B-,2.7,completed,1
STU0108,3,CSE 100,Advanced Data Structures,4,core,70,79,B,3.0,completed,1
STU0108,3,CSE 30,Computer Organization and Systems Programming,4,core,77,79,B+,3.3,completed,1
STU0108,3,MATH 154,Discrete Mathematics and Graph Theory,4,math,86,89,A,4.0,completed,1
STU0108,3,MATH 20C,Calculus and Analytic Geometry for Science and Engineering,4,math,81,91,A-,3.7,completed,1
STU0108,4,CSE 101,Design and Analysis of Algorithms,4,core,80,75,A-,3.7,completed,1
STU0108,4,CSE 103,A Practical Introduction to Probability and Statistics,4,core,79,77,B+,3.3,completed,1
STU0108,4,CSE 110,Software Engineering,4,core,64,91,C+,2.3,completed,1
STU0108,4,DSC 40B,Theoretical Foundations of Data Science II,4,data,75,76,B+,3.3,completed,1
STU0108,5,CSE 120,Principles of Computer Operating Systems,4,systems,76,77,B+,3.3,completed,1
STU0108,5,CSE 123,Computer Networks,4,networks,87,83,A,4.0,completed,1
STU0108,5,CSE 130,Programming Languages: Principles and Paradigms,4,systems,94,60,A+,4.0,completed,1
STU0108,5,CSE 132A,Database System Principles,4,database,77,80,B+,3.3,completed,1
STU0108,5,DSC 80,The Practice and Application of Data Science,4,data,71,82,B,3.0,completed,1
STU0108,6,CSE 105,Theory of Computability,4,systems,98,89,A+,4.0,current,1
STU0108,6,CSE 132B,Database Systems Applications,4,database,66,71,B-,2.7,current,1
STU0108,6,CSE 150A,Introduction to Artificial Intelligence: Probabilistic Reasoning and Decision-Making,4,ai,74,81,B,3.0,current,1
STU0108,6,CSE 151A,Introduction to Machine Learning,4,ai,61,74,C+,2.3,current,1
STU0108,6,MATH 181A,Introduction to Mathematical Statistics I,4,math,95,89,A+,4.0,current,1
STU0109,1,CSE 11,Introduction to Computer Science and Object-Oriented Programming: Java,4,core,76,85,B+,3.3,completed,1
STU0109,1,CSE 5A,Introduction to Programming I,4,core,98,75,A+,4.0,completed,1
STU0109,1,MATH 18,Linear Algebra,4,math,94,80,A+,4.0,completed,1
STU0109,1,MATH 20A,Calculus for Science and Engineering,4,math,82,84,A-,3.7,completed,1
STU0109,2,CSE 12,Basic Data Structures and Object-Oriented Design,4,core,98,78,A+,4.0,completed,1
STU0109,2,CSE 15L,Software Tools and Techniques Laboratory,2,lab,86,83,A,4.0,completed,1
STU0109,2,CSE 20,Discrete Mathematics,4,math,82,89,A-,3.7,completed,1
STU0109,2,CSE 21,Mathematics for Algorithms and Systems,4,core,83,94,A-,3.7,completed,1
STU0109,2,MATH 20B,Calculus for Science and Engineering,4,math,98,98,A+,4.0,completed,1
STU0109,3,CSE 100,Advanced Data Structures,4,core,85,100,A,4.0,completed,1
STU0109,3,CSE 30,Computer Organization and Systems Programming,4,core,88,70,A,4.0,completed,1
STU0109,3,MATH 154,Discrete Mathematics and Graph Theory,4,math,75,83,B+,3.3,completed,1
STU0109,3,MATH 20C,Calculus and Analytic Geometry for Science and Engineering,4,math,79,78,B+,3.3,completed,1
STU0109,4,CSE 101,Design and Analysis of Algorithms,4,core,73,91,B,3.0,current,1
STU0109,4,CSE 103,A Practical Introduction to Probability and Statistics,4,core,96,82,A+,4.0,current,1
STU0109,4,CSE 110,Software Engineering,4,core,65,97,B-,2.7,current,1
STU0109,4,DSC 40B,Theoretical Foundations of Data Science II,4,data,84,100,A-,3.7,current,1
STU0110,1,CSE 11,Introduction to Computer Science and Object-Oriented Programming: Java,4,core,92,81,A+,4.0,completed,1
STU0110,1,CSE 5A,Introduction to Programming I,4,core,97,91,A+,4.0,completed,1
STU0110,1,MATH 18,Linear Algebra,4,math,97,79,A+,4.0,completed,1
STU0110,1,MATH 20A,Calculus for Science and Engineering,4,math,74,74,B,3.0,completed,1
STU0110,2,CSE 12,Basic Data Structures and Object-Oriented Design,4,core,86,83,A,4.0,completed,1
STU0110,2,CSE 15L,Software Tools and Techniques Laboratory,2,lab,89,86,A,4.0,completed,1
STU0110,2,CSE 20,Discrete Mathematics,4,math,89,85,A,4.0,completed,1
STU0110,2,CSE 21,Mathematics for Algorithms and Systems,4,core,80,92,A-,3.7,completed,1
STU0110,2,MATH 20B,Calculus for Science and Engineering,4,math,82,79,A-,3.7,completed,1
STU0110,3,CSE 100,Advanced Data Structures,4,core,80,83,A-,3.7,completed,1
STU0110,3,CSE 30,Computer Organization and Systems Programming,4,core,97,94,A+,4.0,completed,1
STU0110,3,MATH 154,Discrete Mathematics and Graph Theory,4,math,72,100,B,3.0,completed,1
STU0110,3,MATH 20C,Calculus and Analytic Geometry for Science and Engineering,4,math,88,82,A,4.0,completed,1
STU0110,4,CSE 101,Design and Analysis of Algorithms,4,core,78,100,B+,3.3,completed,1
STU0110,4,CSE 103,A Practical Introduction to Probability and Statistics,4,core,96,83,A+,4.0,completed,1
STU0110,4,CSE 110,Software Engineering,4,core,83,100,A-,3.7,completed,1
STU0110,4,DSC 40B,Theoretical Foundations of Data Science II,4,data,71,91,B,3.0,completed,1
STU0110,5,CSE 120,Principles of Computer Operating Systems,4,systems,69,100,B-,2.7,current,1
STU0110,5,CSE 130,Programming Languages: Principles and Paradigms,4,systems,76,70,B+,3.3,current,1
STU0110,5,CSE 132A,Database System Principles,4,database,94,86,A+,4.0,current,1
STU0110,5,DSC 80,The Practice and Application of Data Science,4,data,72,100,B,3.0,current,1
STU0110,5,ECE 109,Engineering Probability and Statistics,4,math,78,73,B+,3.3,current,1
STU0111,1,CSE 11,Introduction to Computer Science and Object-Oriented Programming: Java,4,core,74,86,B,3.0,completed,1
STU0111,1,CSE 5A,Introduction to Programming I,4,core,76,88,B+,3.3,completed,1
STU0111,1,MATH 18,Linear Algebra,4,math,73,92,B,3.0,completed,1
STU0111,1,MATH 20A,Calculus for Science and Engineering,4,math,63,96,C+,2.3,completed,1
STU0111,2,CSE 12,Basic Data Structures and Object-Oriented Design,4,core,83,79,A-,3.7,completed,1
STU0111,2,CSE 15L,Software Tools and Techniques Laboratory,2,lab,87,76,A,4.0,completed,1
STU0111,2,CSE 20,Discrete Mathematics,4,math,77,73,B+,3.3,completed,1
STU0111,2,CSE 21,Mathematics for Algorithms and Systems,4,core,84,79,A-,3.7,completed,1
STU0111,2,MATH 20B,Calculus for Science and Engineering,4,math,80,78,A-,3.7,completed,1
STU0111,3,CSE 100,Advanced Data Structures,4,core,76,74,B+,3.3,completed,1
STU0111,3,CSE 30,Computer Organization and Systems Programming,4,core,78,77,B+,3.3,completed,1
STU0111,3,MATH 154,Discrete Mathematics and Graph Theory,4,math,72,82,B,3.0,completed,1
STU0111,3,MATH 20C,Calculus and Analytic Geometry for Science and Engineering,4,math,79,83,B+,3.3,completed,1
STU0111,4,CSE 101,Design and Analysis of Algorithms,4,core,79,93,B+,3.3,completed,1
STU0111,4,CSE 103,A Practical Introduction to Probability and Statistics,4,core,98,92,A+,4.0,completed,1
STU0111,4,CSE 110,Software Engineering,4,core,59,60,C,2.0,completed,1
STU0111,4,DSC 40B,Theoretical Foundations of Data Science II,4,data,73,70,B,3.0,completed,1
STU0111,5,CSE 123,Computer Networks,4,networks,74,88,B,3.0,current,1
STU0111,5,CSE 130,Programming Languages: Principles and Paradigms,4,systems,66,82,B-,2.7,current,1
STU0111,5,DSC 80,The Practice and Application of Data Science,4,data,74,59,B,3.0,current,1
STU0111,5,ECE 109,Engineering Probability and Statistics,4,math,76,99,B+,3.3,current,1
STU0111,5,MATH 183,Statistical Methods,4,math,72,95,B,3.0,current,1
STU0112,1,CSE 11,Introduction to Computer Science and Object-Oriented Programming: Java,4,core,56,74,C,2.0,completed,1
STU0112,1,CSE 5A,Introduction to Programming I,4,core,72,78,B,3.0,completed,1
STU0112,1,MATH 18,Linear Algebra,4,math,82,98,A-,3.7,completed,1
STU0112,1,MATH 20A,Calculus for Science and Engineering,4,math,67,69,B-,2.7,completed,1
STU0112,2,CSE 12,Basic Data Structures and Object-Oriented Design,4,core,56,92,C,2.0,completed,1
STU0112,2,CSE 15L,Software Tools and Techniques Laboratory,2,lab,68,75,B-,2.7,completed,1
STU0112,2,CSE 20,Discrete Mathematics,4,math,77,77,B+,3.3,completed,1
STU0112,2,CSE 21,Mathematics for Algorithms and Systems,4,core,72,72,B,3.0,completed,1
STU0112,2,MATH 20B,Calculus for Science and Engineering,4,math,69,65,B-,2.7,completed,1
STU0112,3,CSE 100,Advanced Data Structures,4,core,63,78,C+,2.3,completed,1
STU0112,3,CSE 30,Computer Organization and Systems Programming,4,core,74,70,B,3.0,completed,1
STU0112,3,MATH 154,Discrete Mathematics and Graph Theory,4,math,66,67,B-,2.7,completed,1
STU0112,3,MATH 20C,Calculus and Analytic Geometry for Science and Engineering,4,math,78,76,B+,3.3,completed,1
STU0112,4,CSE 101,Design and Analysis of Algorithms,4,core,65,85,B-,2.7,completed,1
STU0112,4,CSE 103,A Practical Introduction to Probability and Statistics,4,core,68,62,B-,2.7,completed,1
STU0112,4,CSE 110,Software Engineering,4,core,64,76,C+,2.3,completed,1
STU0112,4,DSC 40B,Theoretical Foundations of Data Science II,4,data,69,77,B-,2.7,completed,1
STU0112,5,CSE 120,Principles of Computer Operating Systems,4,systems,57,71,C,2.0,completed,1
STU0112,5,CSE 132A,Database System Principles,4,database,58,65,C,2.0,completed,1
STU0112,5,DSC 80,The Practice and Application of Data Science,4,data,66,70,B-,2.7,completed,1
STU0112,5,ECE 109,Engineering Probability and Statistics,4,math,71,70,B,3.0,completed,1
STU0112,5,MATH 183,Statistical Methods,4,math,68,67,B-,2.7,completed,1
STU0112,6,CSE 105,Theory of Computability,4,systems,79,65,B+,3.3,completed,1
STU0112,6,CSE 132B,Database Systems Applications,4,database,86,63,A,4.0,completed,1
STU0112,6,CSE 150B,Introduction to Artificial Intelligence: Search and Reasoning,4,ai,63,66,C+,2.3,completed,1
STU0112,6,CSE 151A,Introduction to Machine Learning,4,ai,62,84,C+,2.3,completed,1
STU0112,6,MATH 181A,Introduction to Mathematical Statistics I,4,math,60,76,C+,2.3,completed,1
STU0112,7,CSE 124,Networked Services,4,networks,66,70,B-,2.7,current,1
STU0112,7,CSE 131,Compiler Construction,4,systems,58,76,C,2.0,current,1
STU0112,7,CSE 151B,Deep Learning,4,ai,66,79,B-,2.7,current,1
STU0112,7,CSE 158,Recommender Systems and Web Mining,4,ai,65,85,B-,2.7,current,1
STU0112,7,MATH 188,Algebraic Combinatorics,4,math,80,74,A-,3.7,current,1
STU0113,1,CSE 11,Introduction to Computer Science and Object-Oriented Programming: Java,4,core,83,87,A-,3.7,completed,1
STU0113,1,CSE 5A,Introduction to Programming I,4,core,69,79,B-,2.7,completed,1
STU0113,1,MATH 18,Linear Algebra,4,math,80,86,A-,3.7,completed,1
STU0113,1,MATH 20A,Calculus for Science and Engineering,4,math,86,96,A,4.0,completed,1
STU0113,2,CSE 12,Basic Data Structures and Object-Oriented Design,4,core,68,85,B-,2.7,completed,1
STU0113,2,CSE 15L,Software Tools and Techniques Laboratory,2,lab,65,78,B-,2.7,completed,1
STU0113,2,CSE 20,Discrete Mathematics,4,math,84,82,A-,3.7,completed,1
STU0113,2,CSE 21,Mathematics for Algorithms and Systems,4,core,50,95,C-,1.7,completed,1
STU0113,2,MATH 20B,Calculus for Science and Engineering,4,math,69,84,B-,2.7,completed,1
STU0113,3,CSE 100,Advanced Data Structures,4,core,60,77,C+,2.3,completed,1
STU0113,3,CSE 30,Computer Organization and Systems Programming,4,core,73,92,B,3.0,completed,1
STU0113,3,MATH 154,Discrete Mathematics and Graph Theory,4,math,93,89,A+,4.0,completed,1
STU0113,3,MATH 20C,Calculus and Analytic Geometry for Science and Engineering,4,math,84,68,A-,3.7,completed,1
STU0113,4,CSE 101,Design and Analysis of Algorithms,4,core,76,84,B+,3.3,completed,1
STU0113,4,CSE 103,A Practical Introduction to Probability and Statistics,4,core,84,63,A-,3.7,completed,1
STU0113,4,CSE 110,Software Engineering,4,core,89,65,A,4.0,completed,1
STU0113,4,DSC 40B,Theoretical Foundations of Data Science II,4,data,85,75,A,4.0,completed,1
STU0113,5,CSE 120,Principles of Computer Operating Systems,4,systems,70,89,B,3.0,completed,1
STU0113,5,CSE 123,Computer Networks,4,networks,60,75,C+,2.3,completed,1
STU0113,5,CSE 130,Programming Languages: Principles and Paradigms,4,systems,66,70,B-,2.7,completed,1
STU0113,5,CSE 132A,Database System Principles,4,database,74,77,B,3.0,completed,1
STU0113,5,DSC 80,The Practice and Application of Data Science,4,data,72,84,B,3.0,completed,1
STU0113,6,CSE 105,Theory of Computability,4,systems,66,81,B-,2.7,completed,1
STU0113,6,CSE 132B,Database Systems Applications,4,database,66,76,B-,2.7,completed,1
STU0113,6,CSE 150B,Introduction to Artificial Intelligence: Search and Reasoning,4,ai,65,84,B-,2.7,completed,1
STU0113,6,CSE 151A,Introduction to Machine Learning,4,ai,64,67,C+,2.3,completed,1
STU0113,6,MATH 181A,Introduction to Mathematical Statistics I,4,math,57,65,C,2.0,completed,1
STU0113,7,CSE 124,Networked Services,4,networks,86,80,A,4.0,current,1
STU0113,7,CSE 127,Introduction to Computer Security,4,security,65,75,B-,2.7,current,1
STU0113,7,CSE 131,Compiler Construction,4,systems,69,93,B-,2.7,current,1
STU0113,7,CSE 152,Introduction to Computer Vision,4,ai,79,77,B+,3.3,current,1
STU0113,7,MATH 188,Algebraic Combinatorics,4,math,76,78,B+,3.3,current,1
STU0114,1,CSE 11,Introduction to Computer Science and Object-Oriented Programming: Java,4,core,98,81,A+,4.0,completed,1
STU0114,1,CSE 5A,Introduction to Programming I,4,core,91,90,A+,4.0,completed,1
STU0114,1,MATH 18,Linear Algebra,4,math,88,88,A,4.0,completed,1
STU0114,1,MATH 20A,Calculus for Science and Engineering,4,math,83,90,A-,3.7,completed,1
STU0114,2,CSE 12,Basic Data Structures and Object-Oriented Design,4,core,98,90,A+,4.0,completed,1
STU0114,2,CSE 15L,Software Tools and Techniques Laboratory,2,lab,98,93,A+,4.0,completed,1
STU0114,2,CSE 20,Discrete Mathematics,4,math,82,95,A-,3.7,completed,1
STU0114,2,CSE 21,Mathematics for Algorithms and Systems,4,core,66,100,B-,2.7,completed,1
STU0114,2,MATH 20B,Calculus for Science and Engineering,4,math,77,99,B+,3.3,completed,1
STU0114,3,CSE 100,Advanced Data Structures,4,core,62,84,C+,2.3,completed,1
STU0114,3,CSE 30,Computer Organization and Systems Programming,4,core,86,94,A,4.0,completed,1
STU0114,3,MATH 154,Discrete Mathematics and Graph Theory,4,math,80,99,A-,3.7,completed,1
STU0114,3,MATH 20C,Calculus and Analytic Geometry for Science and Engineering,4,math,76,91,B+,3.3,completed,1
STU0114,4,CSE 101,Design and Analysis of Algorithms,4,core,90,82,A+,4.0,completed,1
STU0114,4,CSE 103,A Practical Introduction to Probability and Statistics,4,core,86,87,A,4.0,completed,1
STU0114,4,CSE 110,Software Engineering,4,core,82,96,A-,3.7,completed,1
STU0114,4,DSC 40B,Theoretical Foundations of Data Science II,4,data,61,91,C+,2.3,completed,1
STU0114,5,CSE 120,Principles of Computer Operating Systems,4,systems,87,84,A,4.0,completed,1
STU0114,5,CSE 123,Computer Networks,4,networks,76,79,B+,3.3,completed,1
STU0114,5,CSE 130,Programming Languages: Principles and Paradigms,4,systems,69,93,B-,2.7,completed,1
STU0114,5,CSE 132A,Database System Principles,4,database,77,88,B+,3.3,completed,1
STU0114,5,DSC 80,The Practice and Application of Data Science,4,data,89,85,A,4.0,completed,1
STU0114,6,CSE 105,Theory of Computability,4,systems,69,90,B-,2.7,completed,1
STU0114,6,CSE 132B,Database Systems Applications,4,database,87,90,A,4.0,completed,1
STU0114,6,CSE 150A,Introduction to Artificial Intelligence: Probabilistic Reasoning and Decision-Making,4,ai,88,84,A,4.0,completed,1
STU0114,6,CSE 150B,Introduction to Artificial Intelligence: Search and Reasoning,4,ai,73,94,B,3.0,completed,1
STU0114,6,MATH 181A,Introduction to Mathematical Statistics I,4,math,86,88,A,4.0,completed,1
STU0114,7,CSE 124,Networked Services,4,networks,67,88,B-,2.7,current,1
STU0114,7,CSE 127,Introduction to Computer Security,4,security,66,87,B-,2.7,current,1
STU0114,7,CSE 131,Compiler Construction,4,systems,75,85,B+,3.3,current,1
STU0114,7,CSE 151B,Deep Learning,4,ai,74,78,B,3.0,current,1
STU0114,7,CSE 152,Introduction to Computer Vision,4,ai,77,90,B+,3.3,current,1
STU0115,1,CSE 11,Introduction to Computer Science and Object-Oriented Programming: Java,4,core,82,71,A-,3.7,completed,1
STU0115,1,CSE 5A,Introduction to Programming I,4,core,75,98,B+,3.3,completed,1
STU0115,1,MATH 18,Linear Algebra,4,math,87,82,A,4.0,completed,1
STU0115,1,MATH 20A,Calculus for Science and Engineering,4,math,86,75,A,4.0,completed,1
STU0115,2,CSE 12,Basic Data Structures and Object-Oriented Design,4,core,84,92,A-,3.7,completed,1
STU0115,2,CSE 15L,Software Tools and Techniques Laboratory,2,lab,83,80,A-,3.7,completed,1
STU0115,2,CSE 20,Discrete Mathematics,4,math,86,85,A,4.0,completed,1
STU0115,2,CSE 21,Mathematics for Algorithms and Systems,4,core,84,94,A-,3.7,completed,1
STU0115,2,MATH 20B,Calculus for Science and Engineering,4,math,80,100,A-,3.7,completed,1
STU0115,3,CSE 100,Advanced Data Structures,4,core,82,84,A-,3.7,current,1
STU0115,3,CSE 30,Computer Organization and Systems Programming,4,core,81,80,A-,3.7,current,1
STU0115,3,MATH 154,Discrete Mathematics and Graph Theory,4,math,67,83,B-,2.7,current,1
STU0115,3,MATH 20C,Calculus and Analytic Geometry for Science and Engineering,4,math,81,85,A-,3.7,current,1
STU0116,1,CSE 11,Introduction to Computer Science and Object-Oriented Programming: Java,4,core,80,81,A-,3.7,completed,1
STU0116,1,CSE 5A,Introduction to Programming I,4,core,88,86,A,4.0,completed,1
STU0116,1,MATH 18,Linear Algebra,4,math,87,85,A,4.0,completed,1
STU0116,1,MATH 20A,Calculus for Science and Engineering,4,math,97,98,A+,4.0,completed,1
STU0116,2,CSE 12,Basic Data Structures and Object-Oriented Design,4,core,81,89,A-,3.7,completed,1
STU0116,2,CSE 15L,Software Tools and Techniques Laboratory,2,lab,79,88,B+,3.3,completed,1
STU0116,2,CSE 20,Discrete Mathematics,4,math,75,81,B+,3.3,completed,1
STU0116,2,CSE 21,Mathematics for Algorithms and Systems,4,core,85,91,A,4.0,completed,1
STU0116,2,MATH 20B,Calculus for Science and Engineering,4,math,77,92,B+,3.3,completed,1
STU0116,3,CSE 100,Advanced Data Structures,4,core,78,84,B+,3.3,completed,1
STU0116,3,CSE 30,Computer Organization and Systems Programming,4,core,76,97,B+,3.3,completed,1
STU0116,3,MATH 154,Discrete Mathematics and Graph Theory,4,math,92,77,A+,4.0,completed,1
STU0116,3,MATH 20C,Calculus and Analytic Geometry for Science and Engineering,4,math,78,76,B+,3.3,completed,1
STU0116,4,CSE 101,Design and Analysis of Algorithms,4,core,90,92,A+,4.0,current,1
STU0116,4,CSE 103,A Practical Introduction to Probability and Statistics,4,core,74,93,B,3.0,current,1
STU0116,4,CSE 110,Software Engineering,4,core,88,86,A,4.0,current,1
STU0116,4,DSC 40B,Theoretical Foundations of Data Science II,4,data,78,78,B+,3.3,current,1
STU0117,1,CSE 11,Introduction to Computer Science and Object-Oriented Programming: Java,4,core,74,72,B,3.0,completed,1
STU0117,1,CSE 5A,Introduction to Programming I,4,core,89,85,A,4.0,completed,1
STU0117,1,MATH 18,Linear Algebra,4,math,82,78,A-,3.7,completed,1
STU0117,1,MATH 20A,Calculus for Science and Engineering,4,math,69,82,B-,2.7,completed,1
STU0117,2,CSE 12,Basic Data Structures and Object-Oriented Design,4,core,88,84,A,4.0,completed,1
STU0117,2,CSE 15L,Software Tools and Techniques Laboratory,2,lab,76,87,B+,3.3,completed,1
STU0117,2,CSE 20,Discrete Mathematics,4,math,80,95,A-,3.7,completed,1
STU0117,2,CSE 21,Mathematics for Algorithms and Systems,4,core,71,91,B,3.0,completed,1
STU0117,2,MATH 20B,Calculus for Science and Engineering,4,math,74,94,B,3.0,completed,1
STU0117,3,CSE 100,Advanced Data Structures,4,core,98,83,A+,4.0,completed,1
STU0117,3,CSE 30,Computer Organization and Systems Programming,4,core,98,86,A+,4.0,completed,1
STU0117,3,MATH 154,Discrete Mathematics and Graph Theory,4,math,86,96,A,4.0,completed,1
STU0117,3,MATH 20C,Calculus and Analytic Geometry for Science and Engineering,4,math,73,80,B,3.0,completed,1
STU0117,4,CSE 101,Design and Analysis of Algorithms,4,core,86,65,A,4.0,completed,1
STU0117,4,CSE 103,A Practical Introduction to Probability and Statistics,4,core,93,77,A+,4.0,completed,1
STU0117,4,CSE 110,Software Engineering,4,core,73,90,B,3.0,completed,1
STU0117,4,DSC 40B,Theoretical Foundations of Data Science II,4,data,71,89,B,3.0,completed,1
STU0117,5,CSE 130,Programming Languages: Principles and Paradigms,4,systems,79,91,B+,3.3,current,1
STU0117,5,CSE 132A,Database System Principles,4,database,73,86,B,3.0,current,1
STU0117,5,DSC 80,The Practice and Application of Data Science,4,data,76,98,B+,3.3,current,1
STU0117,5,ECE 109,Engineering Probability and Statistics,4,math,93,96,A+,4.0,current,1
STU0117,5,MATH 183,Statistical Methods,4,math,80,100,A-,3.7,current,1
STU0118,1,CSE 11,Introduction to Computer Science and Object-Oriented Programming: Java,4,core,81,74,A-,3.7,completed,1
STU0118,1,CSE 5A,Introduction to Programming I,4,core,88,74,A,4.0,completed,1
STU0118,1,MATH 18,Linear Algebra,4,math,75,76,B+,3.3,completed,1
STU0118,1,MATH 20A,Calculus for Science and Engineering,4,math,72,100,B,3.0,completed,1
STU0118,2,CSE 12,Basic Data Structures and Object-Oriented Design,4,core,73,94,B,3.0,completed,1
STU0118,2,CSE 15L,Software Tools and Techniques Laboratory,2,lab,78,69,B+,3.3,completed,1
STU0118,2,CSE 20,Discrete Mathematics,4,math,87,99,A,4.0,completed,1
STU0118,2,CSE 21,Mathematics for Algorithms and Systems,4,core,82,79,A-,3.7,completed,1
STU0118,2,MATH 20B,Calculus for Science and Engineering,4,math,91,77,A+,4.0,completed,1
STU0118,3,CSE 100,Advanced Data Structures,4,core,75,83,B+,3.3,completed,1
STU0118,3,CSE 30,Computer Organization and Systems Programming,4,core,80,81,A-,3.7,completed,1
STU0118,3,MATH 154,Discrete Mathematics and Graph Theory,4,math,81,75,A-,3.7,completed,1
STU0118,3,MATH 20C,Calculus and Analytic Geometry for Science and Engineering,4,math,70,81,B,3.0,completed,1
STU0118,4,CSE 101,Design and Analysis of Algorithms,4,core,72,78,B,3.0,completed,1
STU0118,4,CSE 103,A Practical Introduction to Probability and Statistics,4,core,78,84,B+,3.3,completed,1
STU0118,4,CSE 110,Software Engineering,4,core,76,82,B+,3.3,completed,1
STU0118,4,DSC 40B,Theoretical Foundations of Data Science II,4,data,73,86,B,3.0,completed,1
STU0118,5,CSE 120,Principles of Computer Operating Systems,4,systems,65,60,B-,2.7,completed,1
STU0118,5,CSE 123,Computer Networks,4,networks,73,83,B,3.0,completed,1
STU0118,5,CSE 130,Programming Languages: Principles and Paradigms,4,systems,63,81,C+,2.3,completed,1
STU0118,5,CSE 132A,Database System Principles,4,database,77,84,B+,3.3,completed,1
STU0118,5,MATH 183,Statistical Methods,4,math,67,96,B-,2.7,completed,1
STU0118,6,CSE 132B,Database Systems Applications,4,database,88,83,A,4.0,current,1
STU0118,6,CSE 150A,Introduction to Artificial Intelligence: Probabilistic Reasoning and Decision-Making,4,ai,72,74,B,3.0,current,1
STU0118,6,CSE 150B,Introduction to Artificial Intelligence: Search and Reasoning,4,ai,93,81,A+,4.0,current,1
STU0118,6,CSE 151A,Introduction to Machine Learning,4,ai,87,74,A,4.0,current,1
STU0118,6,MATH 181A,Introduction to Mathematical Statistics I,4,math,98,80,A+,4.0,current,1
STU0119,1,CSE 11,Introduction to Computer Science and Object-Oriented Programming: Java,4,core,87,91,A,4.0,completed,1
STU0119,1,CSE 5A,Introduction to Programming I,4,core,84,76,A-,3.7,completed,1
STU0119,1,MATH 18,Linear Algebra,4,math,63,86,C+,2.3,completed,1
STU0119,1,MATH 20A,Calculus for Science and Engineering,4,math,95,84,A+,4.0,completed,1
STU0119,2,CSE 12,Basic Data Structures and Object-Oriented Design,4,core,84,82,A-,3.7,completed,1
STU0119,2,CSE 15L,Software Tools and Techniques Laboratory,2,lab,70,91,B,3.0,completed,1
STU0119,2,CSE 20,Discrete Mathematics,4,math,82,86,A-,3.7,completed,1
STU0119,2,CSE 21,Mathematics for Algorithms and Systems,4,core,77,82,B+,3.3,completed,1
STU0119,2,MATH 20B,Calculus for Science and Engineering,4,math,78,97,B+,3.3,completed,1
STU0119,3,CSE 100,Advanced Data Structures,4,core,70,78,B,3.0,current,1
STU0119,3,CSE 30,Computer Organization and Systems Programming,4,core,88,91,A,4.0,current,1
STU0119,3,MATH 154,Discrete Mathematics and Graph Theory,4,math,94,91,A+,4.0,current,1
STU0119,3,MATH 20C,Calculus and Analytic Geometry for Science and Engineering,4,math,78,90,B+,3.3,current,1
STU0120,1,CSE 11,Introduction to Computer Science and Object-Oriented Programming: Java,4,core,72,84,B,3.0,completed,1
STU0120,1,CSE 5A,Introduction to Programming I,4,core,80,71,A-,3.7,completed,1
STU0120,1,MATH 18,Linear Algebra,4,math,77,90,B+,3.3,completed,1
STU0120,1,MATH 20A,Calculus for Science and Engineering,4,math,75,93,B+,3.3,completed,1
STU0120,2,CSE 12,Basic Data Structures and Object-Oriented Design,4,core,78,72,B+,3.3,completed,1
STU0120,2,CSE 15L,Software Tools and Techniques Laboratory,2,lab,78,77,B+,3.3,completed,1
STU0120,2,CSE 20,Discrete Mathematics,4,math,87,77,A,4.0,completed,1
STU0120,2,CSE 21,Mathematics for Algorithms and Systems,4,core,82,71,A-,3.7,completed,1
STU0120,2,MATH 20B,Calculus for Science and Engineering,4,math,79,89,B+,3.3,completed,1
STU0120,3,CSE 100,Advanced Data Structures,4,core,76,67,B+,3.3,completed,1
STU0120,3,CSE 30,Computer Organization and Systems Programming,4,core,70,100,B,3.0,completed,1
STU0120,3,MATH 154,Discrete Mathematics and Graph Theory,4,math,93,70,A+,4.0,completed,1
STU0120,3,MATH 20C,Calculus and Analytic Geometry for Science and Engineering,4,math,79,85,B+,3.3,completed,1
STU0120,4,CSE 101,Design and Analysis of Algorithms,4,core,81,91,A-,3.7,current,1
STU0120,4,CSE 103,A Practical Introduction to Probability and Statistics,4,core,73,59,B,3.0,current,1
STU0120,4,CSE 110,Software Engineering,4,core,70,79,B,3.0,current,1
STU0120,4,DSC 40B,Theoretical Foundations of Data Science II,4,data,87,68,A,4.0,current,1
STU0121,1,CSE 11,Introduction to Computer Science and Object-Oriented Programming: Java,4,core,80,85,A-,3.7,completed,1
STU0121,1,CSE 5A,Introduction to Programming I,4,core,88,77,A,4.0,completed,1
STU0121,1,MATH 18,Linear Algebra,4,math,76,82,B+,3.3,completed,1
STU0121,1,MATH 20A,Calculus for Science and Engineering,4,math,66,88,B-,2.7,completed,1
STU0121,2,CSE 12,Basic Data Structures and Object-Oriented Design,4,core,91,97,A+,4.0,completed,1
STU0121,2,CSE 15L,Software Tools and Techniques Laboratory,2,lab,85,75,A,4.0,completed,1
STU0121,2,CSE 20,Discrete Mathematics,4,math,89,76,A,4.0,completed,1
STU0121,2,CSE 21,Mathematics for Algorithms and Systems,4,core,59,93,C,2.0,completed,1
STU0121,2,MATH 20B,Calculus for Science and Engineering,4,math,80,77,A-,3.7,completed,1
STU0121,3,CSE 100,Advanced Data Structures,4,core,90,94,A+,4.0,current,1
STU0121,3,CSE 30,Computer Organization and Systems Programming,4,core,88,85,A,4.0,current,1
STU0121,3,MATH 154,Discrete Mathematics and Graph Theory,4,math,69,83,B-,2.7,current,1
STU0121,3,MATH 20C,Calculus and Analytic Geometry for Science and Engineering,4,math,75,88,B+,3.3,current,1
STU0122,1,CSE 11,Introduction to Computer Science and Object-Oriented Programming: Java,4,core,93,79,A+,4.0,completed,1
STU0122,1,CSE 5A,Introduction to Programming I,4,core,89,77,A,4.0,completed,1
STU0122,1,MATH 18,Linear Algebra,4,math,83,83,A-,3.7,completed,1
STU0122,1,MATH 20A,Calculus for Science and Engineering,4,math,74,84,B,3.0,completed,1
STU0122,2,CSE 12,Basic Data Structures and Object-Oriented Design,4,core,81,88,A-,3.7,completed,1
STU0122,2,CSE 15L,Software Tools and Techniques Laboratory,2,lab,76,92,B+,3.3,completed,1
STU0122,2,CSE 20,Discrete Mathematics,4,math,74,78,B,3.0,completed,1
STU0122,2,CSE 21,Mathematics for Algorithms and Systems,4,core,81,91,A-,3.7,completed,1
STU0122,2,MATH 20B,Calculus for Science and Engineering,4,math,81,87,A-,3.7,completed,1
STU0122,3,CSE 100,Advanced Data Structures,4,core,88,83,A,4.0,completed,1
STU0122,3,CSE 30,Computer Organization and Systems Programming,4,core,58,79,C,2.0,completed,1
STU0122,3,MATH 154,Discrete Mathematics and Graph Theory,4,math,70,86,B,3.0,completed,1
STU0122,3,MATH 20C,Calculus and Analytic Geometry for Science and Engineering,4,math,91,90,A+,4.0,completed,1
STU0122,4,CSE 101,Design and Analysis of Algorithms,4,core,76,87,B+,3.3,completed,1
STU0122,4,CSE 103,A Practical Introduction to Probability and Statistics,4,core,81,57,A-,3.7,completed,1
STU0122,4,CSE 110,Software Engineering,4,core,84,93,A-,3.7,completed,1
STU0122,4,DSC 40B,Theoretical Foundations of Data Science II,4,data,78,83,B+,3.3,completed,1
STU0122,5,CSE 130,Programming Languages: Principles and Paradigms,4,systems,72,77,B,3.0,completed,1
STU0122,5,CSE 132A,Database System Principles,4,database,60,79,C+,2.3,completed,1
STU0122,5,DSC 80,The Practice and Application of Data Science,4,data,63,92,C+,2.3,completed,1
STU0122,5,ECE 109,Engineering Probability and Statistics,4,math,79,86,B+,3.3,completed,1
STU0122,5,MATH 183,Statistical Methods,4,math,82,79,A-,3.7,completed,1
STU0122,6,CSE 105,Theory of Computability,4,systems,81,79,A-,3.7,completed,1
STU0122,6,CSE 132B,Database Systems Applications,4,database,87,82,A,4.0,completed,1
STU0122,6,CSE 150A,Introduction to Artificial Intelligence: Probabilistic Reasoning and Decision-Making,4,ai,55,88,C,2.0,completed,1
STU0122,6,CSE 151A,Introduction to Machine Learning,4,ai,87,83,A,4.0,completed,1
STU0122,6,MATH 181A,Introduction to Mathematical Statistics I,4,math,83,70,A-,3.7,completed,1
STU0122,7,CSE 127,Introduction to Computer Security,4,security,76,79,B+,3.3,current,1
STU0122,7,CSE 151B,Deep Learning,4,ai,80,100,A-,3.7,current,1
STU0122,7,CSE 152,Introduction to Computer Vision,4,ai,78,82,B+,3.3,current,1
STU0122,7,CSE 158,Recommender Systems and Web Mining,4,ai,64,88,C+,2.3,current,1
STU0122,7,MATH 188,Algebraic Combinatorics,4,math,71,80,B,3.0,current,1
STU0123,1,CSE 11,Introduction to Computer Science and Object-Oriented Programming: Java,4,core,87,93,A,4.0,completed,1
STU0123,1,CSE 5A,Introduction to Programming I,4,core,82,91,A-,3.7,completed,1
STU0123,1,MATH 18,Linear Algebra,4,math,84,100,A-,3.7,completed,1
STU0123,1,MATH 20A,Calculus for Science and Engineering,4,math,93,89,A+,4.0,completed,1
STU0123,2,CSE 12,Basic Data Structures and Object-Oriented Design,4,core,90,82,A+,4.0,completed,1
STU0123,2,CSE 15L,Software Tools and Techniques Laboratory,2,lab,79,84,B+,3.3,completed,1
STU0123,2,CSE 20,Discrete Mathematics,4,math,98,92,A+,4.0,completed,1
STU0123,2,CSE 21,Mathematics for Algorithms and Systems,4,core,82,74,A-,3.7,completed,1
STU0123,2,MATH 20B,Calculus for Science and Engineering,4,math,80,90,A-,3.7,completed,1
STU0123,3,CSE 100,Advanced Data Structures,4,core,85,87,A,4.0,current,1
STU0123,3,CSE 30,Computer Organization and Systems Programming,4,core,86,86,A,4.0,current,1
STU0123,3,MATH 154,Discrete Mathematics and Graph Theory,4,math,81,92,A-,3.7,current,1
STU0123,3,MATH 20C,Calculus and Analytic Geometry for Science and Engineering,4,math,63,93,C+,2.3,current,1
STU0124,1,CSE 11,Introduction to Computer Science and Object-Oriented Programming: Java,4,core,81,93,A-,3.7,completed,1
STU0124,1,CSE 5A,Introduction to Programming I,4,core,95,88,A+,4.0,completed,1
STU0124,1,MATH 18,Linear Algebra,4,math,98,78,A+,4.0,completed,1
STU0124,1,MATH 20A,Calculus for Science and Engineering,4,math,76,76,B+,3.3,completed,1
STU0124,2,CSE 12,Basic Data Structures and Object-Oriented Design,4,core,81,87,A-,3.7,completed,1
STU0124,2,CSE 15L,Software Tools and Techniques Laboratory,2,lab,73,87,B,3.0,completed,1
STU0124,2,CSE 20,Discrete Mathematics,4,math,72,95,B,3.0,completed,1
STU0124,2,CSE 21,Mathematics for Algorithms and Systems,4,core,75,83,B+,3.3,completed,1
STU0124,2,MATH 20B,Calculus for Science and Engineering,4,math,93,89,A+,4.0,completed,1
STU0124,3,CSE 100,Advanced Data Structures,4,core,85,86,A,4.0,completed,1
STU0124,3,CSE 30,Computer Organization and Systems Programming,4,core,75,100,B+,3.3,completed,1
STU0124,3,MATH 154,Discrete Mathematics and Graph Theory,4,math,92,85,A+,4.0,completed,1
STU0124,3,MATH 20C,Calculus and Analytic Geometry for Science and Engineering,4,math,85,82,A,4.0,completed,1
STU0124,4,CSE 101,Design and Analysis of Algorithms,4,core,80,73,A-,3.7,current,1
STU0124,4,CSE 103,A Practical Introduction to Probability and Statistics,4,core,82,98,A-,3.7,current,1
STU0124,4,CSE 110,Software Engineering,4,core,79,99,B+,3.3,current,1
STU0124,4,DSC 40B,Theoretical Foundations of Data Science II,4,data,93,85,A+,4.0,current,1
STU0125,1,CSE 11,Introduction to Computer Science and Object-Oriented Programming: Java,4,core,67,84,B-,2.7,completed,1
STU0125,1,CSE 5A,Introduction to Programming I,4,core,78,94,B+,3.3,completed,1
STU0125,1,MATH 18,Linear Algebra,4,math,66,82,B-,2.7,completed,1
STU0125,1,MATH 20A,Calculus for Science and Engineering,4,math,80,95,A-,3.7,completed,1
STU0125,2,CSE 12,Basic Data Structures and Object-Oriented Design,4,core,82,100,A-,3.7,completed,1
STU0125,2,CSE 15L,Software Tools and Techniques Laboratory,2,lab,89,82,A,4.0,completed,1
STU0125,2,CSE 20,Discrete Mathematics,4,math,75,90,B+,3.3,completed,1
STU0125,2,CSE 21,Mathematics for Algorithms and Systems,4,core,85,82,A,4.0,completed,1
STU0125,2,MATH 20B,Calculus for Science and Engineering,4,math,90,74,A+,4.0,completed,1
STU0125,3,CSE 100,Advanced Data Structures,4,core,69,85,B-,2.7,completed,1
STU0125,3,CSE 30,Computer Organization and Systems Programming,4,core,66,59,B-,2.7,completed,1
STU0125,3,MATH 154,Discrete Mathematics and Graph Theory,4,math,95,84,A+,4.0,completed,1
STU0125,3,MATH 20C,Calculus and Analytic Geometry for Science and Engineering,4,math,94,66,A+,4.0,completed,1
STU0125,4,CSE 101,Design and Analysis of Algorithms,4,core,78,76,B+,3.3,completed,1
STU0125,4,CSE 103,A Practical Introduction to Probability and Statistics,4,core,82,91,A-,3.7,completed,1
STU0125,4,CSE 110,Software Engineering,4,core,79,86,B+,3.3,completed,1
STU0125,4,DSC 40B,Theoretical Foundations of Data Science II,4,data,85,79,A,4.0,completed,1
STU0125,5,CSE 120,Principles of Computer Operating Systems,4,systems,77,82,B+,3.3,completed,1
STU0125,5,CSE 130,Programming Languages: Principles and Paradigms,4,systems,82,74,A-,3.7,completed,1
STU0125,5,CSE 132A,Database System Principles,4,database,91,100,A+,4.0,completed,1
STU0125,5,DSC 80,The Practice and Application of Data Science,4,data,85,97,A,4.0,completed,1
STU0125,5,ECE 109,Engineering Probability and Statistics,4,math,92,80,A+,4.0,completed,1
STU0125,6,CSE 105,Theory of Computability,4,systems,89,94,A,4.0,current,1
STU0125,6,CSE 132B,Database Systems Applications,4,database,69,88,B-,2.7,current,1
STU0125,6,CSE 150B,Introduction to Artificial Intelligence: Search and Reasoning,4,ai,87,88,A,4.0,current,1
STU0125,6,CSE 151A,Introduction to Machine Learning,4,ai,76,81,B+,3.3,current,1
STU0125,6,MATH 181A,Introduction to Mathematical Statistics I,4,math,72,92,B,3.0,current,1
STU0126,1,CSE 11,Introduction to Computer Science and Object-Oriented Programming: Java,4,core,85,83,A,4.0,completed,1
STU0126,1,CSE 5A,Introduction to Programming I,4,core,79,96,B+,3.3,completed,1
STU0126,1,MATH 18,Linear Algebra,4,math,79,78,B+,3.3,completed,1
STU0126,1,MATH 20A,Calculus for Science and Engineering,4,math,98,76,A+,4.0,completed,1
STU0126,2,CSE 12,Basic Data Structures and Object-Oriented Design,4,core,98,80,A+,4.0,completed,1
STU0126,2,CSE 15L,Software Tools and Techniques Laboratory,2,lab,78,76,B+,3.3,completed,1
STU0126,2,CSE 20,Discrete Mathematics,4,math,73,88,B,3.0,completed,1
STU0126,2,CSE 21,Mathematics for Algorithms and Systems,4,core,96,97,A+,4.0,completed,1
STU0126,2,MATH 20B,Calculus for Science and Engineering,4,math,83,74,A-,3.7,completed,1
STU0126,3,CSE 100,Advanced Data Structures,4,core,90,77,A+,4.0,completed,1
STU0126,3,CSE 30,Computer Organization and Systems Programming,4,core,82,100,A-,3.7,completed,1
STU0126,3,MATH 154,Discrete Mathematics and Graph Theory,4,math,82,100,A-,3.7,completed,1
STU0126,3,MATH 20C,Calculus and Analytic Geometry for Science and Engineering,4,math,89,68,A,4.0,completed,1
STU0126,4,CSE 101,Design and Analysis of Algorithms,4,core,76,78,B+,3.3,completed,1
STU0126,4,CSE 103,A Practical Introduction to Probability and Statistics,4,core,82,85,A-,3.7,completed,1
STU0126,4,CSE 110,Software Engineering,4,core,98,78,A+,4.0,completed,1
STU0126,4,DSC 40B,Theoretical Foundations of Data Science II,4,data,94,83,A+,4.0,completed,1
STU0126,5,CSE 123,Computer Networks,4,networks,84,89,A-,3.7,completed,1
STU0126,5,CSE 130,Programming Languages: Principles and Paradigms,4,systems,73,80,B,3.0,completed,1
STU0126,5,DSC 80,The Practice and Application of Data Science,4,data,90,75,A+,4.0,completed,1
STU0126,5,ECE 109,Engineering Probability and Statistics,4,math,86,68,A,4.0,completed,1
STU0126,5,MATH 183,Statistical Methods,4,math,82,94,A-,3.7,completed,1
STU0126,6,CSE 132B,Database Systems Applications,4,database,80,84,A-,3.7,current,1
STU0126,6,CSE 150A,Introduction to Artificial Intelligence: Probabilistic Reasoning and Decision-Making,4,ai,93,86,A+,4.0,current,1
STU0126,6,CSE 150B,Introduction to Artificial Intelligence: Search and Reasoning,4,ai,73,91,B,3.0,current,1
STU0126,6,CSE 151A,Introduction to Machine Learning,4,ai,86,98,A,4.0,current,1
STU0126,6,MATH 181A,Introduction to Mathematical Statistics I,4,math,89,74,A,4.0,current,1
STU0127,1,CSE 11,Introduction to Computer Science and Object-Oriented Programming: Java,4,core,86,85,A,4.0,completed,1
STU0127,1,CSE 5A,Introduction to Programming I,4,core,82,92,A-,3.7,completed,1
STU0127,1,MATH 18,Linear Algebra,4,math,74,100,B,3.0,completed,1
STU0127,1,MATH 20A,Calculus for Science and Engineering,4,math,82,84,A-,3.7,completed,1
STU0127,2,CSE 12,Basic Data Structures and Object-Oriented Design,4,core,81,83,A-,3.7,completed,1
STU0127,2,CSE 15L,Software Tools and Techniques Laboratory,2,lab,80,72,A-,3.7,completed,1
STU0127,2,CSE 20,Discrete Mathematics,4,math,79,78,B+,3.3,completed,1
STU0127,2,CSE 21,Mathematics for Algorithms and Systems,4,core,83,83,A-,3.7,completed,1
STU0127,2,MATH 20B,Calculus for Science and Engineering,4,math,94,76,A+,4.0,completed,1
STU0127,3,CSE 100,Advanced Data Structures,4,core,72,94,B,3.0,completed,1
STU0127,3,CSE 30,Computer Organization and Systems Programming,4,core,83,74,A-,3.7,completed,1
STU0127,3,MATH 154,Discrete Mathematics and Graph Theory,4,math,89,95,A,4.0,completed,1
STU0127,3,MATH 20C,Calculus and Analytic Geometry for Science and Engineering,4,math,97,78,A+,4.0,completed,1
STU0127,4,CSE 101,Design and Analysis of Algorithms,4,core,85,90,A,4.0,current,1
STU0127,4,CSE 103,A Practical Introduction to Probability and Statistics,4,core,73,90,B,3.0,current,1
STU0127,4,CSE 110,Software Engineering,4,core,88,78,A,4.0,current,1
STU0127,4,DSC 40B,Theoretical Foundations of Data Science II,4,data,75,93,B+,3.3,current,1
STU0128,1,CSE 11,Introduction to Computer Science and Object-Oriented Programming: Java,4,core,69,92,B-,2.7,completed,1
STU0128,1,CSE 5A,Introduction to Programming I,4,core,78,74,B+,3.3,completed,1
STU0128,1,MATH 18,Linear Algebra,4,math,74,76,B,3.0,completed,1
STU0128,1,MATH 20A,Calculus for Science and Engineering,4,math,58,78,C,2.0,completed,1
STU0128,2,CSE 12,Basic Data Structures and Object-Oriented Design,4,core,87,97,A,4.0,completed,1
STU0128,2,CSE 15L,Software Tools and Techniques Laboratory,2,lab,70,83,B,3.0,completed,1
STU0128,2,CSE 20,Discrete Mathematics,4,math,70,76,B,3.0,completed,1
STU0128,2,CSE 21,Mathematics for Algorithms and Systems,4,core,79,67,B+,3.3,completed,1
STU0128,2,MATH 20B,Calculus for Science and Engineering,4,math,56,89,C,2.0,completed,1
STU0128,3,CSE 100,Advanced Data Structures,4,core,73,82,B,3.0,completed,1
STU0128,3,CSE 30,Computer Organization and Systems Programming,4,core,76,87,B+,3.3,completed,1
STU0128,3,MATH 154,Discrete Mathematics and Graph Theory,4,math,66,71,B-,2.7,completed,1
STU0128,3,MATH 20C,Calculus and Analytic Geometry for Science and Engineering,4,math,68,57,B-,2.7,completed,1
STU0128,4,CSE 101,Design and Analysis of Algorithms,4,core,74,89,B,3.0,completed,1
STU0128,4,CSE 103,A Practical Introduction to Probability and Statistics,4,core,54,83,C-,1.7,completed,1
STU0128,4,CSE 110,Software Engineering,4,core,87,63,A,4.0,completed,1
STU0128,4,DSC 40B,Theoretical Foundations of Data Science II,4,data,64,71,C+,2.3,completed,1
STU0128,5,CSE 120,Principles of Computer Operating Systems,4,systems,64,77,C+,2.3,current,1
STU0128,5,CSE 123,Computer Networks,4,networks,61,86,C+,2.3,current,1
STU0128,5,CSE 130,Programming Languages: Principles and Paradigms,4,systems,65,76,B-,2.7,current,1
STU0128,5,CSE 132A,Database System Principles,4,database,65,67,B-,2.7,current,1
STU0128,5,DSC 80,The Practice and Application of Data Science,4,data,68,73,B-,2.7,current,1
STU0129,1,CSE 11,Introduction to Computer Science and Object-Oriented Programming: Java,4,core,87,85,A,4.0,completed,1
STU0129,1,CSE 5A,Introduction to Programming I,4,core,67,72,B-,2.7,completed,1
STU0129,1,MATH 18,Linear Algebra,4,math,66,78,B-,2.7,completed,1
STU0129,1,MATH 20A,Calculus for Science and Engineering,4,math,93,74,A+,4.0,completed,1
STU0129,2,CSE 12,Basic Data Structures and Object-Oriented Design,4,core,85,84,A,4.0,completed,1
STU0129,2,CSE 15L,Software Tools and Techniques Laboratory,2,lab,75,81,B+,3.3,completed,1
STU0129,2,CSE 20,Discrete Mathematics,4,math,87,82,A,4.0,completed,1
STU0129,2,CSE 21,Mathematics for Algorithms and Systems,4,core,74,99,B,3.0,completed,1
STU0129,2,MATH 20B,Calculus for Science and Engineering,4,math,73,72,B,3.0,completed,1
STU0129,3,CSE 100,Advanced Data Structures,4,core,86,89,A,4.0,completed,1
STU0129,3,CSE 30,Computer Organization and Systems Programming,4,core,75,77,B+,3.3,completed,1
STU0129,3,MATH 154,Discrete Mathematics and Graph Theory,4,math,87,94,A,4.0,completed,1
STU0129,3,MATH 20C,Calculus and Analytic Geometry for Science and Engineering,4,math,98,79,A+,4.0,completed,1
STU0129,4,CSE 101,Design and Analysis of Algorithms,4,core,57,89,C,2.0,completed,1
STU0129,4,CSE 103,A Practical Introduction to Probability and Statistics,4,core,67,74,B-,2.7,completed,1
STU0129,4,CSE 110,Software Engineering,4,core,77,83,B+,3.3,completed,1
STU0129,4,DSC 40B,Theoretical Foundations of Data Science II,4,data,64,74,C+,2.3,completed,1
STU0129,5,CSE 120,Principles of Computer Operating Systems,4,systems,75,84,B+,3.3,completed,1
STU0129,5,CSE 123,Computer Networks,4,networks,72,69,B,3.0,completed,1
STU0129,5,CSE 130,Programming Languages: Principles and Paradigms,4,systems,62,92,C+,2.3,completed,1
STU0129,5,DSC 80,The Practice and Application of Data Science,4,data,95,79,A+,4.0,completed,1
STU0129,5,ECE 109,Engineering Probability and Statistics,4,math,72,66,B,3.0,completed,1
STU0129,6,CSE 105,Theory of Computability,4,systems,82,89,A-,3.7,completed,1
STU0129,6,CSE 150A,Introduction to Artificial Intelligence: Probabilistic Reasoning and Decision-Making,4,ai,90,71,A+,4.0,completed,1
STU0129,6,CSE 150B,Introduction to Artificial Intelligence: Search and Reasoning,4,ai,77,89,B+,3.3,completed,1
STU0129,6,CSE 151A,Introduction to Machine Learning,4,ai,85,86,A,4.0,completed,1
STU0129,6,MATH 181A,Introduction to Mathematical Statistics I,4,math,80,80,A-,3.7,completed,1
STU0129,7,CSE 124,Networked Services,4,networks,86,82,A,4.0,current,1
STU0129,7,CSE 127,Introduction to Computer Security,4,security,59,100,C,2.0,current,1
STU0129,7,CSE 131,Compiler Construction,4,systems,66,97,B-,2.7,current,1
STU0129,7,CSE 152,Introduction to Computer Vision,4,ai,71,98,B,3.0,current,1
STU0129,7,CSE 158,Recommender Systems and Web Mining,4,ai,68,90,B-,2.7,current,1
STU0130,1,CSE 11,Introduction to Computer Science and Object-Oriented Programming: Java,4,core,88,89,A,4.0,completed,1
STU0130,1,CSE 5A,Introduction to Programming I,4,core,85,86,A,4.0,completed,1
STU0130,1,MATH 18,Linear Algebra,4,math,82,77,A-,3.7,completed,1
STU0130,1,MATH 20A,Calculus for Science and Engineering,4,math,72,87,B,3.0,completed,1
STU0130,2,CSE 12,Basic Data Structures and Object-Oriented Design,4,core,81,84,A-,3.7,completed,1
STU0130,2,CSE 15L,Software Tools and Techniques Laboratory,2,lab,81,82,A-,3.7,completed,1
STU0130,2,CSE 20,Discrete Mathematics,4,math,76,80,B+,3.3,completed,1
STU0130,2,CSE 21,Mathematics for Algorithms and Systems,4,core,83,79,A-,3.7,completed,1
STU0130,2,MATH 20B,Calculus for Science and Engineering,4,math,98,72,A+,4.0,completed,1
STU0130,3,CSE 100,Advanced Data Structures,4,core,92,81,A+,4.0,completed,1
STU0130,3,CSE 30,Computer Organization and Systems Programming,4,core,84,96,A-,3.7,completed,1
STU0130,3,MATH 154,Discrete Mathematics and Graph Theory,4,math,85,87,A,4.0,completed,1
STU0130,3,MATH 20C,Calculus and Analytic Geometry for Science and Engineering,4,math,98,73,A+,4.0,completed,1
STU0130,4,CSE 101,Design and Analysis of Algorithms,4,core,82,78,A-,3.7,completed,1
STU0130,4,CSE 103,A Practical Introduction to Probability and Statistics,4,core,83,68,A-,3.7,completed,1
STU0130,4,CSE 110,Software Engineering,4,core,80,70,A-,3.7,completed,1
STU0130,4,DSC 40B,Theoretical Foundations of Data Science II,4,data,85,70,A,4.0,completed,1
STU0130,5,CSE 123,Computer Networks,4,networks,87,94,A,4.0,completed,1
STU0130,5,CSE 132A,Database System Principles,4,database,68,92,B-,2.7,completed,1
STU0130,5,DSC 80,The Practice and Application of Data Science,4,data,74,98,B,3.0,completed,1
STU0130,5,ECE 109,Engineering Probability and Statistics,4,math,90,87,A+,4.0,completed,1
STU0130,5,MATH 183,Statistical Methods,4,math,77,77,B+,3.3,completed,1
STU0130,6,CSE 105,Theory of Computability,4,systems,84,66,A-,3.7,completed,1
STU0130,6,CSE 132B,Database Systems Applications,4,database,67,84,B-,2.7,completed,1
STU0130,6,CSE 150A,Introduction to Artificial Intelligence: Probabilistic Reasoning and Decision-Making,4,ai,68,87,B-,2.7,completed,1
STU0130,6,CSE 150B,Introduction to Artificial Intelligence: Search and Reasoning,4,ai,77,59,B+,3.3,completed,1
STU0130,6,CSE 151A,Introduction to Machine Learning,4,ai,92,86,A+,4.0,completed,1
STU0130,7,CSE 127,Introduction to Computer Security,4,security,72,96,B,3.0,current,1
STU0130,7,CSE 131,Compiler Construction,4,systems,92,81,A+,4.0,current,1
STU0130,7,CSE 151B,Deep Learning,4,ai,83,79,A-,3.7,current,1
STU0130,7,CSE 158,Recommender Systems and Web Mining,4,ai,75,86,B+,3.3,current,1
STU0130,7,MATH 188,Algebraic Combinatorics,4,math,76,96,B+,3.3,current,1
STU0131,1,CSE 11,Introduction to Computer Science and Object-Oriented Programming: Java,4,core,83,100,A-,3.7,completed,1
STU0131,1,CSE 5A,Introduction to Programming I,4,core,98,78,A+,4.0,completed,1
STU0131,1,MATH 18,Linear Algebra,4,math,94,90,A+,4.0,completed,1
STU0131,1,MATH 20A,Calculus for Science and Engineering,4,math,73,84,B,3.0,completed,1
STU0131,2,CSE 12,Basic Data Structures and Object-Oriented Design,4,core,72,96,B,3.0,completed,1
STU0131,2,CSE 15L,Software Tools and Techniques Laboratory,2,lab,71,83,B,3.0,completed,1
STU0131,2,CSE 20,Discrete Mathematics,4,math,78,96,B+,3.3,completed,1
STU0131,2,CSE 21,Mathematics for Algorithms and Systems,4,core,81,94,A-,3.7,completed,1
STU0131,2,MATH 20B,Calculus for Science and Engineering,4,math,87,89,A,4.0,completed,1
STU0131,3,CSE 100,Advanced Data Structures,4,core,76,85,B+,3.3,completed,1
STU0131,3,CSE 30,Computer Organization and Systems Programming,4,core,76,83,B+,3.3,completed,1
STU0131,3,MATH 154,Discrete Mathematics and Graph Theory,4,math,82,73,A-,3.7,completed,1
STU0131,3,MATH 20C,Calculus and Analytic Geometry for Science and Engineering,4,math,98,91,A+,4.0,completed,1
STU0131,4,CSE 101,Design and Analysis of Algorithms,4,core,80,74,A-,3.7,completed,1
STU0131,4,CSE 103,A Practical Introduction to Probability and Statistics,4,core,97,96,A+,4.0,completed,1
STU0131,4,CSE 110,Software Engineering,4,core,93,84,A+,4.0,completed,1
STU0131,4,DSC 40B,Theoretical Foundations of Data Science II,4,data,66,91,B-,2.7,completed,1
STU0131,5,CSE 120,Principles of Computer Operating Systems,4,systems,88,80,A,4.0,completed,1
STU0131,5,CSE 130,Programming Languages: Principles and Paradigms,4,systems,66,87,B-,2.7,completed,1
STU0131,5,DSC 80,The Practice and Application of Data Science,4,data,74,97,B,3.0,completed,1
STU0131,5,ECE 109,Engineering Probability and Statistics,4,math,86,75,A,4.0,completed,1
STU0131,5,MATH 183,Statistical Methods,4,math,88,81,A,4.0,completed,1
STU0131,6,CSE 105,Theory of Computability,4,systems,91,89,A+,4.0,completed,1
STU0131,6,CSE 150A,Introduction to Artificial Intelligence: Probabilistic Reasoning and Decision-Making,4,ai,75,76,B+,3.3,completed,1
STU0131,6,CSE 150B,Introduction to Artificial Intelligence: Search and Reasoning,4,ai,71,89,B,3.0,completed,1
STU0131,6,CSE 151A,Introduction to Machine Learning,4,ai,87,91,A,4.0,completed,1
STU0131,6,MATH 181A,Introduction to Mathematical Statistics I,4,math,95,90,A+,4.0,completed,1
STU0131,7,CSE 124,Networked Services,4,networks,82,83,A-,3.7,current,1
STU0131,7,CSE 151B,Deep Learning,4,ai,83,78,A-,3.7,current,1
STU0131,7,CSE 152,Introduction to Computer Vision,4,ai,72,69,B,3.0,current,1
STU0131,7,CSE 158,Recommender Systems and Web Mining,4,ai,87,88,A,4.0,current,1
STU0131,7,MATH 188,Algebraic Combinatorics,4,math,76,99,B+,3.3,current,1
STU0132,1,CSE 11,Introduction to Computer Science and Object-Oriented Programming: Java,4,core,71,75,B,3.0,completed,1
STU0132,1,CSE 5A,Introduction to Programming I,4,core,64,75,C+,2.3,completed,1
STU0132,1,MATH 18,Linear Algebra,4,math,74,86,B,3.0,completed,1
STU0132,1,MATH 20A,Calculus for Science and Engineering,4,math,68,79,B-,2.7,completed,1
STU0132,2,CSE 12,Basic Data Structures and Object-Oriented Design,4,core,73,80,B,3.0,completed,1
STU0132,2,CSE 15L,Software Tools and Techniques Laboratory,2,lab,91,84,A+,4.0,completed,1
STU0132,2,CSE 20,Discrete Mathematics,4,math,64,97,C+,2.3,completed,1
STU0132,2,CSE 21,Mathematics for Algorithms and Systems,4,core,60,85,C+,2.3,completed,1
STU0132,2,MATH 20B,Calculus for Science and Engineering,4,math,80,80,A-,3.7,completed,1
STU0132,3,CSE 100,Advanced Data Structures,4,core,70,91,B,3.0,completed,1
STU0132,3,CSE 30,Computer Organization and Systems Programming,4,core,90,87,A+,4.0,completed,1
STU0132,3,MATH 154,Discrete Mathematics and Graph Theory,4,math,76,87,B+,3.3,completed,1
STU0132,3,MATH 20C,Calculus and Analytic Geometry for Science and Engineering,4,math,65,87,B-,2.7,completed,1
STU0132,4,CSE 101,Design and Analysis of Algorithms,4,core,63,72,C+,2.3,completed,1
STU0132,4,CSE 103,A Practical Introduction to Probability and Statistics,4,core,69,83,B-,2.7,completed,1
STU0132,4,CSE 110,Software Engineering,4,core,75,85,B+,3.3,completed,1
STU0132,4,DSC 40B,Theoretical Foundations of Data Science II,4,data,59,86,C,2.0,completed,1
STU0132,5,CSE 123,Computer Networks,4,networks,65,72,B-,2.7,completed,1
STU0132,5,CSE 132A,Database System Principles,4,database,80,72,A-,3.7,completed,1
STU0132,5,DSC 80,The Practice and Application of Data Science,4,data,63,85,C+,2.3,completed,1
STU0132,5,ECE 109,Engineering Probability and Statistics,4,math,82,86,A-,3.7,completed,1
STU0132,5,MATH 183,Statistical Methods,4,math,75,80,B+,3.3,completed,1
STU0132,6,CSE 105,Theory of Computability,4,systems,71,84,B,3.0,current,1
STU0132,6,CSE 132B,Database Systems Applications,4,database,69,82,B-,2.7,current,1
STU0132,6,CSE 150B,Introduction to Artificial Intelligence: Search and Reasoning,4,ai,71,80,B,3.0,current,1
STU0132,6,CSE 151A,Introduction to Machine Learning,4,ai,77,84,B+,3.3,current,1
STU0132,6,MATH 181A,Introduction to Mathematical Statistics I,4,math,80,69,A-,3.7,current,1
STU0133,1,CSE 11,Introduction to Computer Science and Object-Oriented Programming: Java,4,core,78,87,B+,3.3,completed,1
STU0133,1,CSE 5A,Introduction to Programming I,4,core,80,80,A-,3.7,completed,1
STU0133,1,MATH 18,Linear Algebra,4,math,83,79,A-,3.7,completed,1
STU0133,1,MATH 20A,Calculus for Science and Engineering,4,math,71,97,B,3.0,completed,1
STU0133,2,CSE 12,Basic Data Structures and Object-Oriented Design,4,core,93,83,A+,4.0,completed,1
STU0133,2,CSE 15L,Software Tools and Techniques Laboratory,2,lab,83,90,A-,3.7,completed,1
STU0133,2,CSE 20,Discrete Mathematics,4,math,83,84,A-,3.7,completed,1
STU0133,2,CSE 21,Mathematics for Algorithms and Systems,4,core,75,87,B+,3.3,completed,1
STU0133,2,MATH 20B,Calculus for Science and Engineering,4,math,84,71,A-,3.7,completed,1
STU0133,3,CSE 100,Advanced Data Structures,4,core,87,89,A,4.0,completed,1
STU0133,3,CSE 30,Computer Organization and Systems Programming,4,core,71,82,B,3.0,completed,1
STU0133,3,MATH 154,Discrete Mathematics and Graph Theory,4,math,84,97,A-,3.7,completed,1
STU0133,3,MATH 20C,Calculus and Analytic Geometry for Science and Engineering,4,math,82,85,A-,3.7,completed,1
STU0133,4,CSE 101,Design and Analysis of Algorithms,4,core,87,95,A,4.0,completed,1
STU0133,4,CSE 103,A Practical Introduction to Probability and Statistics,4,core,85,100,A,4.0,completed,1
STU0133,4,CSE 110,Software Engineering,4,core,78,76,B+,3.3,completed,1
STU0133,4,DSC 40B,Theoretical Foundations of Data Science II,4,data,78,91,B+,3.3,completed,1
STU0133,5,CSE 120,Principles of Computer Operating Systems,4,systems,71,79,B,3.0,completed,1
STU0133,5,CSE 123,Computer Networks,4,networks,85,83,A,4.0,completed,1
STU0133,5,CSE 130,Programming Languages: Principles and Paradigms,4,systems,82,90,A-,3.7,completed,1
STU0133,5,CSE 132A,Database System Principles,4,database,95,81,A+,4.0,completed,1
STU0133,5,ECE 109,Engineering Probability and Statistics,4,math,73,84,B,3.0,completed,1
STU0133,6,CSE 105,Theory of Computability,4,systems,74,73,B,3.0,current,1
STU0133,6,CSE 132B,Database Systems Applications,4,database,74,79,B,3.0,current,1
STU0133,6,CSE 150A,Introduction to Artificial Intelligence: Probabilistic Reasoning and Decision-Making,4,ai,81,90,A-,3.7,current,1
STU0133,6,CSE 151A,Introduction to Machine Learning,4,ai,68,91,B-,2.7,current,1
STU0133,6,MATH 181A,Introduction to Mathematical Statistics I,4,math,82,93,A-,3.7,current,1
STU0134,1,CSE 11,Introduction to Computer Science and Object-Oriented Programming: Java,4,core,65,91,B-,2.7,completed,1
STU0134,1,CSE 5A,Introduction to Programming I,4,core,74,93,B,3.0,completed,1
STU0134,1,MATH 18,Linear Algebra,4,math,79,87,B+,3.3,completed,1
STU0134,1,MATH 20A,Calculus for Science and Engineering,4,math,76,90,B+,3.3,completed,1
STU0134,2,CSE 12,Basic Data Structures and Object-Oriented Design,4,core,71,100,B,3.0,completed,1
STU0134,2,CSE 15L,Software Tools and Techniques Laboratory,2,lab,98,100,A+,4.0,completed,1
STU0134,2,CSE 20,Discrete Mathematics,4,math,67,99,B-,2.7,completed,1
STU0134,2,CSE 21,Mathematics for Algorithms and Systems,4,core,93,84,A+,4.0,completed,1
STU0134,2,MATH 20B,Calculus for Science and Engineering,4,math,92,84,A+,4.0,completed,1
STU0134,3,CSE 100,Advanced Data Structures,4,core,67,88,B-,2.7,completed,1
STU0134,3,CSE 30,Computer Organization and Systems Programming,4,core,65,93,B-,2.7,completed,1
STU0134,3,MATH 154,Discrete Mathematics and Graph Theory,4,math,70,80,B,3.0,completed,1
STU0134,3,MATH 20C,Calculus and Analytic Geometry for Science and Engineering,4,math,92,85,A+,4.0,completed,1
STU0134,4,CSE 101,Design and Analysis of Algorithms,4,core,84,82,A-,3.7,completed,1
STU0134,4,CSE 103,A Practical Introduction to Probability and Statistics,4,core,74,72,B,3.0,completed,1
STU0134,4,CSE 110,Software Engineering,4,core,89,74,A,4.0,completed,1
STU0134,4,DSC 40B,Theoretical Foundations of Data Science II,4,data,75,63,B+,3.3,completed,1
STU0134,5,CSE 120,Principles of Computer Operating Systems,4,systems,78,80,B+,3.3,current,1
STU0134,5,CSE 123,Computer Networks,4,networks,77,87,B+,3.3,current,1
STU0134,5,CSE 130,Programming Languages: Principles and Paradigms,4,systems,81,81,A-,3.7,current,1
STU0134,5,CSE 132A,Database System Principles,4,database,83,97,A-,3.7,current,1
STU0134,5,DSC 80,The Practice and Application of Data Science,4,data,84,76,A-,3.7,current,1
STU0135,1,CSE 11,Introduction to Computer Science and Object-Oriented Programming: Java,4,core,96,79,A+,4.0,completed,1
STU0135,1,CSE 5A,Introduction to Programming I,4,core,87,98,A,4.0,completed,1
STU0135,1,MATH 18,Linear Algebra,4,math,85,100,A,4.0,completed,1
STU0135,1,MATH 20A,Calculus for Science and Engineering,4,math,81,89,A-,3.7,completed,1
STU0135,2,CSE 12,Basic Data Structures and Object-Oriented Design,4,core,80,79,A-,3.7,completed,1
STU0135,2,CSE 15L,Software Tools and Techniques Laboratory,2,lab,81,76,A-,3.7,completed,1
STU0135,2,CSE 20,Discrete Mathematics,4,math,73,93,B,3.0,completed,1
STU0135,2,CSE 21,Mathematics for Algorithms and Systems,4,core,88,83,A,4.0,completed,1
STU0135,2,MATH 20B,Calculus for Science and Engineering,4,math,77,90,B+,3.3,completed,1
STU0135,3,CSE 100,Advanced Data Structures,4,core,84,71,A-,3.7,current,1
STU0135,3,CSE 30,Computer Organization and Systems Programming,4,core,85,93,A,4.0,current,1
STU0135,3,MATH 154,Discrete Mathematics and Graph Theory,4,math,80,92,A-,3.7,current,1
STU0135,3,MATH 20C,Calculus and Analytic Geometry for Science and Engineering,4,math,79,96,B+,3.3,current,1
STU0136,1,CSE 11,Introduction to Computer Science and Object-Oriented Programming: Java,4,core,81,95,A-,3.7,completed,1
STU0136,1,CSE 5A,Introduction to Programming I,4,core,80,88,A-,3.7,completed,1
STU0136,1,MATH 18,Linear Algebra,4,math,88,89,A,4.0,completed,1
STU0136,1,MATH 20A,Calculus for Science and Engineering,4,math,82,95,A-,3.7,completed,1
STU0136,2,CSE 12,Basic Data Structures and Object-Oriented Design,4,core,94,86,A+,4.0,completed,1
STU0136,2,CSE 15L,Software Tools and Techniques Laboratory,2,lab,89,87,A,4.0,completed,1
STU0136,2,CSE 20,Discrete Mathematics,4,math,86,80,A,4.0,completed,1
STU0136,2,CSE 21,Mathematics for Algorithms and Systems,4,core,85,100,A,4.0,completed,1
STU0136,2,MATH 20B,Calculus for Science and Engineering,4,math,95,87,A+,4.0,completed,1
STU0136,3,CSE 100,Advanced Data Structures,4,core,83,77,A-,3.7,current,1
STU0136,3,CSE 30,Computer Organization and Systems Programming,4,core,74,95,B,3.0,current,1
STU0136,3,MATH 154,Discrete Mathematics and Graph Theory,4,math,91,93,A+,4.0,current,1
STU0136,3,MATH 20C,Calculus and Analytic Geometry for Science and Engineering,4,math,82,89,A-,3.7,current,1
STU0137,1,CSE 11,Introduction to Computer Science and Object-Oriented Programming: Java,4,core,98,97,A+,4.0,completed,1
STU0137,1,CSE 5A,Introduction to Programming I,4,core,89,94,A,4.0,completed,1
STU0137,1,MATH 18,Linear Algebra,4,math,90,85,A+,4.0,completed,1
STU0137,1,MATH 20A,Calculus for Science and Engineering,4,math,81,78,A-,3.7,completed,1
STU0137,2,CSE 12,Basic Data Structures and Object-Oriented Design,4,core,81,77,A-,3.7,completed,1
STU0137,2,CSE 15L,Software Tools and Techniques Laboratory,2,lab,89,82,A,4.0,completed,1
STU0137,2,CSE 20,Discrete Mathematics,4,math,91,80,A+,4.0,completed,1
STU0137,2,CSE 21,Mathematics for Algorithms and Systems,4,core,87,75,A,4.0,completed,1
STU0137,2,MATH 20B,Calculus for Science and Engineering,4,math,83,94,A-,3.7,completed,1
STU0137,3,CSE 100,Advanced Data Structures,4,core,98,89,A+,4.0,current,1
STU0137,3,CSE 30,Computer Organization and Systems Programming,4,core,81,90,A-,3.7,current,1
STU0137,3,MATH 154,Discrete Mathematics and Graph Theory,4,math,91,91,A+,4.0,current,1
STU0137,3,MATH 20C,Calculus and Analytic Geometry for Science and Engineering,4,math,75,87,B+,3.3,current,1
STU0138,1,CSE 11,Introduction to Computer Science and Object-Oriented Programming: Java,4,core,74,91,B,3.0,completed,1
STU0138,1,CSE 5A,Introduction to Programming I,4,core,67,64,B-,2.7,completed,1
STU0138,1,MATH 18,Linear Algebra,4,math,72,77,B,3.0,completed,1
STU0138,1,MATH 20A,Calculus for Science and Engineering,4,math,73,92,B,3.0,completed,1
STU0138,2,CSE 12,Basic Data Structures and Object-Oriented Design,4,core,75,99,B+,3.3,completed,1
STU0138,2,CSE 15L,Software Tools and Techniques Laboratory,2,lab,77,87,B+,3.3,completed,1
STU0138,2,CSE 20,Discrete Mathematics,4,math,86,88,A,4.0,completed,1
STU0138,2,CSE 21,Mathematics for Algorithms and Systems,4,core,69,78,B-,2.7,completed,1
STU0138,2,MATH 20B,Calculus for Science and Engineering,4,math,82,99,A-,3.7,completed,1
STU0138,3,CSE 100,Advanced Data Structures,4,core,70,67,B,3.0,completed,1
STU0138,3,CSE 30,Computer Organization and Systems Programming,4,core,62,81,C+,2.3,completed,1
STU0138,3,MATH 154,Discrete Mathematics and Graph Theory,4,math,66,67,B-,2.7,completed,1
STU0138,3,MATH 20C,Calculus and Analytic Geometry for Science and Engineering,4,math,73,82,B,3.0,completed,1
STU0138,4,CSE 101,Design and Analysis of Algorithms,4,core,62,77,C+,2.3,current,1
STU0138,4,CSE 103,A Practical Introduction to Probability and Statistics,4,core,72,78,B,3.0,current,1
STU0138,4,CSE 110,Software Engineering,4,core,70,75,B,3.0,current,1
STU0138,4,DSC 40B,Theoretical Foundations of Data Science II,4,data,81,63,A-,3.7,current,1
STU0139,1,CSE 11,Introduction to Computer Science and Object-Oriented Programming: Java,4,core,93,81,A+,4.0,completed,1
STU0139,1,CSE 5A,Introduction to Programming I,4,core,85,91,A,4.0,completed,1
STU0139,1,MATH 18,Linear Algebra,4,math,78,89,B+,3.3,completed,1
STU0139,1,MATH 20A,Calculus for Science and Engineering,4,math,79,100,B+,3.3,completed,1
STU0139,2,CSE 12,Basic Data Structures and Object-Oriented Design,4,core,82,86,A-,3.7,completed,1
STU0139,2,CSE 15L,Software Tools and Techniques Laboratory,2,lab,80,79,A-,3.7,completed,1
STU0139,2,CSE 20,Discrete Mathematics,4,math,87,76,A,4.0,completed,1
STU0139,2,CSE 21,Mathematics for Algorithms and Systems,4,core,82,100,A-,3.7,completed,1
STU0139,2,MATH 20B,Calculus for Science and Engineering,4,math,90,87,A+,4.0,completed,1
STU0139,3,CSE 100,Advanced Data Structures,4,core,80,100,A-,3.7,completed,1
STU0139,3,CSE 30,Computer Organization and Systems Programming,4,core,75,100,B+,3.3,completed,1
STU0139,3,MATH 154,Discrete Mathematics and Graph Theory,4,math,93,77,A+,4.0,completed,1
STU0139,3,MATH 20C,Calculus and Analytic Geometry for Science and Engineering,4,math,77,93,B+,3.3,completed,1
STU0139,4,CSE 101,Design and Analysis of Algorithms,4,core,77,92,B+,3.3,completed,1
STU0139,4,CSE 103,A Practical Introduction to Probability and Statistics,4,core,81,86,A-,3.7,completed,1
STU0139,4,CSE 110,Software Engineering,4,core,92,75,A+,4.0,completed,1
STU0139,4,DSC 40B,Theoretical Foundations of Data Science II,4,data,76,92,B+,3.3,completed,1
STU0139,5,CSE 120,Principles of Computer Operating Systems,4,systems,68,85,B-,2.7,completed,1
STU0139,5,CSE 123,Computer Networks,4,networks,80,75,A-,3.7,completed,1
STU0139,5,DSC 80,The Practice and Application of Data Science,4,data,70,67,B,3.0,completed,1
STU0139,5,ECE 109,Engineering Probability and Statistics,4,math,73,74,B,3.0,completed,1
STU0139,5,MATH 183,Statistical Methods,4,math,84,66,A-,3.7,completed,1
STU0139,6,CSE 105,Theory of Computability,4,systems,80,73,A-,3.7,completed,1
STU0139,6,CSE 132B,Database Systems Applications,4,database,85,78,A,4.0,completed,1
STU0139,6,CSE 150A,Introduction to Artificial Intelligence: Probabilistic Reasoning and Decision-Making,4,ai,77,95,B+,3.3,completed,1
STU0139,6,CSE 151A,Introduction to Machine Learning,4,ai,85,77,A,4.0,completed,1
STU0139,6,MATH 181A,Introduction to Mathematical Statistics I,4,math,72,85,B,3.0,completed,1
STU0139,7,CSE 124,Networked Services,4,networks,75,83,B+,3.3,current,1
STU0139,7,CSE 127,Introduction to Computer Security,4,security,81,91,A-,3.7,current,1
STU0139,7,CSE 131,Compiler Construction,4,systems,63,81,C+,2.3,current,1
STU0139,7,CSE 152,Introduction to Computer Vision,4,ai,89,100,A,4.0,current,1
STU0139,7,CSE 158,Recommender Systems and Web Mining,4,ai,69,79,B-,2.7,current,1
STU0140,1,CSE 11,Introduction to Computer Science and Object-Oriented Programming: Java,4,core,78,92,B+,3.3,completed,1
STU0140,1,CSE 5A,Introduction to Programming I,4,core,84,78,A-,3.7,completed,1
STU0140,1,MATH 18,Linear Algebra,4,math,85,73,A,4.0,completed,1
STU0140,1,MATH 20A,Calculus for Science and Engineering,4,math,89,81,A,4.0,completed,1
STU0140,2,CSE 12,Basic Data Structures and Object-Oriented Design,4,core,67,81,B-,2.7,completed,1
STU0140,2,CSE 15L,Software Tools and Techniques Laboratory,2,lab,90,85,A+,4.0,completed,1
STU0140,2,CSE 20,Discrete Mathematics,4,math,79,85,B+,3.3,completed,1
STU0140,2,CSE 21,Mathematics for Algorithms and Systems,4,core,91,76,A+,4.0,completed,1
STU0140,2,MATH 20B,Calculus for Science and Engineering,4,math,87,77,A,4.0,completed,1
STU0140,3,CSE 100,Advanced Data Structures,4,core,61,87,C+,2.3,completed,1
STU0140,3,CSE 30,Computer Organization and Systems Programming,4,core,93,78,A+,4.0,completed,1
STU0140,3,MATH 154,Discrete Mathematics and Graph Theory,4,math,71,91,B,3.0,completed,1
STU0140,3,MATH 20C,Calculus and Analytic Geometry for Science and Engineering,4,math,83,85,A-,3.7,completed,1
STU0140,4,CSE 101,Design and Analysis of Algorithms,4,core,82,79,A-,3.7,completed,1
STU0140,4,CSE 103,A Practical Introduction to Probability and Statistics,4,core,74,82,B,3.0,completed,1
STU0140,4,CSE 110,Software Engineering,4,core,75,82,B+,3.3,completed,1
STU0140,4,DSC 40B,Theoretical Foundations of Data Science II,4,data,91,83,A+,4.0,completed,1
STU0140,5,CSE 120,Principles of Computer Operating Systems,4,systems,74,79,B,3.0,completed,1
STU0140,5,CSE 123,Computer Networks,4,networks,78,90,B+,3.3,completed,1
STU0140,5,CSE 132A,Database System Principles,4,database,79,88,B+,3.3,completed,1
STU0140,5,DSC 80,The Practice and Application of Data Science,4,data,74,86,B,3.0,completed,1
STU0140,5,ECE 109,Engineering Probability and Statistics,4,math,83,59,A-,3.7,completed,1
STU0140,6,CSE 105,Theory of Computability,4,systems,65,85,B-,2.7,completed,1
STU0140,6,CSE 132B,Database Systems Applications,4,database,52,80,C-,1.7,completed,1
STU0140,6,CSE 150A,Introduction to Artificial Intelligence: Probabilistic Reasoning and Decision-Making,4,ai,78,95,B+,3.3,completed,1
STU0140,6,CSE 150B,Introduction to Artificial Intelligence: Search and Reasoning,4,ai,74,100,B,3.0,completed,1
STU0140,6,CSE 151A,Introduction to Machine Learning,4,ai,77,78,B+,3.3,completed,1
STU0140,7,CSE 127,Introduction to Computer Security,4,security,74,71,B,3.0,current,1
STU0140,7,CSE 151B,Deep Learning,4,ai,61,72,C+,2.3,current,1
STU0140,7,CSE 152,Introduction to Computer Vision,4,ai,76,77,B+,3.3,current,1
STU0140,7,CSE 158,Recommender Systems and Web Mining,4,ai,83,93,A-,3.7,current,1
STU0140,7,MATH 188,Algebraic Combinatorics,4,math,73,81,B,3.0,current,1
STU0141,1,CSE 11,Introduction to Computer Science and Object-Oriented Programming: Java,4,core,75,96,B+,3.3,completed,1
STU0141,1,CSE 5A,Introduction to Programming I,4,core,68,100,B-,2.7,completed,1
STU0141,1,MATH 18,Linear Algebra,4,math,95,86,A+,4.0,completed,1
STU0141,1,MATH 20A,Calculus for Science and Engineering,4,math,77,98,B+,3.3,completed,1
STU0141,2,CSE 12,Basic Data Structures and Object-Oriented Design,4,core,85,82,A,4.0,completed,1
STU0141,2,CSE 15L,Software Tools and Techniques Laboratory,2,lab,91,92,A+,4.0,completed,1
STU0141,2,CSE 20,Discrete Mathematics,4,math,88,85,A,4.0,completed,1
STU0141,2,CSE 21,Mathematics for Algorithms and Systems,4,core,94,79,A+,4.0,completed,1
STU0141,2,MATH 20B,Calculus for Science and Engineering,4,math,85,75,A,4.0,completed,1
STU0141,3,CSE 100,Advanced Data Structures,4,core,77,90,B+,3.3,completed,1
STU0141,3,CSE 30,Computer Organization and Systems Programming,4,core,89,99,A,4.0,completed,1
STU0141,3,MATH 154,Discrete Mathematics and Graph Theory,4,math,80,77,A-,3.7,completed,1
STU0141,3,MATH 20C,Calculus and Analytic Geometry for Science and Engineering,4,math,84,84,A-,3.7,completed,1
STU0141,4,CSE 101,Design and Analysis of Algorithms,4,core,68,74,B-,2.7,completed,1
STU0141,4,CSE 103,A Practical Introduction to Probability and Statistics,4,core,86,85,A,4.0,completed,1
STU0141,4,CSE 110,Software Engineering,4,core,75,66,B+,3.3,completed,1
STU0141,4,DSC 40B,Theoretical Foundations of Data Science II,4,data,95,89,A+,4.0,completed,1
STU0141,5,CSE 123,Computer Networks,4,networks,76,98,B+,3.3,completed,1
STU0141,5,CSE 132A,Database System Principles,4,database,82,95,A-,3.7,completed,1
STU0141,5,DSC 80,The Practice and Application of Data Science,4,data,93,82,A+,4.0,completed,1
STU0141,5,ECE 109,Engineering Probability and Statistics,4,math,76,98,B+,3.3,completed,1
STU0141,5,MATH 183,Statistical Methods,4,math,78,86,B+,3.3,completed,1
STU0141,6,CSE 105,Theory of Computability,4,systems,85,87,A,4.0,current,1
STU0141,6,CSE 150A,Introduction to Artificial Intelligence: Probabilistic Reasoning and Decision-Making,4,ai,64,70,C+,2.3,current,1
STU0141,6,CSE 150B,Introduction to Artificial Intelligence: Search and Reasoning,4,ai,90,72,A+,4.0,current,1
STU0141,6,CSE 151A,Introduction to Machine Learning,4,ai,85,85,A,4.0,current,1
STU0141,6,MATH 181A,Introduction to Mathematical Statistics I,4,math,87,75,A,4.0,current,1
STU0142,1,CSE 11,Introduction to Computer Science and Object-Oriented Programming: Java,4,core,92,92,A+,4.0,completed,1
STU0142,1,CSE 5A,Introduction to Programming I,4,core,89,87,A,4.0,completed,1
STU0142,1,MATH 18,Linear Algebra,4,math,91,94,A+,4.0,completed,1
STU0142,1,MATH 20A,Calculus for Science and Engineering,4,math,81,85,A-,3.7,completed,1
STU0142,2,CSE 12,Basic Data Structures and Object-Oriented Design,4,core,75,90,B+,3.3,completed,1
STU0142,2,CSE 15L,Software Tools and Techniques Laboratory,2,lab,85,82,A,4.0,completed,1
STU0142,2,CSE 20,Discrete Mathematics,4,math,76,86,B+,3.3,completed,1
STU0142,2,CSE 21,Mathematics for Algorithms and Systems,4,core,75,94,B+,3.3,completed,1
STU0142,2,MATH 20B,Calculus for Science and Engineering,4,math,93,77,A+,4.0,completed,1
STU0142,3,CSE 100,Advanced Data Structures,4,core,74,83,B,3.0,completed,1
STU0142,3,CSE 30,Computer Organization and Systems Programming,4,core,83,99,A-,3.7,completed,1
STU0142,3,MATH 154,Discrete Mathematics and Graph Theory,4,math,95,87,A+,4.0,completed,1
STU0142,3,MATH 20C,Calculus and Analytic Geometry for Science and Engineering,4,math,83,79,A-,3.7,completed,1
STU0142,4,CSE 101,Design and Analysis of Algorithms,4,core,65,90,B-,2.7,completed,1
STU0142,4,CSE 103,A Practical Introduction to Probability and Statistics,4,core,67,82,B-,2.7,completed,1
STU0142,4,CSE 110,Software Engineering,4,core,82,81,A-,3.7,completed,1
STU0142,4,DSC 40B,Theoretical Foundations of Data Science II,4,data,77,90,B+,3.3,completed,1
STU0142,5,CSE 130,Programming Languages: Principles and Paradigms,4,systems,64,88,C+,2.3,completed,1
STU0142,5,CSE 132A,Database System Principles,4,database,79,80,B+,3.3,completed,1
STU0142,5,DSC 80,The Practice and Application of Data Science,4,data,68,68,B-,2.7,completed,1
STU0142,5,ECE 109,Engineering Probability and Statistics,4,math,60,74,C+,2.3,completed,1
STU0142,5,MATH 183,Statistical Methods,4,math,68,96,B-,2.7,completed,1
STU0142,6,CSE 132B,Database Systems Applications,4,database,82,97,A-,3.7,current,1
STU0142,6,CSE 150A,Introduction to Artificial Intelligence: Probabilistic Reasoning and Decision-Making,4,ai,84,73,A-,3.7,current,1
STU0142,6,CSE 150B,Introduction to Artificial Intelligence: Search and Reasoning,4,ai,61,73,C+,2.3,current,1
STU0142,6,CSE 151A,Introduction to Machine Learning,4,ai,87,73,A,4.0,current,1
STU0142,6,MATH 181A,Introduction to Mathematical Statistics I,4,math,73,100,B,3.0,current,1
STU0143,1,CSE 11,Introduction to Computer Science and Object-Oriented Programming: Java,4,core,94,83,A+,4.0,completed,1
STU0143,1,CSE 5A,Introduction to Programming I,4,core,91,86,A+,4.0,completed,1
STU0143,1,MATH 18,Linear Algebra,4,math,98,70,A+,4.0,completed,1
STU0143,1,MATH 20A,Calculus for Science and Engineering,4,math,81,100,A-,3.7,completed,1
STU0143,2,CSE 12,Basic Data Structures and Object-Oriented Design,4,core,77,90,B+,3.3,completed,1
STU0143,2,CSE 15L,Software Tools and Techniques Laboratory,2,lab,74,83,B,3.0,completed,1
STU0143,2,CSE 20,Discrete Mathematics,4,math,98,92,A+,4.0,completed,1
STU0143,2,CSE 21,Mathematics for Algorithms and Systems,4,core,79,83,B+,3.3,completed,1
STU0143,2,MATH 20B,Calculus for Science and Engineering,4,math,85,78,A,4.0,completed,1
STU0143,3,CSE 100,Advanced Data Structures,4,core,92,76,A+,4.0,completed,1
STU0143,3,CSE 30,Computer Organization and Systems Programming,4,core,81,86,A-,3.7,completed,1
STU0143,3,MATH 154,Discrete Mathematics and Graph Theory,4,math,81,100,A-,3.7,completed,1
STU0143,3,MATH 20C,Calculus and Analytic Geometry for Science and Engineering,4,math,98,86,A+,4.0,completed,1
STU0143,4,CSE 101,Design and Analysis of Algorithms,4,core,97,95,A+,4.0,completed,1
STU0143,4,CSE 103,A Practical Introduction to Probability and Statistics,4,core,92,93,A+,4.0,completed,1
STU0143,4,CSE 110,Software Engineering,4,core,98,86,A+,4.0,completed,1
STU0143,4,DSC 40B,Theoretical Foundations of Data Science II,4,data,78,100,B+,3.3,completed,1
STU0143,5,CSE 120,Principles of Computer Operating Systems,4,systems,88,97,A,4.0,completed,1
STU0143,5,CSE 123,Computer Networks,4,networks,72,76,B,3.0,completed,1
STU0143,5,CSE 130,Programming Languages: Principles and Paradigms,4,systems,78,94,B+,3.3,completed,1
STU0143,5,CSE 132A,Database System Principles,4,database,84,92,A-,3.7,completed,1
STU0143,5,DSC 80,The Practice and Application of Data Science,4,data,91,85,A+,4.0,completed,1
STU0143,6,CSE 105,Theory of Computability,4,systems,96,73,A+,4.0,current,1
STU0143,6,CSE 132B,Database Systems Applications,4,database,92,87,A+,4.0,current,1
STU0143,6,CSE 150A,Introduction to Artificial Intelligence: Probabilistic Reasoning and Decision-Making,4,ai,78,81,B+,3.3,current,1
STU0143,6,CSE 151A,Introduction to Machine Learning,4,ai,94,75,A+,4.0,current,1
STU0143,6,MATH 181A,Introduction to Mathematical Statistics I,4,math,77,84,B+,3.3,current,1
STU0144,1,CSE 11,Introduction to Computer Science and Object-Oriented Programming: Java,4,core,77,100,B+,3.3,completed,1
STU0144,1,CSE 5A,Introduction to Programming I,4,core,97,96,A+,4.0,completed,1
STU0144,1,MATH 18,Linear Algebra,4,math,81,97,A-,3.7,completed,1
STU0144,1,MATH 20A,Calculus for Science and Engineering,4,math,65,84,B-,2.7,completed,1
STU0144,2,CSE 12,Basic Data Structures and Object-Oriented Design,4,core,73,95,B,3.0,completed,1
STU0144,2,CSE 15L,Software Tools and Techniques Laboratory,2,lab,90,72,A+,4.0,completed,1
STU0144,2,CSE 20,Discrete Mathematics,4,math,83,90,A-,3.7,completed,1
STU0144,2,CSE 21,Mathematics for Algorithms and Systems,4,core,67,96,B-,2.7,completed,1
STU0144,2,MATH 20B,Calculus for Science and Engineering,4,math,84,75,A-,3.7,completed,1
STU0144,3,CSE 100,Advanced Data Structures,4,core,88,77,A,4.0,completed,1
STU0144,3,CSE 30,Computer Organization and Systems Programming,4,core,82,84,A-,3.7,completed,1
STU0144,3,MATH 154,Discrete Mathematics and Graph Theory,4,math,98,96,A+,4.0,completed,1
STU0144,3,MATH 20C,Calculus and Analytic Geometry for Science and Engineering,4,math,84,73,A-,3.7,completed,1
STU0144,4,CSE 101,Design and Analysis of Algorithms,4,core,85,76,A,4.0,current,1
STU0144,4,CSE 103,A Practical Introduction to Probability and Statistics,4,core,88,75,A,4.0,current,1
STU0144,4,CSE 110,Software Engineering,4,core,75,100,B+,3.3,current,1
STU0144,4,DSC 40B,Theoretical Foundations of Data Science II,4,data,86,89,A,4.0,current,1
STU0145,1,CSE 11,Introduction to Computer Science and Object-Oriented Programming: Java,4,core,71,63,B,3.0,completed,1
STU0145,1,CSE 5A,Introduction to Programming I,4,core,73,96,B,3.0,completed,1
STU0145,1,MATH 18,Linear Algebra,4,math,84,58,A-,3.7,completed,1
STU0145,1,MATH 20A,Calculus for Science and Engineering,4,math,68,73,B-,2.7,completed,1
STU0145,2,CSE 12,Basic Data Structures and Object-Oriented Design,4,core,77,91,B+,3.3,completed,1
STU0145,2,CSE 15L,Software Tools and Techniques Laboratory,2,lab,62,68,C+,2.3,completed,1
STU0145,2,CSE 20,Discrete Mathematics,4,math,78,72,B+,3.3,completed,1
STU0145,2,CSE 21,Mathematics for Algorithms and Systems,4,core,90,84,A+,4.0,completed,1
STU0145,2,MATH 20B,Calculus for Science and Engineering,4,math,78,73,B+,3.3,completed,1
STU0145,3,CSE 100,Advanced Data Structures,4,core,91,73,A+,4.0,completed,1
STU0145,3,CSE 30,Computer Organization and Systems Programming,4,core,54,68,C-,1.7,completed,1
STU0145,3,MATH 154,Discrete Mathematics and Graph Theory,4,math,81,77,A-,3.7,completed,1
STU0145,3,MATH 20C,Calculus and Analytic Geometry for Science and Engineering,4,math,88,100,A,4.0,completed,1
STU0145,4,CSE 101,Design and Analysis of Algorithms,4,core,90,81,A+,4.0,completed,1
STU0145,4,CSE 103,A Practical Introduction to Probability and Statistics,4,core,74,89,B,3.0,completed,1
STU0145,4,CSE 110,Software Engineering,4,core,73,83,B,3.0,completed,1
STU0145,4,DSC 40B,Theoretical Foundations of Data Science II,4,data,71,78,B,3.0,completed,1
STU0145,5,CSE 123,Computer Networks,4,networks,98,96,A+,4.0,completed,1
STU0145,5,CSE 130,Programming Languages: Principles and Paradigms,4,systems,86,90,A,4.0,completed,1
STU0145,5,CSE 132A,Database System Principles,4,database,70,86,B,3.0,completed,1
STU0145,5,DSC 80,The Practice and Application of Data Science,4,data,83,83,A-,3.7,completed,1
STU0145,5,ECE 109,Engineering Probability and Statistics,4,math,93,70,A+,4.0,completed,1
STU0145,6,CSE 105,Theory of Computability,4,systems,72,100,B,3.0,current,1
STU0145,6,CSE 132B,Database Systems Applications,4,database,72,84,B,3.0,current,1
STU0145,6,CSE 150A,Introduction to Artificial Intelligence: Probabilistic Reasoning and Decision-Making,4,ai,79,76,B+,3.3,current,1
STU0145,6,CSE 150B,Introduction to Artificial Intelligence: Search and Reasoning,4,ai,64,74,C+,2.3,current,1
STU0145,6,CSE 151A,Introduction to Machine Learning,4,ai,81,87,A-,3.7,current,1
STU0146,1,CSE 11,Introduction to Computer Science and Object-Oriented Programming: Java,4,core,97,82,A+,4.0,completed,1
STU0146,1,CSE 5A,Introduction to Programming I,4,core,80,96,A-,3.7,completed,1
STU0146,1,MATH 18,Linear Algebra,4,math,98,73,A+,4.0,completed,1
STU0146,1,MATH 20A,Calculus for Science and Engineering,4,math,96,96,A+,4.0,completed,1
STU0146,2,CSE 12,Basic Data Structures and Object-Oriented Design,4,core,64,93,C+,2.3,completed,1
STU0146,2,CSE 15L,Software Tools and Techniques Laboratory,2,lab,97,83,A+,4.0,completed,1
STU0146,2,CSE 20,Discrete Mathematics,4,math,82,82,A-,3.7,completed,1
STU0146,2,CSE 21,Mathematics for Algorithms and Systems,4,core,84,79,A-,3.7,completed,1
STU0146,2,MATH 20B,Calculus for Science and Engineering,4,math,83,84,A-,3.7,completed,1
STU0146,3,CSE 100,Advanced Data Structures,4,core,83,73,A-,3.7,completed,1
STU0146,3,CSE 30,Computer Organization and Systems Programming,4,core,91,83,A+,4.0,completed,1
STU0146,3,MATH 154,Discrete Mathematics and Graph Theory,4,math,98,85,A+,4.0,completed,1
STU0146,3,MATH 20C,Calculus and Analytic Geometry for Science and Engineering,4,math,85,86,A,4.0,completed,1
STU0146,4,CSE 101,Design and Analysis of Algorithms,4,core,89,98,A,4.0,completed,1
STU0146,4,CSE 103,A Practical Introduction to Probability and Statistics,4,core,74,77,B,3.0,completed,1
STU0146,4,CSE 110,Software Engineering,4,core,72,83,B,3.0,completed,1
STU0146,4,DSC 40B,Theoretical Foundations of Data Science II,4,data,76,86,B+,3.3,completed,1
STU0146,5,CSE 120,Principles of Computer Operating Systems,4,systems,90,97,A+,4.0,current,1
STU0146,5,CSE 123,Computer Networks,4,networks,93,96,A+,4.0,current,1
STU0146,5,CSE 130,Programming Languages: Principles and Paradigms,4,systems,88,76,A,4.0,current,1
STU0146,5,DSC 80,The Practice and Application of Data Science,4,data,89,87,A,4.0,current,1
STU0146,5,MATH 183,Statistical Methods,4,math,80,92,A-,3.7,current,1
STU0147,1,CSE 11,Introduction to Computer Science and Object-Oriented Programming: Java,4,core,58,76,C,2.0,completed,1
STU0147,1,CSE 5A,Introduction to Programming I,4,core,76,87,B+,3.3,completed,1
STU0147,1,MATH 18,Linear Algebra,4,math,80,77,A-,3.7,completed,1
STU0147,1,MATH 20A,Calculus for Science and Engineering,4,math,80,73,A-,3.7,completed,1
STU0147,2,CSE 12,Basic Data Structures and Object-Oriented Design,4,core,84,83,A-,3.7,completed,1
STU0147,2,CSE 15L,Software Tools and Techniques Laboratory,2,lab,69,78,B-,2.7,completed,1
STU0147,2,CSE 20,Discrete Mathematics,4,math,75,73,B+,3.3,completed,1
STU0147,2,CSE 21,Mathematics for Algorithms and Systems,4,core,82,73,A-,3.7,completed,1
STU0147,2,MATH 20B,Calculus for Science and Engineering,4,math,74,79,B,3.0,completed,1
STU0147,3,CSE 100,Advanced Data Structures,4,core,81,78,A-,3.7,completed,1
STU0147,3,CSE 30,Computer Organization and Systems Programming,4,core,79,92,B+,3.3,completed,1
STU0147,3,MATH 154,Discrete Mathematics and Graph Theory,4,math,85,66,A,4.0,completed,1
STU0147,3,MATH 20C,Calculus and Analytic Geometry for Science and Engineering,4,math,59,87,C,2.0,completed,1
STU0147,4,CSE 101,Design and Analysis of Algorithms,4,core,78,83,B+,3.3,completed,1
STU0147,4,CSE 103,A Practical Introduction to Probability and Statistics,4,core,67,83,B-,2.7,completed,1
STU0147,4,CSE 110,Software Engineering,4,core,74,72,B,3.0,completed,1
STU0147,4,DSC 40B,Theoretical Foundations of Data Science II,4,data,80,86,A-,3.7,completed,1
STU0147,5,CSE 123,Computer Networks,4,networks,86,90,A,4.0,current,1
STU0147,5,CSE 132A,Database System Principles,4,database,91,86,A+,4.0,current,1
STU0147,5,DSC 80,The Practice and Application of Data Science,4,data,68,79,B-,2.7,current,1
STU0147,5,ECE 109,Engineering Probability and Statistics,4,math,66,81,B-,2.7,current,1
STU0147,5,MATH 183,Statistical Methods,4,math,87,79,A,4.0,current,1
STU0148,1,CSE 11,Introduction to Computer Science and Object-Oriented Programming: Java,4,core,62,79,C+,2.3,completed,1
STU0148,1,CSE 5A,Introduction to Programming I,4,core,82,77,A-,3.7,completed,1
STU0148,1,MATH 18,Linear Algebra,4,math,70,75,B,3.0,completed,1
STU0148,1,MATH 20A,Calculus for Science and Engineering,4,math,87,97,A,4.0,completed,1
STU0148,2,CSE 12,Basic Data Structures and Object-Oriented Design,4,core,75,91,B+,3.3,completed,1
STU0148,2,CSE 15L,Software Tools and Techniques Laboratory,2,lab,72,65,B,3.0,completed,1
STU0148,2,CSE 20,Discrete Mathematics,4,math,65,98,B-,2.7,completed,1
STU0148,2,CSE 21,Mathematics for Algorithms and Systems,4,core,66,83,B-,2.7,completed,1
STU0148,2,MATH 20B,Calculus for Science and Engineering,4,math,61,80,C+,2.3,completed,1
STU0148,3,CSE 100,Advanced Data Structures,4,core,73,80,B,3.0,completed,1
STU0148,3,CSE 30,Computer Organization and Systems Programming,4,core,75,99,B+,3.3,completed,1
STU0148,3,MATH 154,Discrete Mathematics and Graph Theory,4,math,80,74,A-,3.7,completed,1
STU0148,3,MATH 20C,Calculus and Analytic Geometry for Science and Engineering,4,math,97,73,A+,4.0,completed,1
STU0148,4,CSE 101,Design and Analysis of Algorithms,4,core,48,79,D,1.0,completed,1
STU0148,4,CSE 103,A Practical Introduction to Probability and Statistics,4,core,69,93,B-,2.7,completed,1
STU0148,4,CSE 110,Software Engineering,4,core,77,77,B+,3.3,completed,1
STU0148,4,DSC 40B,Theoretical Foundations of Data Science II,4,data,85,94,A,4.0,completed,1
STU0148,5,CSE 120,Principles of Computer Operating Systems,4,systems,73,85,B,3.0,completed,1
STU0148,5,CSE 123,Computer Networks,4,networks,70,72,B,3.0,completed,1
STU0148,5,CSE 130,Programming Languages: Principles and Paradigms,4,systems,68,79,B-,2.7,completed,1
STU0148,5,CSE 132A,Database System Principles,4,database,69,81,B-,2.7,completed,1
STU0148,5,MATH 183,Statistical Methods,4,math,81,84,A-,3.7,completed,1
STU0148,6,CSE 105,Theory of Computability,4,systems,69,81,B-,2.7,completed,1
STU0148,6,CSE 132B,Database Systems Applications,4,database,76,95,B+,3.3,completed,1
STU0148,6,CSE 150A,Introduction to Artificial Intelligence: Probabilistic Reasoning and Decision-Making,4,ai,73,84,B,3.0,completed,1
STU0148,6,CSE 150B,Introduction to Artificial Intelligence: Search and Reasoning,4,ai,59,83,C,2.0,completed,1
STU0148,6,MATH 181A,Introduction to Mathematical Statistics I,4,math,71,88,B,3.0,completed,1
STU0148,7,CSE 127,Introduction to Computer Security,4,security,55,82,C,2.0,current,1
STU0148,7,CSE 131,Compiler Construction,4,systems,74,68,B,3.0,current,1
STU0148,7,CSE 151B,Deep Learning,4,ai,61,69,C+,2.3,current,1
STU0148,7,CSE 152,Introduction to Computer Vision,4,ai,78,96,B+,3.3,current,1
STU0148,7,MATH 188,Algebraic Combinatorics,4,math,71,88,B,3.0,current,1
STU0149,1,CSE 11,Introduction to Computer Science and Object-Oriented Programming: Java,4,core,78,75,B+,3.3,completed,1
STU0149,1,CSE 5A,Introduction to Programming I,4,core,84,68,A-,3.7,completed,1
STU0149,1,MATH 18,Linear Algebra,4,math,68,72,B-,2.7,completed,1
STU0149,1,MATH 20A,Calculus for Science and Engineering,4,math,64,82,C+,2.3,completed,1
STU0149,2,CSE 12,Basic Data Structures and Object-Oriented Design,4,core,92,85,A+,4.0,completed,1
STU0149,2,CSE 15L,Software Tools and Techniques Laboratory,2,lab,79,75,B+,3.3,completed,1
STU0149,2,CSE 20,Discrete Mathematics,4,math,64,69,C+,2.3,completed,1
STU0149,2,CSE 21,Mathematics for Algorithms and Systems,4,core,86,84,A,4.0,completed,1
STU0149,2,MATH 20B,Calculus for Science and Engineering,4,math,73,86,B,3.0,completed,1
STU0149,3,CSE 100,Advanced Data Structures,4,core,78,75,B+,3.3,completed,1
STU0149,3,CSE 30,Computer Organization and Systems Programming,4,core,71,89,B,3.0,completed,1
STU0149,3,MATH 154,Discrete Mathematics and Graph Theory,4,math,79,93,B+,3.3,completed,1
STU0149,3,MATH 20C,Calculus and Analytic Geometry for Science and Engineering,4,math,69,87,B-,2.7,completed,1
STU0149,4,CSE 101,Design and Analysis of Algorithms,4,core,74,84,B,3.0,completed,1
STU0149,4,CSE 103,A Practical Introduction to Probability and Statistics,4,core,83,83,A-,3.7,completed,1
STU0149,4,CSE 110,Software Engineering,4,core,78,83,B+,3.3,completed,1
STU0149,4,DSC 40B,Theoretical Foundations of Data Science II,4,data,76,72,B+,3.3,completed,1
STU0149,5,CSE 120,Principles of Computer Operating Systems,4,systems,71,90,B,3.0,completed,1
STU0149,5,CSE 123,Computer Networks,4,networks,58,91,C,2.0,completed,1
STU0149,5,CSE 130,Programming Languages: Principles and Paradigms,4,systems,93,87,A+,4.0,completed,1
STU0149,5,CSE 132A,Database System Principles,4,database,62,71,C+,2.3,completed,1
STU0149,5,DSC 80,The Practice and Application of Data Science,4,data,75,100,B+,3.3,completed,1
STU0149,6,CSE 105,Theory of Computability,4,systems,85,66,A,4.0,current,1
STU0149,6,CSE 132B,Database Systems Applications,4,database,82,74,A-,3.7,current,1
STU0149,6,CSE 150A,Introduction to Artificial Intelligence: Probabilistic Reasoning and Decision-Making,4,ai,81,82,A-,3.7,current,1
STU0149,6,CSE 150B,Introduction to Artificial Intelligence: Search and Reasoning,4,ai,80,80,A-,3.7,current,1
STU0149,6,CSE 151A,Introduction to Machine Learning,4,ai,70,83,B,3.0,current,1
STU0150,1,CSE 11,Introduction to Computer Science and Object-Oriented Programming: Java,4,core,78,73,B+,3.3,completed,1
STU0150,1,CSE 5A,Introduction to Programming I,4,core,72,79,B,3.0,completed,1
STU0150,1,MATH 18,Linear Algebra,4,math,65,86,B-,2.7,completed,1
STU0150,1,MATH 20A,Calculus for Science and Engineering,4,math,72,79,B,3.0,completed,1
STU0150,2,CSE 12,Basic Data Structures and Object-Oriented Design,4,core,71,100,B,3.0,completed,1
STU0150,2,CSE 15L,Software Tools and Techniques Laboratory,2,lab,70,64,B,3.0,completed,1
STU0150,2,CSE 20,Discrete Mathematics,4,math,88,89,A,4.0,completed,1
STU0150,2,CSE 21,Mathematics for Algorithms and Systems,4,core,62,89,C+,2.3,completed,1
STU0150,2,MATH 20B,Calculus for Science and Engineering,4,math,88,76,A,4.0,completed,1
STU0150,3,CSE 100,Advanced Data Structures,4,core,75,100,B+,3.3,completed,1
STU0150,3,CSE 30,Computer Organization and Systems Programming,4,core,80,76,A-,3.7,completed,1
STU0150,3,MATH 154,Discrete Mathematics and Graph Theory,4,math,78,90,B+,3.3,completed,1
STU0150,3,MATH 20C,Calculus and Analytic Geometry for Science and Engineering,4,math,75,80,B+,3.3,completed,1
STU0150,4,CSE 101,Design and Analysis of Algorithms,4,core,81,85,A-,3.7,completed,1
STU0150,4,CSE 103,A Practical Introduction to Probability and Statistics,4,core,79,90,B+,3.3,completed,1
STU0150,4,CSE 110,Software Engineering,4,core,77,90,B+,3.3,completed,1
STU0150,4,DSC 40B,Theoretical Foundations of Data Science II,4,data,83,85,A-,3.7,completed,1
STU0150,5,CSE 123,Computer Networks,4,networks,69,90,B-,2.7,completed,1
STU0150,5,CSE 132A,Database System Principles,4,database,98,74,A+,4.0,completed,1
STU0150,5,DSC 80,The Practice and Application of Data Science,4,data,69,84,B-,2.7,completed,1
STU0150,5,ECE 109,Engineering Probability and Statistics,4,math,70,82,B,3.0,completed,1
STU0150,5,MATH 183,Statistical Methods,4,math,71,88,B,3.0,completed,1
STU0150,6,CSE 105,Theory of Computability,4,systems,68,100,B-,2.7,current,1
STU0150,6,CSE 132B,Database Systems Applications,4,database,67,86,B-,2.7,current,1
STU0150,6,CSE 150B,Introduction to Artificial Intelligence: Search and Reasoning,4,ai,70,89,B,3.0,current,1
STU0150,6,CSE 151A,Introduction to Machine Learning,4,ai,76,79,B+,3.3,current,1
STU0150,6,MATH 181A,Introduction to Mathematical Statistics I,4,math,67,81,B-,2.7,current,1
STU0151,1,CSE 11,Introduction to Computer Science and Object-Oriented Programming: Java,4,core,67,76,B-,2.7,completed,1
STU0151,1,CSE 5A,Introduction to Programming I,4,core,72,75,B,3.0,completed,1
STU0151,1,MATH 18,Linear Algebra,4,math,70,90,B,3.0,completed,1
STU0151,1,MATH 20A,Calculus for Science and Engineering,4,math,70,80,B,3.0,completed,1
STU0151,2,CSE 12,Basic Data Structures and Object-Oriented Design,4,core,75,92,B+,3.3,completed,1
STU0151,2,CSE 15L,Software Tools and Techniques Laboratory,2,lab,80,83,A-,3.7,completed,1
STU0151,2,CSE 20,Discrete Mathematics,4,math,83,76,A-,3.7,completed,1
STU0151,2,CSE 21,Mathematics for Algorithms and Systems,4,core,66,73,B-,2.7,completed,1
STU0151,2,MATH 20B,Calculus for Science and Engineering,4,math,67,95,B-,2.7,completed,1
STU0151,3,CSE 100,Advanced Data Structures,4,core,90,95,A+,4.0,completed,1
STU0151,3,CSE 30,Computer Organization and Systems Programming,4,core,76,100,B+,3.3,completed,1
STU0151,3,MATH 154,Discrete Mathematics and Graph Theory,4,math,71,88,B,3.0,completed,1
STU0151,3,MATH 20C,Calculus and Analytic Geometry for Science and Engineering,4,math,73,76,B,3.0,completed,1
STU0151,4,CSE 101,Design and Analysis of Algorithms,4,core,84,80,A-,3.7,completed,1
STU0151,4,CSE 103,A Practical Introduction to Probability and Statistics,4,core,85,80,A,4.0,completed,1
STU0151,4,CSE 110,Software Engineering,4,core,93,87,A+,4.0,completed,1
STU0151,4,DSC 40B,Theoretical Foundations of Data Science II,4,data,81,85,A-,3.7,completed,1
STU0151,5,CSE 123,Computer Networks,4,networks,80,94,A-,3.7,completed,1
STU0151,5,CSE 130,Programming Languages: Principles and Paradigms,4,systems,97,81,A+,4.0,completed,1
STU0151,5,CSE 132A,Database System Principles,4,database,72,81,B,3.0,completed,1
STU0151,5,ECE 109,Engineering Probability and Statistics,4,math,67,80,B-,2.7,completed,1
STU0151,5,MATH 183,Statistical Methods,4,math,84,74,A-,3.7,completed,1
STU0151,6,CSE 105,Theory of Computability,4,systems,76,93,B+,3.3,current,1
STU0151,6,CSE 150A,Introduction to Artificial Intelligence: Probabilistic Reasoning and Decision-Making,4,ai,66,83,B-,2.7,current,1
STU0151,6,CSE 150B,Introduction to Artificial Intelligence: Search and Reasoning,4,ai,66,87,B-,2.7,current,1
STU0151,6,CSE 151A,Introduction to Machine Learning,4,ai,59,84,C,2.0,current,1
STU0151,6,MATH 181A,Introduction to Mathematical Statistics I,4,math,63,90,C+,2.3,current,1
STU0152,1,CSE 11,Introduction to Computer Science and Object-Oriented Programming: Java,4,core,72,80,B,3.0,completed,1
STU0152,1,CSE 5A,Introduction to Programming I,4,core,90,79,A+,4.0,completed,1
STU0152,1,MATH 18,Linear Algebra,4,math,78,72,B+,3.3,completed,1
STU0152,1,MATH 20A,Calculus for Science and Engineering,4,math,75,92,B+,3.3,completed,1
STU0152,2,CSE 12,Basic Data Structures and Object-Oriented Design,4,core,71,56,B,3.0,completed,1
STU0152,2,CSE 15L,Software Tools and Techniques Laboratory,2,lab,81,83,A-,3.7,completed,1
STU0152,2,CSE 20,Discrete Mathematics,4,math,79,87,B+,3.3,completed,1
STU0152,2,CSE 21,Mathematics for Algorithms and Systems,4,core,76,78,B+,3.3,completed,1
STU0152,2,MATH 20B,Calculus for Science and Engineering,4,math,70,78,B,3.0,completed,1
STU0152,3,CSE 100,Advanced Data Structures,4,core,77,68,B+,3.3,completed,1
STU0152,3,CSE 30,Computer Organization and Systems Programming,4,core,77,69,B+,3.3,completed,1
STU0152,3,MATH 154,Discrete Mathematics and Graph Theory,4,math,74,77,B,3.0,completed,1
STU0152,3,MATH 20C,Calculus and Analytic Geometry for Science and Engineering,4,math,73,90,B,3.0,completed,1
STU0152,4,CSE 101,Design and Analysis of Algorithms,4,core,73,96,B,3.0,completed,1
STU0152,4,CSE 103,A Practical Introduction to Probability and Statistics,4,core,66,64,B-,2.7,completed,1
STU0152,4,CSE 110,Software Engineering,4,core,74,88,B,3.0,completed,1
STU0152,4,DSC 40B,Theoretical Foundations of Data Science II,4,data,96,85,A+,4.0,completed,1
STU0152,5,CSE 123,Computer Networks,4,networks,80,76,A-,3.7,completed,1
STU0152,5,CSE 132A,Database System Principles,4,database,85,100,A,4.0,completed,1
STU0152,5,DSC 80,The Practice and Application of Data Science,4,data,71,87,B,3.0,completed,1
STU0152,5,ECE 109,Engineering Probability and Statistics,4,math,71,78,B,3.0,completed,1
STU0152,5,MATH 183,Statistical Methods,4,math,60,74,C+,2.3,completed,1
STU0152,6,CSE 105,Theory of Computability,4,systems,82,64,A-,3.7,current,1
STU0152,6,CSE 132B,Database Systems Applications,4,database,81,79,A-,3.7,current,1
STU0152,6,CSE 150A,Introduction to Artificial Intelligence: Probabilistic Reasoning and Decision-Making,4,ai,73,90,B,3.0,current,1
STU0152,6,CSE 151A,Introduction to Machine Learning,4,ai,74,79,B,3.0,current,1
STU0152,6,MATH 181A,Introduction to Mathematical Statistics I,4,math,56,71,C,2.0,current,1
STU0153,1,CSE 11,Introduction to Computer Science and Object-Oriented Programming: Java,4,core,89,72,A,4.0,completed,1
STU0153,1,CSE 5A,Introduction to Programming I,4,core,83,90,A-,3.7,completed,1
STU0153,1,MATH 18,Linear Algebra,4,math,92,85,A+,4.0,completed,1
STU0153,1,MATH 20A,Calculus for Science and Engineering,4,math,87,86,A,4.0,completed,1
STU0153,2,CSE 12,Basic Data Structures and Object-Oriented Design,4,core,76,79,B+,3.3,completed,1
STU0153,2,CSE 15L,Software Tools and Techniques Laboratory,2,lab,87,85,A,4.0,completed,1
STU0153,2,CSE 20,Discrete Mathematics,4,math,78,70,B+,3.3,completed,1
STU0153,2,CSE 21,Mathematics for Algorithms and Systems,4,core,79,85,B+,3.3,completed,1
STU0153,2,MATH 20B,Calculus for Science and Engineering,4,math,97,81,A+,4.0,completed,1
STU0153,3,CSE 100,Advanced Data Structures,4,core,92,94,A+,4.0,completed,1
STU0153,3,CSE 30,Computer Organization and Systems Programming,4,core,91,92,A+,4.0,completed,1
STU0153,3,MATH 154,Discrete Mathematics and Graph Theory,4,math,90,86,A+,4.0,completed,1
STU0153,3,MATH 20C,Calculus and Analytic Geometry for Science and Engineering,4,math,82,91,A-,3.7,completed,1
STU0153,4,CSE 101,Design and Analysis of Algorithms,4,core,70,91,B,3.0,current,1
STU0153,4,CSE 103,A Practical Introduction to Probability and Statistics,4,core,96,84,A+,4.0,current,1
STU0153,4,CSE 110,Software Engineering,4,core,89,100,A,4.0,current,1
STU0153,4,DSC 40B,Theoretical Foundations of Data Science II,4,data,94,100,A+,4.0,current,1
STU0154,1,CSE 11,Introduction to Computer Science and Object-Oriented Programming: Java,4,core,80,93,A-,3.7,completed,1
STU0154,1,CSE 5A,Introduction to Programming I,4,core,87,100,A,4.0,completed,1
STU0154,1,MATH 18,Linear Algebra,4,math,91,100,A+,4.0,completed,1
STU0154,1,MATH 20A,Calculus for Science and Engineering,4,math,56,86,C,2.0,completed,1
STU0154,2,CSE 12,Basic Data Structures and Object-Oriented Design,4,core,82,85,A-,3.7,completed,1
STU0154,2,CSE 15L,Software Tools and Techniques Laboratory,2,lab,85,84,A,4.0,completed,1
STU0154,2,CSE 20,Discrete Mathematics,4,math,81,81,A-,3.7,completed,1
STU0154,2,CSE 21,Mathematics for Algorithms and Systems,4,core,73,80,B,3.0,completed,1
STU0154,2,MATH 20B,Calculus for Science and Engineering,4,math,70,89,B,3.0,completed,1
STU0154,3,CSE 100,Advanced Data Structures,4,core,68,89,B-,2.7,completed,1
STU0154,3,CSE 30,Computer Organization and Systems Programming,4,core,69,93,B-,2.7,completed,1
STU0154,3,MATH 154,Discrete Mathematics and Graph Theory,4,math,87,74,A,4.0,completed,1
STU0154,3,MATH 20C,Calculus and Analytic Geometry for Science and Engineering,4,math,75,89,B+,3.3,completed,1
STU0154,4,CSE 101,Design and Analysis of Algorithms,4,core,87,91,A,4.0,completed,1
STU0154,4,CSE 103,A Practical Introduction to Probability and Statistics,4,core,95,99,A+,4.0,completed,1
STU0154,4,CSE 110,Software Engineering,4,core,98,63,A+,4.0,completed,1
STU0154,4,DSC 40B,Theoretical Foundations of Data Science II,4,data,76,92,B+,3.3,completed,1
STU0154,5,CSE 120,Principles of Computer Operating Systems,4,systems,89,90,A,4.0,completed,1
STU0154,5,CSE 123,Computer Networks,4,networks,83,78,A-,3.7,completed,1
STU0154,5,CSE 132A,Database System Principles,4,database,90,74,A+,4.0,completed,1
STU0154,5,ECE 109,Engineering Probability and Statistics,4,math,65,84,B-,2.7,completed,1
STU0154,5,MATH 183,Statistical Methods,4,math,98,96,A+,4.0,completed,1
STU0154,6,CSE 105,Theory of Computability,4,systems,79,95,B+,3.3,completed,1
STU0154,6,CSE 132B,Database Systems Applications,4,database,74,69,B,3.0,completed,1
STU0154,6,CSE 150A,Introduction to Artificial Intelligence: Probabilistic Reasoning and Decision-Making,4,ai,76,90,B+,3.3,completed,1
STU0154,6,CSE 150B,Introduction to Artificial Intelligence: Search and Reasoning,4,ai,89,90,A,4.0,completed,1
STU0154,6,CSE 151A,Introduction to Machine Learning,4,ai,82,66,A-,3.7,completed,1
STU0154,7,CSE 124,Networked Services,4,networks,80,89,A-,3.7,current,1
STU0154,7,CSE 127,Introduction to Computer Security,4,security,74,90,B,3.0,current,1
STU0154,7,CSE 151B,Deep Learning,4,ai,77,78,B+,3.3,current,1
STU0154,7,CSE 158,Recommender Systems and Web Mining,4,ai,73,92,B,3.0,current,1
STU0154,7,MATH 188,Algebraic Combinatorics,4,math,83,88,A-,3.7,current,1
STU0155,1,CSE 11,Introduction to Computer Science and Object-Oriented Programming: Java,4,core,75,93,B+,3.3,completed,1
STU0155,1,CSE 5A,Introduction to Programming I,4,core,58,80,C,2.0,completed,1
STU0155,1,MATH 18,Linear Algebra,4,math,82,76,A-,3.7,completed,1
STU0155,1,MATH 20A,Calculus for Science and Engineering,4,math,67,63,B-,2.7,completed,1
STU0155,2,CSE 12,Basic Data Structures and Object-Oriented Design,4,core,85,70,A,4.0,completed,1
STU0155,2,CSE 15L,Software Tools and Techniques Laboratory,2,lab,95,74,A+,4.0,completed,1
STU0155,2,CSE 20,Discrete Mathematics,4,math,61,100,C+,2.3,completed,1
STU0155,2,CSE 21,Mathematics for Algorithms and Systems,4,core,75,70,B+,3.3,completed,1
STU0155,2,MATH 20B,Calculus for Science and Engineering,4,math,75,80,B+,3.3,completed,1
STU0155,3,CSE 100,Advanced Data Structures,4,core,76,64,B+,3.3,completed,1
STU0155,3,CSE 30,Computer Organization and Systems Programming,4,core,84,71,A-,3.7,completed,1
STU0155,3,MATH 154,Discrete Mathematics and Graph Theory,4,math,83,98,A-,3.7,completed,1
STU0155,3,MATH 20C,Calculus and Analytic Geometry for Science and Engineering,4,math,70,77,B,3.0,completed,1
STU0155,4,CSE 101,Design and Analysis of Algorithms,4,core,67,81,B-,2.7,current,1
STU0155,4,CSE 103,A Practical Introduction to Probability and Statistics,4,core,82,67,A-,3.7,current,1
STU0155,4,CSE 110,Software Engineering,4,core,78,79,B+,3.3,current,1
STU0155,4,DSC 40B,Theoretical Foundations of Data Science II,4,data,88,88,A,4.0,current,1
STU0156,1,CSE 11,Introduction to Computer Science and Object-Oriented Programming: Java,4,core,47,80,D,1.0,completed,1
STU0156,1,CSE 5A,Introduction to Programming I,4,core,52,85,C-,1.7,completed,1
STU0156,1,MATH 18,Linear Algebra,4,math,63,79,C+,2.3,completed,1
STU0156,1,MATH 20A,Calculus for Science and Engineering,4,math,84,90,A-,3.7,completed,1
STU0156,2,CSE 12,Basic Data Structures and Object-Oriented Design,4,core,57,92,C,2.0,completed,1
STU0156,2,CSE 15L,Software Tools and Techniques Laboratory,2,lab,85,77,A,4.0,completed,1
STU0156,2,CSE 20,Discrete Mathematics,4,math,80,67,A-,3.7,completed,1
STU0156,2,CSE 21,Mathematics for Algorithms and Systems,4,core,79,79,B+,3.3,completed,1
STU0156,2,MATH 20B,Calculus for Science and Engineering,4,math,77,71,B+,3.3,completed,1
STU0156,3,CSE 100,Advanced Data Structures,4,core,76,83,B+,3.3,completed,1
STU0156,3,CSE 30,Computer Organization and Systems Programming,4,core,68,98,B-,2.7,completed,1
STU0156,3,MATH 154,Discrete Mathematics and Graph Theory,4,math,72,84,B,3.0,completed,1
STU0156,3,MATH 20C,Calculus and Analytic Geometry for Science and Engineering,4,math,58,80,C,2.0,completed,1
STU0156,4,CSE 101,Design and Analysis of Algorithms,4,core,80,85,A-,3.7,completed,1
STU0156,4,CSE 103,A Practical Introduction to Probability and Statistics,4,core,76,90,B+,3.3,completed,1
STU0156,4,CSE 110,Software Engineering,4,core,81,65,A-,3.7,completed,1
STU0156,4,DSC 40B,Theoretical Foundations of Data Science II,4,data,58,81,C,2.0,completed,1
STU0156,5,CSE 120,Principles of Computer Operating Systems,4,systems,74,68,B,3.0,completed,1
STU0156,5,CSE 130,Programming Languages: Principles and Paradigms,4,systems,70,83,B,3.0,completed,1
STU0156,5,CSE 132A,Database System Principles,4,database,60,75,C+,2.3,completed,1
STU0156,5,ECE 109,Engineering Probability and Statistics,4,math,61,66,C+,2.3,completed,1
STU0156,5,MATH 183,Statistical Methods,4,math,78,64,B+,3.3,completed,1
STU0156,6,CSE 132B,Database Systems Applications,4,database,62,78,C+,2.3,completed,1
STU0156,6,CSE 150A,Introduction to Artificial Intelligence: Probabilistic Reasoning and Decision-Making,4,ai,60,82,C+,2.3,completed,1
STU0156,6,CSE 150B,Introduction to Artificial Intelligence: Search and Reasoning,4,ai,63,77,C+,2.3,completed,1
STU0156,6,CSE 151A,Introduction to Machine Learning,4,ai,62,80,C+,2.3,completed,1
STU0156,6,MATH 181A,Introduction to Mathematical Statistics I,4,math,73,100,B,3.0,completed,1
STU0156,7,CSE 124,Networked Services,4,networks,73,72,B,3.0,current,1
STU0156,7,CSE 151B,Deep Learning,4,ai,69,86,B-,2.7,current,1
STU0156,7,CSE 152,Introduction to Computer Vision,4,ai,68,79,B-,2.7,current,1
STU0156,7,CSE 158,Recommender Systems and Web Mining,4,ai,58,75,C,2.0,current,1
STU0156,7,MATH 188,Algebraic Combinatorics,4,math,81,93,A-,3.7,current,1
STU0157,1,CSE 11,Introduction to Computer Science and Object-Oriented Programming: Java,4,core,65,88,B-,2.7,completed,1
STU0157,1,CSE 5A,Introduction to Programming I,4,core,80,89,A-,3.7,completed,1
STU0157,1,MATH 18,Linear Algebra,4,math,81,67,A-,3.7,completed,1
STU0157,1,MATH 20A,Calculus for Science and Engineering,4,math,73,86,B,3.0,completed,1
STU0157,2,CSE 12,Basic Data Structures and Object-Oriented Design,4,core,85,85,A,4.0,completed,1
STU0157,2,CSE 15L,Software Tools and Techniques Laboratory,2,lab,62,95,C+,2.3,completed,1
STU0157,2,CSE 20,Discrete Mathematics,4,math,86,80,A,4.0,completed,1
STU0157,2,CSE 21,Mathematics for Algorithms and Systems,4,core,83,73,A-,3.7,completed,1
STU0157,2,MATH 20B,Calculus for Science and Engineering,4,math,72,86,B,3.0,completed,1
STU0157,3,CSE 100,Advanced Data Structures,4,core,98,86,A+,4.0,completed,1
STU0157,3,CSE 30,Computer Organization and Systems Programming,4,core,71,98,B,3.0,completed,1
STU0157,3,MATH 154,Discrete Mathematics and Graph Theory,4,math,70,65,B,3.0,completed,1
STU0157,3,MATH 20C,Calculus and Analytic Geometry for Science and Engineering,4,math,87,68,A,4.0,completed,1
STU0157,4,CSE 101,Design and Analysis of Algorithms,4,core,84,70,A-,3.7,completed,1
STU0157,4,CSE 103,A Practical Introduction to Probability and Statistics,4,core,74,82,B,3.0,completed,1
STU0157,4,CSE 110,Software Engineering,4,core,74,97,B,3.0,completed,1
STU0157,4,DSC 40B,Theoretical Foundations of Data Science II,4,data,70,77,B,3.0,completed,1
STU0157,5,CSE 120,Principles of Computer Operating Systems,4,systems,62,95,C+,2.3,current,1
STU0157,5,CSE 132A,Database System Principles,4,database,79,98,B+,3.3,current,1
STU0157,5,DSC 80,The Practice and Application of Data Science,4,data,74,72,B,3.0,current,1
STU0157,5,ECE 109,Engineering Probability and Statistics,4,math,83,83,A-,3.7,current,1
STU0157,5,MATH 183,Statistical Methods,4,math,82,94,A-,3.7,current,1
STU0158,1,CSE 11,Introduction to Computer Science and Object-Oriented Programming: Java,4,core,66,67,B-,2.7,completed,1
STU0158,1,CSE 5A,Introduction to Programming I,4,core,92,73,A+,4.0,completed,1
STU0158,1,MATH 18,Linear Algebra,4,math,91,98,A+,4.0,completed,1
STU0158,1,MATH 20A,Calculus for Science and Engineering,4,math,77,77,B+,3.3,completed,1
STU0158,2,CSE 12,Basic Data Structures and Object-Oriented Design,4,core,79,89,B+,3.3,completed,1
STU0158,2,CSE 15L,Software Tools and Techniques Laboratory,2,lab,81,78,A-,3.7,completed,1
STU0158,2,CSE 20,Discrete Mathematics,4,math,80,79,A-,3.7,completed,1
STU0158,2,CSE 21,Mathematics for Algorithms and Systems,4,core,86,81,A,4.0,completed,1
STU0158,2,MATH 20B,Calculus for Science and Engineering,4,math,75,67,B+,3.3,completed,1
STU0158,3,CSE 100,Advanced Data Structures,4,core,61,86,C+,2.3,current,1
STU0158,3,CSE 30,Computer Organization and Systems Programming,4,core,81,80,A-,3.7,current,1
STU0158,3,MATH 154,Discrete Mathematics and Graph Theory,4,math,76,81,B+,3.3,current,1
STU0158,3,MATH 20C,Calculus and Analytic Geometry for Science and Engineering,4,math,78,83,B+,3.3,current,1
STU0159,1,CSE 11,Introduction to Computer Science and Object-Oriented Programming: Java,4,core,70,80,B,3.0,completed,1
STU0159,1,CSE 5A,Introduction to Programming I,4,core,90,87,A+,4.0,completed,1
STU0159,1,MATH 18,Linear Algebra,4,math,83,56,A-,3.7,completed,1
STU0159,1,MATH 20A,Calculus for Science and Engineering,4,math,83,88,A-,3.7,completed,1
STU0159,2,CSE 12,Basic Data Structures and Object-Oriented Design,4,core,96,74,A+,4.0,completed,1
STU0159,2,CSE 15L,Software Tools and Techniques Laboratory,2,lab,58,81,C,2.0,completed,1
STU0159,2,CSE 20,Discrete Mathematics,4,math,72,86,B,3.0,completed,1
STU0159,2,CSE 21,Mathematics for Algorithms and Systems,4,core,71,87,B,3.0,completed,1
STU0159,2,MATH 20B,Calculus for Science and Engineering,4,math,84,80,A-,3.7,completed,1
STU0159,3,CSE 100,Advanced Data Structures,4,core,55,80,C,2.0,completed,1
STU0159,3,CSE 30,Computer Organization and Systems Programming,4,core,84,80,A-,3.7,completed,1
STU0159,3,MATH 154,Discrete Mathematics and Graph Theory,4,math,83,92,A-,3.7,completed,1
STU0159,3,MATH 20C,Calculus and Analytic Geometry for Science and Engineering,4,math,72,78,B,3.0,completed,1
STU0159,4,CSE 101,Design and Analysis of Algorithms,4,core,68,81,B-,2.7,completed,1
STU0159,4,CSE 103,A Practical Introduction to Probability and Statistics,4,core,67,80,B-,2.7,completed,1
STU0159,4,CSE 110,Software Engineering,4,core,65,70,B-,2.7,completed,1
STU0159,4,DSC 40B,Theoretical Foundations of Data Science II,4,data,85,72,A,4.0,completed,1
STU0159,5,CSE 120,Principles of Computer Operating Systems,4,systems,75,65,B+,3.3,completed,1
STU0159,5,CSE 123,Computer Networks,4,networks,69,87,B-,2.7,completed,1
STU0159,5,DSC 80,The Practice and Application of Data Science,4,data,68,96,B-,2.7,completed,1
STU0159,5,ECE 109,Engineering Probability and Statistics,4,math,73,82,B,3.0,completed,1
STU0159,5,MATH 183,Statistical Methods,4,math,84,79,A-,3.7,completed,1
STU0159,6,CSE 105,Theory of Computability,4,systems,80,94,A-,3.7,current,1
STU0159,6,CSE 132B,Database Systems Applications,4,database,72,85,B,3.0,current,1
STU0159,6,CSE 150A,Introduction to Artificial Intelligence: Probabilistic Reasoning and Decision-Making,4,ai,81,75,A-,3.7,current,1
STU0159,6,CSE 150B,Introduction to Artificial Intelligence: Search and Reasoning,4,ai,81,89,A-,3.7,current,1
STU0159,6,MATH 181A,Introduction to Mathematical Statistics I,4,math,60,66,C+,2.3,current,1
STU0160,1,CSE 11,Introduction to Computer Science and Object-Oriented Programming: Java,4,core,75,96,B+,3.3,completed,1
STU0160,1,CSE 5A,Introduction to Programming I,4,core,85,87,A,4.0,completed,1
STU0160,1,MATH 18,Linear Algebra,4,math,66,78,B-,2.7,completed,1
STU0160,1,MATH 20A,Calculus for Science and Engineering,4,math,75,82,B+,3.3,completed,1
STU0160,2,CSE 12,Basic Data Structures and Object-Oriented Design,4,core,86,89,A,4.0,completed,1
STU0160,2,CSE 15L,Software Tools and Techniques Laboratory,2,lab,98,78,A+,4.0,completed,1
STU0160,2,CSE 20,Discrete Mathematics,4,math,81,96,A-,3.7,completed,1
STU0160,2,CSE 21,Mathematics for Algorithms and Systems,4,core,66,75,B-,2.7,completed,1
STU0160,2,MATH 20B,Calculus for Science and Engineering,4,math,74,76,B,3.0,completed,1
STU0160,3,CSE 100,Advanced Data Structures,4,core,64,78,C+,2.3,completed,1
STU0160,3,CSE 30,Computer Organization and Systems Programming,4,core,66,94,B-,2.7,completed,1
STU0160,3,MATH 154,Discrete Mathematics and Graph Theory,4,math,98,81,A+,4.0,completed,1
STU0160,3,MATH 20C,Calculus and Analytic Geometry for Science and Engineering,4,math,94,89,A+,4.0,completed,1
STU0160,4,CSE 101,Design and Analysis of Algorithms,4,core,79,74,B+,3.3,completed,1
STU0160,4,CSE 103,A Practical Introduction to Probability and Statistics,4,core,85,83,A,4.0,completed,1
STU0160,4,CSE 110,Software Engineering,4,core,80,93,A-,3.7,completed,1
STU0160,4,DSC 40B,Theoretical Foundations of Data Science II,4,data,80,77,A-,3.7,completed,1
STU0160,5,CSE 120,Principles of Computer Operating Systems,4,systems,71,100,B,3.0,completed,1
STU0160,5,CSE 130,Programming Languages: Principles and Paradigms,4,systems,85,86,A,4.0,completed,1
STU0160,5,CSE 132A,Database System Principles,4,database,86,78,A,4.0,completed,1
STU0160,5,DSC 80,The Practice and Application of Data Science,4,data,84,76,A-,3.7,completed,1
STU0160,5,ECE 109,Engineering Probability and Statistics,4,math,84,69,A-,3.7,completed,1
STU0160,6,CSE 105,Theory of Computability,4,systems,93,79,A+,4.0,current,1
STU0160,6,CSE 132B,Database Systems Applications,4,database,66,82,B-,2.7,current,1
STU0160,6,CSE 150A,Introduction to Artificial Intelligence: Probabilistic Reasoning and Decision-Making,4,ai,62,97,C+,2.3,current,1
STU0160,6,CSE 151A,Introduction to Machine Learning,4,ai,77,76,B+,3.3,current,1
STU0160,6,MATH 181A,Introduction to Mathematical Statistics I,4,math,69,83,B-,2.7,current,1
STU0161,1,CSE 11,Introduction to Computer Science and Object-Oriented Programming: Java,4,core,75,76,B+,3.3,completed,1
STU0161,1,CSE 5A,Introduction to Programming I,4,core,63,86,C+,2.3,completed,1
STU0161,1,MATH 18,Linear Algebra,4,math,65,87,B-,2.7,completed,1
STU0161,1,MATH 20A,Calculus for Science and Engineering,4,math,71,83,B,3.0,completed,1
STU0161,2,CSE 12,Basic Data Structures and Object-Oriented Design,4,core,68,81,B-,2.7,completed,1
STU0161,2,CSE 15L,Software Tools and Techniques Laboratory,2,lab,86,100,A,4.0,completed,1
STU0161,2,CSE 20,Discrete Mathematics,4,math,74,92,B,3.0,completed,1
STU0161,2,CSE 21,Mathematics for Algorithms and Systems,4,core,71,83,B,3.0,completed,1
STU0161,2,MATH 20B,Calculus for Science and Engineering,4,math,74,77,B,3.0,completed,1
STU0161,3,CSE 100,Advanced Data Structures,4,core,88,70,A,4.0,completed,1
STU0161,3,CSE 30,Computer Organization and Systems Programming,4,core,77,77,B+,3.3,completed,1
STU0161,3,MATH 154,Discrete Mathematics and Graph Theory,4,math,84,75,A-,3.7,completed,1
STU0161,3,MATH 20C,Calculus and Analytic Geometry for Science and Engineering,4,math,76,100,B+,3.3,completed,1
STU0161,4,CSE 101,Design and Analysis of Algorithms,4,core,87,96,A,4.0,current,1
STU0161,4,CSE 103,A Practical Introduction to Probability and Statistics,4,core,68,79,B-,2.7,current,1
STU0161,4,CSE 110,Software Engineering,4,core,93,89,A+,4.0,current,1
STU0161,4,DSC 40B,Theoretical Foundations of Data Science II,4,data,80,92,A-,3.7,current,1
STU0162,1,CSE 11,Introduction to Computer Science and Object-Oriented Programming: Java,4,core,79,82,B+,3.3,completed,1
STU0162,1,CSE 5A,Introduction to Programming I,4,core,95,82,A+,4.0,completed,1
STU0162,1,MATH 18,Linear Algebra,4,math,66,78,B-,2.7,completed,1
STU0162,1,MATH 20A,Calculus for Science and Engineering,4,math,68,81,B-,2.7,completed,1
STU0162,2,CSE 12,Basic Data Structures and Object-Oriented Design,4,core,76,74,B+,3.3,completed,1
STU0162,2,CSE 15L,Software Tools and Techniques Laboratory,2,lab,81,87,A-,3.7,completed,1
STU0162,2,CSE 20,Discrete Mathematics,4,math,74,79,B,3.0,completed,1
STU0162,2,CSE 21,Mathematics for Algorithms and Systems,4,core,79,82,B+,3.3,completed,1
STU0162,2,MATH 20B,Calculus for Science and Engineering,4,math,81,91,A-,3.7,completed,1
STU0162,3,CSE 100,Advanced Data Structures,4,core,63,76,C+,2.3,current,1
STU0162,3,CSE 30,Computer Organization and Systems Programming,4,core,56,87,C,2.0,current,1
STU0162,3,MATH 154,Discrete Mathematics and Graph Theory,4,math,65,80,B-,2.7,current,1
STU0162,3,MATH 20C,Calculus and Analytic Geometry for Science and Engineering,4,math,80,72,A-,3.7,current,1
STU0163,1,CSE 11,Introduction to Computer Science and Object-Oriented Programming: Java,4,core,88,65,A,4.0,completed,1
STU0163,1,CSE 5A,Introduction to Programming I,4,core,74,83,B,3.0,completed,1
STU0163,1,MATH 18,Linear Algebra,4,math,82,70,A-,3.7,completed,1
STU0163,1,MATH 20A,Calculus for Science and Engineering,4,math,77,79,B+,3.3,completed,1
STU0163,2,CSE 12,Basic Data Structures and Object-Oriented Design,4,core,88,87,A,4.0,completed,1
STU0163,2,CSE 15L,Software Tools and Techniques Laboratory,2,lab,68,79,B-,2.7,completed,1
STU0163,2,CSE 20,Discrete Mathematics,4,math,75,100,B+,3.3,completed,1
STU0163,2,CSE 21,Mathematics for Algorithms and Systems,4,core,87,73,A,4.0,completed,1
STU0163,2,MATH 20B,Calculus for Science and Engineering,4,math,78,83,B+,3.3,completed,1
STU0163,3,CSE 100,Advanced Data Structures,4,core,78,75,B+,3.3,completed,1
STU0163,3,CSE 30,Computer Organization and Systems Programming,4,core,86,78,A,4.0,completed,1
STU0163,3,MATH 154,Discrete Mathematics and Graph Theory,4,math,72,88,B,3.0,completed,1
STU0163,3,MATH 20C,Calculus and Analytic Geometry for Science and Engineering,4,math,75,88,B+,3.3,completed,1
STU0163,4,CSE 101,Design and Analysis of Algorithms,4,core,74,62,B,3.0,current,1
STU0163,4,CSE 103,A Practical Introduction to Probability and Statistics,4,core,68,93,B-,2.7,current,1
STU0163,4,CSE 110,Software Engineering,4,core,94,76,A+,4.0,current,1
STU0163,4,DSC 40B,Theoretical Foundations of Data Science II,4,data,76,98,B+,3.3,current,1
STU0164,1,CSE 11,Introduction to Computer Science and Object-Oriented Programming: Java,4,core,79,67,B+,3.3,completed,1
STU0164,1,CSE 5A,Introduction to Programming I,4,core,70,83,B,3.0,completed,1
STU0164,1,MATH 18,Linear Algebra,4,math,97,84,A+,4.0,completed,1
STU0164,1,MATH 20A,Calculus for Science and Engineering,4,math,83,85,A-,3.7,completed,1
STU0164,2,CSE 12,Basic Data Structures and Object-Oriented Design,4,core,76,88,B+,3.3,completed,1
STU0164,2,CSE 15L,Software Tools and Techniques Laboratory,2,lab,79,72,B+,3.3,completed,1
STU0164,2,CSE 20,Discrete Mathematics,4,math,86,93,A,4.0,completed,1
STU0164,2,CSE 21,Mathematics for Algorithms and Systems,4,core,64,86,C+,2.3,completed,1
STU0164,2,MATH 20B,Calculus for Science and Engineering,4,math,91,84,A+,4.0,completed,1
STU0164,3,CSE 100,Advanced Data Structures,4,core,75,82,B+,3.3,completed,1
STU0164,3,CSE 30,Computer Organization and Systems Programming,4,core,84,90,A-,3.7,completed,1
STU0164,3,MATH 154,Discrete Mathematics and Graph Theory,4,math,81,95,A-,3.7,completed,1
STU0164,3,MATH 20C,Calculus and Analytic Geometry for Science and Engineering,4,math,81,76,A-,3.7,completed,1
STU0164,4,CSE 101,Design and Analysis of Algorithms,4,core,89,63,A,4.0,completed,1
STU0164,4,CSE 103,A Practical Introduction to Probability and Statistics,4,core,78,83,B+,3.3,completed,1
STU0164,4,CSE 110,Software Engineering,4,core,79,83,B+,3.3,completed,1
STU0164,4,DSC 40B,Theoretical Foundations of Data Science II,4,data,66,90,B-,2.7,completed,1
STU0164,5,CSE 120,Principles of Computer Operating Systems,4,systems,68,71,B-,2.7,completed,1
STU0164,5,CSE 123,Computer Networks,4,networks,97,91,A+,4.0,completed,1
STU0164,5,CSE 132A,Database System Principles,4,database,84,83,A-,3.7,completed,1
STU0164,5,DSC 80,The Practice and Application of Data Science,4,data,66,88,B-,2.7,completed,1
STU0164,5,ECE 109,Engineering Probability and Statistics,4,math,76,88,B+,3.3,completed,1
STU0164,6,CSE 105,Theory of Computability,4,systems,88,96,A,4.0,current,1
STU0164,6,CSE 150A,Introduction to Artificial Intelligence: Probabilistic Reasoning and Decision-Making,4,ai,75,78,B+,3.3,current,1
STU0164,6,CSE 150B,Introduction to Artificial Intelligence: Search and Reasoning,4,ai,73,95,B,3.0,current,1
STU0164,6,CSE 151A,Introduction to Machine Learning,4,ai,92,77,A+,4.0,current,1
STU0164,6,MATH 181A,Introduction to Mathematical Statistics I,4,math,53,93,C-,1.7,current,1
STU0165,1,CSE 11,Introduction to Computer Science and Object-Oriented Programming: Java,4,core,83,88,A-,3.7,completed,1
STU0165,1,CSE 5A,Introduction to Programming I,4,core,83,93,A-,3.7,completed,1
STU0165,1,MATH 18,Linear Algebra,4,math,75,80,B+,3.3,completed,1
STU0165,1,MATH 20A,Calculus for Science and Engineering,4,math,90,83,A+,4.0,completed,1
STU0165,2,CSE 12,Basic Data Structures and Object-Oriented Design,4,core,96,75,A+,4.0,completed,1
STU0165,2,CSE 15L,Software Tools and Techniques Laboratory,2,lab,80,84,A-,3.7,completed,1
STU0165,2,CSE 20,Discrete Mathematics,4,math,89,85,A,4.0,completed,1
STU0165,2,CSE 21,Mathematics for Algorithms and Systems,4,core,92,82,A+,4.0,completed,1
STU0165,2,MATH 20B,Calculus for Science and Engineering,4,math,81,74,A-,3.7,completed,1
STU0165,3,CSE 100,Advanced Data Structures,4,core,86,93,A,4.0,completed,1
STU0165,3,CSE 30,Computer Organization and Systems Programming,4,core,77,98,B+,3.3,completed,1
STU0165,3,MATH 154,Discrete Mathematics and Graph Theory,4,math,95,78,A+,4.0,completed,1
STU0165,3,MATH 20C,Calculus and Analytic Geometry for Science and Engineering,4,math,79,84,B+,3.3,completed,1
STU0165,4,CSE 101,Design and Analysis of Algorithms,4,core,82,94,A-,3.7,completed,1
STU0165,4,CSE 103,A Practical Introduction to Probability and Statistics,4,core,89,86,A,4.0,completed,1
STU0165,4,CSE 110,Software Engineering,4,core,95,97,A+,4.0,completed,1
STU0165,4,DSC 40B,Theoretical Foundations of Data Science II,4,data,74,99,B,3.0,completed,1
STU0165,5,CSE 120,Principles of Computer Operating Systems,4,systems,96,74,A+,4.0,completed,1
STU0165,5,CSE 123,Computer Networks,4,networks,84,74,A-,3.7,completed,1
STU0165,5,CSE 132A,Database System Principles,4,database,79,90,B+,3.3,completed,1
STU0165,5,DSC 80,The Practice and Application of Data Science,4,data,86,82,A,4.0,completed,1
STU0165,5,MATH 183,Statistical Methods,4,math,93,82,A+,4.0,completed,1
STU0165,6,CSE 105,Theory of Computability,4,systems,83,83,A-,3.7,current,1
STU0165,6,CSE 132B,Database Systems Applications,4,database,78,70,B+,3.3,current,1
STU0165,6,CSE 150A,Introduction to Artificial Intelligence: Probabilistic Reasoning and Decision-Making,4,ai,81,66,A-,3.7,current,1
STU0165,6,CSE 150B,Introduction to Artificial Intelligence: Search and Reasoning,4,ai,90,100,A+,4.0,current,1
STU0165,6,CSE 151A,Introduction to Machine Learning,4,ai,68,81,B-,2.7,current,1
STU0166,1,CSE 11,Introduction to Computer Science and Object-Oriented Programming: Java,4,core,90,82,A+,4.0,completed,1
STU0166,1,CSE 5A,Introduction to Programming I,4,core,96,88,A+,4.0,completed,1
STU0166,1,MATH 18,Linear Algebra,4,math,64,77,C+,2.3,completed,1
STU0166,1,MATH 20A,Calculus for Science and Engineering,4,math,80,76,A-,3.7,completed,1
STU0166,2,CSE 12,Basic Data Structures and Object-Oriented Design,4,core,79,73,B+,3.3,completed,1
STU0166,2,CSE 15L,Software Tools and Techniques Laboratory,2,lab,84,70,A-,3.7,completed,1
STU0166,2,CSE 20,Discrete Mathematics,4,math,72,76,B,3.0,completed,1
STU0166,2,CSE 21,Mathematics for Algorithms and Systems,4,core,62,77,C+,2.3,completed,1
STU0166,2,MATH 20B,Calculus for Science and Engineering,4,math,94,99,A+,4.0,completed,1
STU0166,3,CSE 100,Advanced Data Structures,4,core,81,76,A-,3.7,completed,1
STU0166,3,CSE 30,Computer Organization and Systems Programming,4,core,84,80,A-,3.7,completed,1
STU0166,3,MATH 154,Discrete Mathematics and Graph Theory,4,math,78,89,B+,3.3,completed,1
STU0166,3,MATH 20C,Calculus and Analytic Geometry for Science and Engineering,4,math,61,83,C+,2.3,completed,1
STU0166,4,CSE 101,Design and Analysis of Algorithms,4,core,80,86,A-,3.7,completed,1
STU0166,4,CSE 103,A Practical Introduction to Probability and Statistics,4,core,81,78,A-,3.7,completed,1
STU0166,4,CSE 110,Software Engineering,4,core,77,89,B+,3.3,completed,1
STU0166,4,DSC 40B,Theoretical Foundations of Data Science II,4,data,62,73,C+,2.3,completed,1
STU0166,5,CSE 120,Principles of Computer Operating Systems,4,systems,86,81,A,4.0,current,1
STU0166,5,CSE 132A,Database System Principles,4,database,73,61,B,3.0,current,1
STU0166,5,DSC 80,The Practice and Application of Data Science,4,data,61,67,C+,2.3,current,1
STU0166,5,ECE 109,Engineering Probability and Statistics,4,math,77,89,B+,3.3,current,1
STU0166,5,MATH 183,Statistical Methods,4,math,79,77,B+,3.3,current,1
STU0167,1,CSE 11,Introduction to Computer Science and Object-Oriented Programming: Java,4,core,83,91,A-,3.7,completed,1
STU0167,1,CSE 5A,Introduction to Programming I,4,core,76,69,B+,3.3,completed,1
STU0167,1,MATH 18,Linear Algebra,4,math,82,94,A-,3.7,completed,1
STU0167,1,MATH 20A,Calculus for Science and Engineering,4,math,93,95,A+,4.0,completed,1
STU0167,2,CSE 12,Basic Data Structures and Object-Oriented Design,4,core,76,78,B+,3.3,completed,1
STU0167,2,CSE 15L,Software Tools and Techniques Laboratory,2,lab,76,77,B+,3.3,completed,1
STU0167,2,CSE 20,Discrete Mathematics,4,math,70,78,B,3.0,completed,1
STU0167,2,CSE 21,Mathematics for Algorithms and Systems,4,core,78,91,B+,3.3,completed,1
STU0167,2,MATH 20B,Calculus for Science and Engineering,4,math,97,70,A+,4.0,completed,1
STU0167,3,CSE 100,Advanced Data Structures,4,core,75,88,B+,3.3,completed,1
STU0167,3,CSE 30,Computer Organization and Systems Programming,4,core,91,85,A+,4.0,completed,1
STU0167,3,MATH 154,Discrete Mathematics and Graph Theory,4,math,75,92,B+,3.3,completed,1
STU0167,3,MATH 20C,Calculus and Analytic Geometry for Science and Engineering,4,math,89,83,A,4.0,completed,1
STU0167,4,CSE 101,Design and Analysis of Algorithms,4,core,77,94,B+,3.3,completed,1
STU0167,4,CSE 103,A Practical Introduction to Probability and Statistics,4,core,80,83,A-,3.7,completed,1
STU0167,4,CSE 110,Software Engineering,4,core,84,95,A-,3.7,completed,1
STU0167,4,DSC 40B,Theoretical Foundations of Data Science II,4,data,94,89,A+,4.0,completed,1
STU0167,5,CSE 123,Computer Networks,4,networks,70,100,B,3.0,completed,1
STU0167,5,CSE 130,Programming Languages: Principles and Paradigms,4,systems,75,82,B+,3.3,completed,1
STU0167,5,CSE 132A,Database System Principles,4,database,85,90,A,4.0,completed,1
STU0167,5,DSC 80,The Practice and Application of Data Science,4,data,92,88,A+,4.0,completed,1
STU0167,5,MATH 183,Statistical Methods,4,math,81,83,A-,3.7,completed,1
STU0167,6,CSE 105,Theory of Computability,4,systems,80,75,A-,3.7,completed,1
STU0167,6,CSE 132B,Database Systems Applications,4,database,73,100,B,3.0,completed,1
STU0167,6,CSE 150B,Introduction to Artificial Intelligence: Search and Reasoning,4,ai,78,81,B+,3.3,completed,1
STU0167,6,CSE 151A,Introduction to Machine Learning,4,ai,81,98,A-,3.7,completed,1
STU0167,6,MATH 181A,Introduction to Mathematical Statistics I,4,math,78,89,B+,3.3,completed,1
STU0167,7,CSE 124,Networked Services,4,networks,89,87,A,4.0,current,1
STU0167,7,CSE 131,Compiler Construction,4,systems,86,90,A,4.0,current,1
STU0167,7,CSE 152,Introduction to Computer Vision,4,ai,82,78,A-,3.7,current,1
STU0167,7,CSE 158,Recommender Systems and Web Mining,4,ai,80,91,A-,3.7,current,1
STU0167,7,MATH 188,Algebraic Combinatorics,4,math,92,97,A+,4.0,current,1
STU0168,1,CSE 11,Introduction to Computer Science and Object-Oriented Programming: Java,4,core,74,70,B,3.0,completed,1
STU0168,1,CSE 5A,Introduction to Programming I,4,core,72,71,B,3.0,completed,1
STU0168,1,MATH 18,Linear Algebra,4,math,66,67,B-,2.7,completed,1
STU0168,1,MATH 20A,Calculus for Science and Engineering,4,math,75,86,B+,3.3,completed,1
STU0168,2,CSE 12,Basic Data Structures and Object-Oriented Design,4,core,81,76,A-,3.7,completed,1
STU0168,2,CSE 15L,Software Tools and Techniques Laboratory,2,lab,87,61,A,4.0,completed,1
STU0168,2,CSE 20,Discrete Mathematics,4,math,67,73,B-,2.7,completed,1
STU0168,2,CSE 21,Mathematics for Algorithms and Systems,4,core,72,92,B,3.0,completed,1
STU0168,2,MATH 20B,Calculus for Science and Engineering,4,math,63,78,C+,2.3,completed,1
STU0168,3,CSE 100,Advanced Data Structures,4,core,80,86,A-,3.7,completed,1
STU0168,3,CSE 30,Computer Organization and Systems Programming,4,core,69,71,B-,2.7,completed,1
STU0168,3,MATH 154,Discrete Mathematics and Graph Theory,4,math,70,84,B,3.0,completed,1
STU0168,3,MATH 20C,Calculus and Analytic Geometry for Science and Engineering,4,math,73,68,B,3.0,completed,1
STU0168,4,CSE 101,Design and Analysis of Algorithms,4,core,62,85,C+,2.3,current,1
STU0168,4,CSE 103,A Practical Introduction to Probability and Statistics,4,core,62,68,C+,2.3,current,1
STU0168,4,CSE 110,Software Engineering,4,core,73,87,B,3.0,current,1
STU0168,4,DSC 40B,Theoretical Foundations of Data Science II,4,data,68,71,B-,2.7,current,1
STU0169,1,CSE 11,Introduction to Computer Science and Object-Oriented Programming: Java,4,core,91,65,A+,4.0,completed,1
STU0169,1,CSE 5A,Introduction to Programming I,4,core,89,95,A,4.0,completed,1
STU0169,1,MATH 18,Linear Algebra,4,math,98,75,A+,4.0,completed,1
STU0169,1,MATH 20A,Calculus for Science and Engineering,4,math,78,84,B+,3.3,completed,1
STU0169,2,CSE 12,Basic Data Structures and Object-Oriented Design,4,core,77,83,B+,3.3,completed,1
STU0169,2,CSE 15L,Software Tools and Techniques Laboratory,2,lab,85,73,A,4.0,completed,1
STU0169,2,CSE 20,Discrete Mathematics,4,math,84,91,A-,3.7,completed,1
STU0169,2,CSE 21,Mathematics for Algorithms and Systems,4,core,79,97,B+,3.3,completed,1
STU0169,2,MATH 20B,Calculus for Science and Engineering,4,math,88,85,A,4.0,completed,1
STU0169,3,CSE 100,Advanced Data Structures,4,core,74,83,B,3.0,completed,1
STU0169,3,CSE 30,Computer Organization and Systems Programming,4,core,89,78,A,4.0,completed,1
STU0169,3,MATH 154,Discrete Mathematics and Graph Theory,4,math,97,98,A+,4.0,completed,1
STU0169,3,MATH 20C,Calculus and Analytic Geometry for Science and Engineering,4,math,90,81,A+,4.0,completed,1
STU0169,4,CSE 101,Design and Analysis of Algorithms,4,core,88,98,A,4.0,current,1
STU0169,4,CSE 103,A Practical Introduction to Probability and Statistics,4,core,84,70,A-,3.7,current,1
STU0169,4,CSE 110,Software Engineering,4,core,89,80,A,4.0,current,1
STU0169,4,DSC 40B,Theoretical Foundations of Data Science II,4,data,76,89,B+,3.3,current,1
STU0170,1,CSE 11,Introduction to Computer Science and Object-Oriented Programming: Java,4,core,89,94,A,4.0,completed,1
STU0170,1,CSE 5A,Introduction to Programming I,4,core,66,97,B-,2.7,completed,1
STU0170,1,MATH 18,Linear Algebra,4,math,80,83,A-,3.7,completed,1
STU0170,1,MATH 20A,Calculus for Science and Engineering,4,math,94,89,A+,4.0,completed,1
STU0170,2,CSE 12,Basic Data Structures and Object-Oriented Design,4,core,78,90,B+,3.3,completed,1
STU0170,2,CSE 15L,Software Tools and Techniques Laboratory,2,lab,87,74,A,4.0,completed,1
STU0170,2,CSE 20,Discrete Mathematics,4,math,80,95,A-,3.7,completed,1
STU0170,2,CSE 21,Mathematics for Algorithms and Systems,4,core,73,99,B,3.0,completed,1
STU0170,2,MATH 20B,Calculus for Science and Engineering,4,math,84,80,A-,3.7,completed,1
STU0170,3,CSE 100,Advanced Data Structures,4,core,91,89,A+,4.0,completed,1
STU0170,3,CSE 30,Computer Organization and Systems Programming,4,core,80,74,A-,3.7,completed,1
STU0170,3,MATH 154,Discrete Mathematics and Graph Theory,4,math,96,94,A+,4.0,completed,1
STU0170,3,MATH 20C,Calculus and Analytic Geometry for Science and Engineering,4,math,90,72,A+,4.0,completed,1
STU0170,4,CSE 101,Design and Analysis of Algorithms,4,core,98,85,A+,4.0,completed,1
STU0170,4,CSE 103,A Practical Introduction to Probability and Statistics,4,core,68,83,B-,2.7,completed,1
STU0170,4,CSE 110,Software Engineering,4,core,75,76,B+,3.3,completed,1
STU0170,4,DSC 40B,Theoretical Foundations of Data Science II,4,data,97,93,A+,4.0,completed,1
STU0170,5,CSE 120,Principles of Computer Operating Systems,4,systems,87,98,A,4.0,current,1
STU0170,5,CSE 132A,Database System Principles,4,database,84,79,A-,3.7,current,1
STU0170,5,DSC 80,The Practice and Application of Data Science,4,data,82,70,A-,3.7,current,1
STU0170,5,ECE 109,Engineering Probability and Statistics,4,math,60,92,C+,2.3,current,1
STU0170,5,MATH 183,Statistical Methods,4,math,78,83,B+,3.3,current,1
STU0171,1,CSE 11,Introduction to Computer Science and Object-Oriented Programming: Java,4,core,82,88,A-,3.7,completed,1
STU0171,1,CSE 5A,Introduction to Programming I,4,core,81,84,A-,3.7,completed,1
STU0171,1,MATH 18,Linear Algebra,4,math,98,98,A+,4.0,completed,1
STU0171,1,MATH 20A,Calculus for Science and Engineering,4,math,80,84,A-,3.7,completed,1
STU0171,2,CSE 12,Basic Data Structures and Object-Oriented Design,4,core,76,95,B+,3.3,completed,1
STU0171,2,CSE 15L,Software Tools and Techniques Laboratory,2,lab,85,70,A,4.0,completed,1
STU0171,2,CSE 20,Discrete Mathematics,4,math,84,100,A-,3.7,completed,1
STU0171,2,CSE 21,Mathematics for Algorithms and Systems,4,core,89,92,A,4.0,completed,1
STU0171,2,MATH 20B,Calculus for Science and Engineering,4,math,96,88,A+,4.0,completed,1
STU0171,3,CSE 100,Advanced Data Structures,4,core,77,83,B+,3.3,completed,1
STU0171,3,CSE 30,Computer Organization and Systems Programming,4,core,74,84,B,3.0,completed,1
STU0171,3,MATH 154,Discrete Mathematics and Graph Theory,4,math,83,94,A-,3.7,completed,1
STU0171,3,MATH 20C,Calculus and Analytic Geometry for Science and Engineering,4,math,88,95,A,4.0,completed,1
STU0171,4,CSE 101,Design and Analysis of Algorithms,4,core,94,100,A+,4.0,current,1
STU0171,4,CSE 103,A Practical Introduction to Probability and Statistics,4,core,98,83,A+,4.0,current,1
STU0171,4,CSE 110,Software Engineering,4,core,87,97,A,4.0,current,1
STU0171,4,DSC 40B,Theoretical Foundations of Data Science II,4,data,92,89,A+,4.0,current,1
STU0172,1,CSE 11,Introduction to Computer Science and Object-Oriented Programming: Java,4,core,78,66,B+,3.3,completed,1
STU0172,1,CSE 5A,Introduction to Programming I,4,core,78,95,B+,3.3,completed,1
STU0172,1,MATH 18,Linear Algebra,4,math,82,87,A-,3.7,completed,1
STU0172,1,MATH 20A,Calculus for Science and Engineering,4,math,77,91,B+,3.3,completed,1
STU0172,2,CSE 12,Basic Data Structures and Object-Oriented Design,4,core,86,91,A,4.0,completed,1
STU0172,2,CSE 15L,Software Tools and Techniques Laboratory,2,lab,84,90,A-,3.7,completed,1
STU0172,2,CSE 20,Discrete Mathematics,4,math,93,89,A+,4.0,completed,1
STU0172,2,CSE 21,Mathematics for Algorithms and Systems,4,core,87,77,A,4.0,completed,1
STU0172,2,MATH 20B,Calculus for Science and Engineering,4,math,86,93,A,4.0,completed,1
STU0172,3,CSE 100,Advanced Data Structures,4,core,72,67,B,3.0,completed,1
STU0172,3,CSE 30,Computer Organization and Systems Programming,4,core,82,76,A-,3.7,completed,1
STU0172,3,MATH 154,Discrete Mathematics and Graph Theory,4,math,79,87,B+,3.3,completed,1
STU0172,3,MATH 20C,Calculus and Analytic Geometry for Science and Engineering,4,math,74,78,B,3.0,completed,1
STU0172,4,CSE 101,Design and Analysis of Algorithms,4,core,98,100,A+,4.0,completed,1
STU0172,4,CSE 103,A Practical Introduction to Probability and Statistics,4,core,55,84,C,2.0,completed,1
STU0172,4,CSE 110,Software Engineering,4,core,74,87,B,3.0,completed,1
STU0172,4,DSC 40B,Theoretical Foundations of Data Science II,4,data,69,74,B-,2.7,completed,1
STU0172,5,CSE 123,Computer Networks,4,networks,98,80,A+,4.0,completed,1
STU0172,5,CSE 132A,Database System Principles,4,database,80,69,A-,3.7,completed,1
STU0172,5,DSC 80,The Practice and Application of Data Science,4,data,73,74,B,3.0,completed,1
STU0172,5,ECE 109,Engineering Probability and Statistics,4,math,82,74,A-,3.7,completed,1
STU0172,5,MATH 183,Statistical Methods,4,math,69,91,B-,2.7,completed,1
STU0172,6,CSE 105,Theory of Computability,4,systems,85,91,A,4.0,current,1
STU0172,6,CSE 132B,Database Systems Applications,4,database,86,74,A,4.0,current,1
STU0172,6,CSE 150A,Introduction to Artificial Intelligence: Probabilistic Reasoning and Decision-Making,4,ai,89,85,A,4.0,current,1
STU0172,6,CSE 151A,Introduction to Machine Learning,4,ai,84,92,A-,3.7,current,1
STU0172,6,MATH 181A,Introduction to Mathematical Statistics I,4,math,88,81,A,4.0,current,1
STU0173,1,CSE 11,Introduction to Computer Science and Object-Oriented Programming: Java,4,core,85,97,A,4.0,completed,1
STU0173,1,CSE 5A,Introduction to Programming I,4,core,97,81,A+,4.0,completed,1
STU0173,1,MATH 18,Linear Algebra,4,math,57,81,C,2.0,completed,1
STU0173,1,MATH 20A,Calculus for Science and Engineering,4,math,66,94,B-,2.7,completed,1
STU0173,2,CSE 12,Basic Data Structures and Object-Oriented Design,4,core,81,91,A-,3.7,completed,1
STU0173,2,CSE 15L,Software Tools and Techniques Laboratory,2,lab,65,85,B-,2.7,completed,1
STU0173,2,CSE 20,Discrete Mathematics,4,math,72,75,B,3.0,completed,1
STU0173,2,CSE 21,Mathematics for Algorithms and Systems,4,core,81,100,A-,3.7,completed,1
STU0173,2,MATH 20B,Calculus for Science and Engineering,4,math,69,81,B-,2.7,completed,1
STU0173,3,CSE 100,Advanced Data Structures,4,core,69,82,B-,2.7,completed,1
STU0173,3,CSE 30,Computer Organization and Systems Programming,4,core,75,80,B+,3.3,completed,1
STU0173,3,MATH 154,Discrete Mathematics and Graph Theory,4,math,75,80,B+,3.3,completed,1
STU0173,3,MATH 20C,Calculus and Analytic Geometry for Science and Engineering,4,math,90,85,A+,4.0,completed,1
STU0173,4,CSE 101,Design and Analysis of Algorithms,4,core,82,87,A-,3.7,completed,1
STU0173,4,CSE 103,A Practical Introduction to Probability and Statistics,4,core,77,78,B+,3.3,completed,1
STU0173,4,CSE 110,Software Engineering,4,core,75,83,B+,3.3,completed,1
STU0173,4,DSC 40B,Theoretical Foundations of Data Science II,4,data,98,100,A+,4.0,completed,1
STU0173,5,CSE 120,Principles of Computer Operating Systems,4,systems,70,96,B,3.0,completed,1
STU0173,5,CSE 123,Computer Networks,4,networks,75,80,B+,3.3,completed,1
STU0173,5,CSE 130,Programming Languages: Principles and Paradigms,4,systems,80,89,A-,3.7,completed,1
STU0173,5,CSE 132A,Database System Principles,4,database,75,94,B+,3.3,completed,1
STU0173,5,MATH 183,Statistical Methods,4,math,70,76,B,3.0,completed,1
STU0173,6,CSE 132B,Database Systems Applications,4,database,84,78,A-,3.7,completed,1
STU0173,6,CSE 150A,Introduction to Artificial Intelligence: Probabilistic Reasoning and Decision-Making,4,ai,68,71,B-,2.7,completed,1
STU0173,6,CSE 150B,Introduction to Artificial Intelligence: Search and Reasoning,4,ai,72,98,B,3.0,completed,1
STU0173,6,CSE 151A,Introduction to Machine Learning,4,ai,83,96,A-,3.7,completed,1
STU0173,6,MATH 181A,Introduction to Mathematical Statistics I,4,math,73,78,B,3.0,completed,1
STU0173,7,CSE 124,Networked Services,4,networks,98,74,A+,4.0,current,1
STU0173,7,CSE 131,Compiler Construction,4,systems,83,74,A-,3.7,current,1
STU0173,7,CSE 151B,Deep Learning,4,ai,87,90,A,4.0,current,1
STU0173,7,CSE 152,Introduction to Computer Vision,4,ai,79,86,B+,3.3,current,1
STU0173,7,CSE 158,Recommender Systems and Web Mining,4,ai,71,95,B,3.0,current,1
STU0174,1,CSE 11,Introduction to Computer Science and Object-Oriented Programming: Java,4,core,67,94,B-,2.7,completed,1
STU0174,1,CSE 5A,Introduction to Programming I,4,core,78,72,B+,3.3,completed,1
STU0174,1,MATH 18,Linear Algebra,4,math,67,94,B-,2.7,completed,1
STU0174,1,MATH 20A,Calculus for Science and Engineering,4,math,76,69,B+,3.3,completed,1
STU0174,2,CSE 12,Basic Data Structures and Object-Oriented Design,4,core,69,78,B-,2.7,completed,1
STU0174,2,CSE 15L,Software Tools and Techniques Laboratory,2,lab,67,65,B-,2.7,completed,1
STU0174,2,CSE 20,Discrete Mathematics,4,math,73,100,B,3.0,completed,1
STU0174,2,CSE 21,Mathematics for Algorithms and Systems,4,core,66,92,B-,2.7,completed,1
STU0174,2,MATH 20B,Calculus for Science and Engineering,4,math,68,79,B-,2.7,completed,1
STU0174,3,CSE 100,Advanced Data Structures,4,core,70,88,B,3.0,completed,1
STU0174,3,CSE 30,Computer Organization and Systems Programming,4,core,72,73,B,3.0,completed,1
STU0174,3,MATH 154,Discrete Mathematics and Graph Theory,4,math,66,78,B-,2.7,completed,1
STU0174,3,MATH 20C,Calculus and Analytic Geometry for Science and Engineering,4,math,72,90,B,3.0,completed,1
STU0174,4,CSE 101,Design and Analysis of Algorithms,4,core,78,73,B+,3.3,current,1
STU0174,4,CSE 103,A Practical Introduction to Probability and Statistics,4,core,64,80,C+,2.3,current,1
STU0174,4,CSE 110,Software Engineering,4,core,82,81,A-,3.7,current,1
STU0174,4,DSC 40B,Theoretical Foundations of Data Science II,4,data,70,62,B,3.0,current,1
STU0175,1,CSE 11,Introduction to Computer Science and Object-Oriented Programming: Java,4,core,73,93,B,3.0,completed,1
STU0175,1,CSE 5A,Introduction to Programming I,4,core,97,90,A+,4.0,completed,1
STU0175,1,MATH 18,Linear Algebra,4,math,78,76,B+,3.3,completed,1
STU0175,1,MATH 20A,Calculus for Science and Engineering,4,math,88,87,A,4.0,completed,1
STU0175,2,CSE 12,Basic Data Structures and Object-Oriented Design,4,core,84,81,A-,3.7,completed,1
STU0175,2,CSE 15L,Software Tools and Techniques Laboratory,2,lab,81,86,A-,3.7,completed,1
STU0175,2,CSE 20,Discrete Mathematics,4,math,82,69,A-,3.7,completed,1
STU0175,2,CSE 21,Mathematics for Algorithms and Systems,4,core,85,91,A,4.0,completed,1
STU0175,2,MATH 20B,Calculus for Science and Engineering,4,math,74,72,B,3.0,completed,1
STU0175,3,CSE 100,Advanced Data Structures,4,core,79,88,B+,3.3,completed,1
STU0175,3,CSE 30,Computer Organization and Systems Programming,4,core,64,100,C+,2.3,completed,1
STU0175,3,MATH 154,Discrete Mathematics and Graph Theory,4,math,85,100,A,4.0,completed,1
STU0175,3,MATH 20C,Calculus and Analytic Geometry for Science and Engineering,4,math,78,80,B+,3.3,completed,1
STU0175,4,CSE 101,Design and Analysis of Algorithms,4,core,81,84,A-,3.7,completed,1
STU0175,4,CSE 103,A Practical Introduction to Probability and Statistics,4,core,68,94,B-,2.7,completed,1
STU0175,4,CSE 110,Software Engineering,4,core,64,85,C+,2.3,completed,1
STU0175,4,DSC 40B,Theoretical Foundations of Data Science II,4,data,89,83,A,4.0,completed,1
STU0175,5,CSE 120,Principles of Computer Operating Systems,4,systems,93,99,A+,4.0,current,1
STU0175,5,CSE 123,Computer Networks,4,networks,89,83,A,4.0,current,1
STU0175,5,CSE 132A,Database System Principles,4,database,82,61,A-,3.7,current,1
STU0175,5,DSC 80,The Practice and Application of Data Science,4,data,79,73,B+,3.3,current,1
STU0175,5,ECE 109,Engineering Probability and Statistics,4,math,72,79,B,3.0,current,1
STU0176,1,CSE 11,Introduction to Computer Science and Object-Oriented Programming: Java,4,core,77,64,B+,3.3,completed,1
STU0176,1,CSE 5A,Introduction to Programming I,4,core,68,73,B-,2.7,completed,1
STU0176,1,MATH 18,Linear Algebra,4,math,75,81,B+,3.3,completed,1
STU0176,1,MATH 20A,Calculus for Science and Engineering,4,math,77,88,B+,3.3,completed,1
STU0176,2,CSE 12,Basic Data Structures and Object-Oriented Design,4,core,93,99,A+,4.0,completed,1
STU0176,2,CSE 15L,Software Tools and Techniques Laboratory,2,lab,77,85,B+,3.3,completed,1
STU0176,2,CSE 20,Discrete Mathematics,4,math,81,87,A-,3.7,completed,1
STU0176,2,CSE 21,Mathematics for Algorithms and Systems,4,core,68,88,B-,2.7,completed,1
STU0176,2,MATH 20B,Calculus for Science and Engineering,4,math,92,69,A+,4.0,completed,1
STU0176,3,CSE 100,Advanced Data Structures,4,core,71,85,B,3.0,completed,1
STU0176,3,CSE 30,Computer Organization and Systems Programming,4,core,83,83,A-,3.7,completed,1
STU0176,3,MATH 154,Discrete Mathematics and Graph Theory,4,math,95,80,A+,4.0,completed,1
STU0176,3,MATH 20C,Calculus and Analytic Geometry for Science and Engineering,4,math,81,97,A-,3.7,completed,1
STU0176,4,CSE 101,Design and Analysis of Algorithms,4,core,69,78,B-,2.7,completed,1
STU0176,4,CSE 103,A Practical Introduction to Probability and Statistics,4,core,83,84,A-,3.7,completed,1
STU0176,4,CSE 110,Software Engineering,4,core,72,75,B,3.0,completed,1
STU0176,4,DSC 40B,Theoretical Foundations of Data Science II,4,data,79,86,B+,3.3,completed,1
STU0176,5,CSE 120,Principles of Computer Operating Systems,4,systems,85,95,A,4.0,current,1
STU0176,5,CSE 123,Computer Networks,4,networks,87,83,A,4.0,current,1
STU0176,5,CSE 130,Programming Languages: Principles and Paradigms,4,systems,81,78,A-,3.7,current,1
STU0176,5,ECE 109,Engineering Probability and Statistics,4,math,69,100,B-,2.7,current,1
STU0176,5,MATH 183,Statistical Methods,4,math,87,93,A,4.0,current,1
STU0177,1,CSE 11,Introduction to Computer Science and Object-Oriented Programming: Java,4,core,86,76,A,4.0,completed,1
STU0177,1,CSE 5A,Introduction to Programming I,4,core,94,89,A+,4.0,completed,1
STU0177,1,MATH 18,Linear Algebra,4,math,76,90,B+,3.3,completed,1
STU0177,1,MATH 20A,Calculus for Science and Engineering,4,math,85,87,A,4.0,completed,1
STU0177,2,CSE 12,Basic Data Structures and Object-Oriented Design,4,core,81,86,A-,3.7,completed,1
STU0177,2,CSE 15L,Software Tools and Techniques Laboratory,2,lab,86,89,A,4.0,completed,1
STU0177,2,CSE 20,Discrete Mathematics,4,math,87,97,A,4.0,completed,1
STU0177,2,CSE 21,Mathematics for Algorithms and Systems,4,core,96,90,A+,4.0,completed,1
STU0177,2,MATH 20B,Calculus for Science and Engineering,4,math,73,82,B,3.0,completed,1
STU0177,3,CSE 100,Advanced Data Structures,4,core,76,87,B+,3.3,completed,1
STU0177,3,CSE 30,Computer Organization and Systems Programming,4,core,73,91,B,3.0,completed,1
STU0177,3,MATH 154,Discrete Mathematics and Graph Theory,4,math,87,94,A,4.0,completed,1
STU0177,3,MATH 20C,Calculus and Analytic Geometry for Science and Engineering,4,math,97,100,A+,4.0,completed,1
STU0177,4,CSE 101,Design and Analysis of Algorithms,4,core,78,91,B+,3.3,completed,1
STU0177,4,CSE 103,A Practical Introduction to Probability and Statistics,4,core,98,90,A+,4.0,completed,1
STU0177,4,CSE 110,Software Engineering,4,core,81,79,A-,3.7,completed,1
STU0177,4,DSC 40B,Theoretical Foundations of Data Science II,4,data,98,97,A+,4.0,completed,1
STU0177,5,CSE 130,Programming Languages: Principles and Paradigms,4,systems,71,100,B,3.0,current,1
STU0177,5,CSE 132A,Database System Principles,4,database,87,90,A,4.0,current,1
STU0177,5,DSC 80,The Practice and Application of Data Science,4,data,92,83,A+,4.0,current,1
STU0177,5,ECE 109,Engineering Probability and Statistics,4,math,80,81,A-,3.7,current,1
STU0177,5,MATH 183,Statistical Methods,4,math,95,91,A+,4.0,current,1
STU0178,1,CSE 11,Introduction to Computer Science and Object-Oriented Programming: Java,4,core,87,89,A,4.0,completed,1
STU0178,1,CSE 5A,Introduction to Programming I,4,core,83,81,A-,3.7,completed,1
STU0178,1,MATH 18,Linear Algebra,4,math,98,95,A+,4.0,completed,1
STU0178,1,MATH 20A,Calculus for Science and Engineering,4,math,95,100,A+,4.0,completed,1
STU0178,2,CSE 12,Basic Data Structures and Object-Oriented Design,4,core,85,92,A,4.0,completed,1
STU0178,2,CSE 15L,Software Tools and Techniques Laboratory,2,lab,92,92,A+,4.0,completed,1
STU0178,2,CSE 20,Discrete Mathematics,4,math,84,79,A-,3.7,completed,1
STU0178,2,CSE 21,Mathematics for Algorithms and Systems,4,core,84,94,A-,3.7,completed,1
STU0178,2,MATH 20B,Calculus for Science and Engineering,4,math,96,95,A+,4.0,completed,1
STU0178,3,CSE 100,Advanced Data Structures,4,core,87,79,A,4.0,completed,1
STU0178,3,CSE 30,Computer Organization and Systems Programming,4,core,72,82,B,3.0,completed,1
STU0178,3,MATH 154,Discrete Mathematics and Graph Theory,4,math,87,91,A,4.0,completed,1
STU0178,3,MATH 20C,Calculus and Analytic Geometry for Science and Engineering,4,math,77,81,B+,3.3,completed,1
STU0178,4,CSE 101,Design and Analysis of Algorithms,4,core,78,87,B+,3.3,completed,1
STU0178,4,CSE 103,A Practical Introduction to Probability and Statistics,4,core,89,84,A,4.0,completed,1
STU0178,4,CSE 110,Software Engineering,4,core,88,79,A,4.0,completed,1
STU0178,4,DSC 40B,Theoretical Foundations of Data Science II,4,data,82,91,A-,3.7,completed,1
STU0178,5,CSE 120,Principles of Computer Operating Systems,4,systems,94,83,A+,4.0,current,1
STU0178,5,CSE 123,Computer Networks,4,networks,83,91,A-,3.7,current,1
STU0178,5,CSE 130,Programming Languages: Principles and Paradigms,4,systems,95,82,A+,4.0,current,1
STU0178,5,CSE 132A,Database System Principles,4,database,72,84,B,3.0,current,1
STU0178,5,DSC 80,The Practice and Application of Data Science,4,data,78,74,B+,3.3,current,1
STU0179,1,CSE 11,Introduction to Computer Science and Object-Oriented Programming: Java,4,core,75,70,B+,3.3,completed,1
STU0179,1,CSE 5A,Introduction to Programming I,4,core,98,73,A+,4.0,completed,1
STU0179,1,MATH 18,Linear Algebra,4,math,82,80,A-,3.7,completed,1
STU0179,1,MATH 20A,Calculus for Science and Engineering,4,math,70,100,B,3.0,completed,1
STU0179,2,CSE 12,Basic Data Structures and Object-Oriented Design,4,core,84,67,A-,3.7,completed,1
STU0179,2,CSE 15L,Software Tools and Techniques Laboratory,2,lab,71,69,B,3.0,completed,1
STU0179,2,CSE 20,Discrete Mathematics,4,math,68,84,B-,2.7,completed,1
STU0179,2,CSE 21,Mathematics for Algorithms and Systems,4,core,76,81,B+,3.3,completed,1
STU0179,2,MATH 20B,Calculus for Science and Engineering,4,math,71,91,B,3.0,completed,1
STU0179,3,CSE 100,Advanced Data Structures,4,core,72,78,B,3.0,completed,1
STU0179,3,CSE 30,Computer Organization and Systems Programming,4,core,79,94,B+,3.3,completed,1
STU0179,3,MATH 154,Discrete Mathematics and Graph Theory,4,math,67,81,B-,2.7,completed,1
STU0179,3,MATH 20C,Calculus and Analytic Geometry for Science and Engineering,4,math,81,68,A-,3.7,completed,1
STU0179,4,CSE 101,Design and Analysis of Algorithms,4,core,71,78,B,3.0,current,1
STU0179,4,CSE 103,A Practical Introduction to Probability and Statistics,4,core,66,84,B-,2.7,current,1
STU0179,4,CSE 110,Software Engineering,4,core,73,86,B,3.0,current,1
STU0179,4,DSC 40B,Theoretical Foundations of Data Science II,4,data,69,74,B-,2.7,current,1
STU0180,1,CSE 11,Introduction to Computer Science and Object-Oriented Programming: Java,4,core,76,84,B+,3.3,completed,1
STU0180,1,CSE 5A,Introduction to Programming I,4,core,77,76,B+,3.3,completed,1
STU0180,1,MATH 18,Linear Algebra,4,math,82,81,A-,3.7,completed,1
STU0180,1,MATH 20A,Calculus for Science and Engineering,4,math,76,81,B+,3.3,completed,1
STU0180,2,CSE 12,Basic Data Structures and Object-Oriented Design,4,core,71,85,B,3.0,completed,1
STU0180,2,CSE 15L,Software Tools and Techniques Laboratory,2,lab,84,72,A-,3.7,completed,1
STU0180,2,CSE 20,Discrete Mathematics,4,math,87,100,A,4.0,completed,1
STU0180,2,CSE 21,Mathematics for Algorithms and Systems,4,core,88,92,A,4.0,completed,1
STU0180,2,MATH 20B,Calculus for Science and Engineering,4,math,90,88,A+,4.0,completed,1
STU0180,3,CSE 100,Advanced Data Structures,4,core,75,82,B+,3.3,completed,1
STU0180,3,CSE 30,Computer Organization and Systems Programming,4,core,97,77,A+,4.0,completed,1
STU0180,3,MATH 154,Discrete Mathematics and Graph Theory,4,math,68,100,B-,2.7,completed,1
STU0180,3,MATH 20C,Calculus and Analytic Geometry for Science and Engineering,4,math,79,76,B+,3.3,completed,1
STU0180,4,CSE 101,Design and Analysis of Algorithms,4,core,64,100,C+,2.3,completed,1
STU0180,4,CSE 103,A Practical Introduction to Probability and Statistics,4,core,92,73,A+,4.0,completed,1
STU0180,4,CSE 110,Software Engineering,4,core,84,89,A-,3.7,completed,1
STU0180,4,DSC 40B,Theoretical Foundations of Data Science II,4,data,79,89,B+,3.3,completed,1
STU0180,5,CSE 120,Principles of Computer Operating Systems,4,systems,78,90,B+,3.3,current,1
STU0180,5,CSE 123,Computer Networks,4,networks,79,73,B+,3.3,current,1
STU0180,5,CSE 132A,Database System Principles,4,database,65,86,B-,2.7,current,1
STU0180,5,DSC 80,The Practice and Application of Data Science,4,data,76,76,B+,3.3,current,1
STU0180,5,ECE 109,Engineering Probability and Statistics,4,math,77,66,B+,3.3,current,1
STU0181,1,CSE 11,Introduction to Computer Science and Object-Oriented Programming: Java,4,core,93,88,A+,4.0,completed,1
STU0181,1,CSE 5A,Introduction to Programming I,4,core,93,81,A+,4.0,completed,1
STU0181,1,MATH 18,Linear Algebra,4,math,80,83,A-,3.7,completed,1
STU0181,1,MATH 20A,Calculus for Science and Engineering,4,math,86,69,A,4.0,completed,1
STU0181,2,CSE 12,Basic Data Structures and Object-Oriented Design,4,core,85,88,A,4.0,completed,1
STU0181,2,CSE 15L,Software Tools and Techniques Laboratory,2,lab,93,84,A+,4.0,completed,1
STU0181,2,CSE 20,Discrete Mathematics,4,math,89,92,A,4.0,completed,1
STU0181,2,CSE 21,Mathematics for Algorithms and Systems,4,core,90,70,A+,4.0,completed,1
STU0181,2,MATH 20B,Calculus for Science and Engineering,4,math,68,65,B-,2.7,completed,1
STU0181,3,CSE 100,Advanced Data Structures,4,core,90,88,A+,4.0,completed,1
STU0181,3,CSE 30,Computer Organization and Systems Programming,4,core,95,100,A+,4.0,completed,1
STU0181,3,MATH 154,Discrete Mathematics and Graph Theory,4,math,77,84,B+,3.3,completed,1
STU0181,3,MATH 20C,Calculus and Analytic Geometry for Science and Engineering,4,math,90,79,A+,4.0,completed,1
STU0181,4,CSE 101,Design and Analysis of Algorithms,4,core,79,84,B+,3.3,completed,1
STU0181,4,CSE 103,A Practical Introduction to Probability and Statistics,4,core,94,83,A+,4.0,completed,1
STU0181,4,CSE 110,Software Engineering,4,core,74,84,B,3.0,completed,1
STU0181,4,DSC 40B,Theoretical Foundations of Data Science II,4,data,72,95,B,3.0,completed,1
STU0181,5,CSE 120,Principles of Computer Operating Systems,4,systems,77,73,B+,3.3,completed,1
STU0181,5,CSE 130,Programming Languages: Principles and Paradigms,4,systems,93,89,A+,4.0,completed,1
STU0181,5,CSE 132A,Database System Principles,4,database,59,74,C,2.0,completed,1
STU0181,5,DSC 80,The Practice and Application of Data Science,4,data,93,93,A+,4.0,completed,1
STU0181,5,MATH 183,Statistical Methods,4,math,94,88,A+,4.0,completed,1
STU0181,6,CSE 132B,Database Systems Applications,4,database,71,87,B,3.0,completed,1
STU0181,6,CSE 150A,Introduction to Artificial Intelligence: Probabilistic Reasoning and Decision-Making,4,ai,77,69,B+,3.3,completed,1
STU0181,6,CSE 150B,Introduction to Artificial Intelligence: Search and Reasoning,4,ai,58,71,C,2.0,completed,1
STU0181,6,CSE 151A,Introduction to Machine Learning,4,ai,86,87,A,4.0,completed,1
STU0181,6,MATH 181A,Introduction to Mathematical Statistics I,4,math,70,84,B,3.0,completed,1
STU0181,7,CSE 124,Networked Services,4,networks,74,85,B,3.0,current,1
STU0181,7,CSE 131,Compiler Construction,4,systems,92,88,A+,4.0,current,1
STU0181,7,CSE 151B,Deep Learning,4,ai,88,71,A,4.0,current,1
STU0181,7,CSE 152,Introduction to Computer Vision,4,ai,68,77,B-,2.7,current,1
STU0181,7,CSE 158,Recommender Systems and Web Mining,4,ai,86,84,A,4.0,current,1
STU0182,1,CSE 11,Introduction to Computer Science and Object-Oriented Programming: Java,4,core,72,78,B,3.0,completed,1
STU0182,1,CSE 5A,Introduction to Programming I,4,core,80,87,A-,3.7,completed,1
STU0182,1,MATH 18,Linear Algebra,4,math,83,71,A-,3.7,completed,1
STU0182,1,MATH 20A,Calculus for Science and Engineering,4,math,91,72,A+,4.0,completed,1
STU0182,2,CSE 12,Basic Data Structures and Object-Oriented Design,4,core,69,70,B-,2.7,completed,1
STU0182,2,CSE 15L,Software Tools and Techniques Laboratory,2,lab,56,76,C,2.0,completed,1
STU0182,2,CSE 20,Discrete Mathematics,4,math,72,71,B,3.0,completed,1
STU0182,2,CSE 21,Mathematics for Algorithms and Systems,4,core,78,71,B+,3.3,completed,1
STU0182,2,MATH 20B,Calculus for Science and Engineering,4,math,75,68,B+,3.3,completed,1
STU0182,3,CSE 100,Advanced Data Structures,4,core,83,78,A-,3.7,completed,1
STU0182,3,CSE 30,Computer Organization and Systems Programming,4,core,65,69,B-,2.7,completed,1
STU0182,3,MATH 154,Discrete Mathematics and Graph Theory,4,math,63,75,C+,2.3,completed,1
STU0182,3,MATH 20C,Calculus and Analytic Geometry for Science and Engineering,4,math,73,77,B,3.0,completed,1
STU0182,4,CSE 101,Design and Analysis of Algorithms,4,core,82,74,A-,3.7,completed,1
STU0182,4,CSE 103,A Practical Introduction to Probability and Statistics,4,core,54,75,C-,1.7,completed,1
STU0182,4,CSE 110,Software Engineering,4,core,87,73,A,4.0,completed,1
STU0182,4,DSC 40B,Theoretical Foundations of Data Science II,4,data,78,90,B+,3.3,completed,1
STU0182,5,CSE 120,Principles of Computer Operating Systems,4,systems,62,72,C+,2.3,completed,1
STU0182,5,CSE 132A,Database System Principles,4,database,75,69,B+,3.3,completed,1
STU0182,5,DSC 80,The Practice and Application of Data Science,4,data,68,73,B-,2.7,completed,1
STU0182,5,ECE 109,Engineering Probability and Statistics,4,math,78,77,B+,3.3,completed,1
STU0182,5,MATH 183,Statistical Methods,4,math,76,82,B+,3.3,completed,1
STU0182,6,CSE 105,Theory of Computability,4,systems,69,71,B-,2.7,current,1
STU0182,6,CSE 132B,Database Systems Applications,4,database,59,84,C,2.0,current,1
STU0182,6,CSE 150B,Introduction to Artificial Intelligence: Search and Reasoning,4,ai,79,63,B+,3.3,current,1
STU0182,6,CSE 151A,Introduction to Machine Learning,4,ai,79,82,B+,3.3,current,1
STU0182,6,MATH 181A,Introduction to Mathematical Statistics I,4,math,59,71,C,2.0,current,1
STU0183,1,CSE 11,Introduction to Computer Science and Object-Oriented Programming: Java,4,core,84,76,A-,3.7,completed,1
STU0183,1,CSE 5A,Introduction to Programming I,4,core,83,81,A-,3.7,completed,1
STU0183,1,MATH 18,Linear Algebra,4,math,86,68,A,4.0,completed,1
STU0183,1,MATH 20A,Calculus for Science and Engineering,4,math,86,80,A,4.0,completed,1
STU0183,2,CSE 12,Basic Data Structures and Object-Oriented Design,4,core,90,84,A+,4.0,completed,1
STU0183,2,CSE 15L,Software Tools and Techniques Laboratory,2,lab,91,89,A+,4.0,completed,1
STU0183,2,CSE 20,Discrete Mathematics,4,math,59,75,C,2.0,completed,1
STU0183,2,CSE 21,Mathematics for Algorithms and Systems,4,core,79,91,B+,3.3,completed,1
STU0183,2,MATH 20B,Calculus for Science and Engineering,4,math,87,89,A,4.0,completed,1
STU0183,3,CSE 100,Advanced Data Structures,4,core,75,100,B+,3.3,completed,1
STU0183,3,CSE 30,Computer Organization and Systems Programming,4,core,73,66,B,3.0,completed,1
STU0183,3,MATH 154,Discrete Mathematics and Graph Theory,4,math,88,91,A,4.0,completed,1
STU0183,3,MATH 20C,Calculus and Analytic Geometry for Science and Engineering,4,math,92,73,A+,4.0,completed,1
STU0183,4,CSE 101,Design and Analysis of Algorithms,4,core,71,95,B,3.0,completed,1
STU0183,4,CSE 103,A Practical Introduction to Probability and Statistics,4,core,72,77,B,3.0,completed,1
STU0183,4,CSE 110,Software Engineering,4,core,78,79,B+,3.3,completed,1
STU0183,4,DSC 40B,Theoretical Foundations of Data Science II,4,data,93,89,A+,4.0,completed,1
STU0183,5,CSE 120,Principles of Computer Operating Systems,4,systems,83,74,A-,3.7,completed,1
STU0183,5,CSE 123,Computer Networks,4,networks,70,76,B,3.0,completed,1
STU0183,5,CSE 130,Programming Languages: Principles and Paradigms,4,systems,72,82,B,3.0,completed,1
STU0183,5,CSE 132A,Database System Principles,4,database,69,66,B-,2.7,completed,1
STU0183,5,ECE 109,Engineering Probability and Statistics,4,math,78,89,B+,3.3,completed,1
STU0183,6,CSE 105,Theory of Computability,4,systems,66,88,B-,2.7,completed,1
STU0183,6,CSE 150A,Introduction to Artificial Intelligence: Probabilistic Reasoning and Decision-Making,4,ai,67,87,B-,2.7,completed,1
STU0183,6,CSE 150B,Introduction to Artificial Intelligence: Search and Reasoning,4,ai,70,72,B,3.0,completed,1
STU0183,6,CSE 151A,Introduction to Machine Learning,4,ai,86,92,A,4.0,completed,1
STU0183,6,MATH 181A,Introduction to Mathematical Statistics I,4,math,83,86,A-,3.7,completed,1
STU0183,7,CSE 124,Networked Services,4,networks,80,100,A-,3.7,current,1
STU0183,7,CSE 131,Compiler Construction,4,systems,79,89,B+,3.3,current,1
STU0183,7,CSE 152,Introduction to Computer Vision,4,ai,77,88,B+,3.3,current,1
STU0183,7,CSE 158,Recommender Systems and Web Mining,4,ai,86,87,A,4.0,current,1
STU0183,7,MATH 188,Algebraic Combinatorics,4,math,87,79,A,4.0,current,1
STU0184,1,CSE 11,Introduction to Computer Science and Object-Oriented Programming: Java,4,core,89,83,A,4.0,completed,1
STU0184,1,CSE 5A,Introduction to Programming I,4,core,87,94,A,4.0,completed,1
STU0184,1,MATH 18,Linear Algebra,4,math,70,93,B,3.0,completed,1
STU0184,1,MATH 20A,Calculus for Science and Engineering,4,math,74,90,B,3.0,completed,1
STU0184,2,CSE 12,Basic Data Structures and Object-Oriented Design,4,core,81,78,A-,3.7,completed,1
STU0184,2,CSE 15L,Software Tools and Techniques Laboratory,2,lab,78,86,B+,3.3,completed,1
STU0184,2,CSE 20,Discrete Mathematics,4,math,94,84,A+,4.0,completed,1
STU0184,2,CSE 21,Mathematics for Algorithms and Systems,4,core,72,95,B,3.0,completed,1
STU0184,2,MATH 20B,Calculus for Science and Engineering,4,math,83,75,A-,3.7,completed,1
STU0184,3,CSE 100,Advanced Data Structures,4,core,88,88,A,4.0,completed,1
STU0184,3,CSE 30,Computer Organization and Systems Programming,4,core,86,95,A,4.0,completed,1
STU0184,3,MATH 154,Discrete Mathematics and Graph Theory,4,math,91,99,A+,4.0,completed,1
STU0184,3,MATH 20C,Calculus and Analytic Geometry for Science and Engineering,4,math,67,75,B-,2.7,completed,1
STU0184,4,CSE 101,Design and Analysis of Algorithms,4,core,84,76,A-,3.7,completed,1
STU0184,4,CSE 103,A Practical Introduction to Probability and Statistics,4,core,80,88,A-,3.7,completed,1
STU0184,4,CSE 110,Software Engineering,4,core,84,96,A-,3.7,completed,1
STU0184,4,DSC 40B,Theoretical Foundations of Data Science II,4,data,75,80,B+,3.3,completed,1
STU0184,5,CSE 120,Principles of Computer Operating Systems,4,systems,70,94,B,3.0,completed,1
STU0184,5,CSE 123,Computer Networks,4,networks,85,81,A,4.0,completed,1
STU0184,5,CSE 132A,Database System Principles,4,database,78,85,B+,3.3,completed,1
STU0184,5,ECE 109,Engineering Probability and Statistics,4,math,67,80,B-,2.7,completed,1
STU0184,5,MATH 183,Statistical Methods,4,math,82,85,A-,3.7,completed,1
STU0184,6,CSE 105,Theory of Computability,4,systems,78,79,B+,3.3,completed,1
STU0184,6,CSE 132B,Database Systems Applications,4,database,69,87,B-,2.7,completed,1
STU0184,6,CSE 150B,Introduction to Artificial Intelligence: Search and Reasoning,4,ai,82,67,A-,3.7,completed,1
STU0184,6,CSE 151A,Introduction to Machine Learning,4,ai,62,99,C+,2.3,completed,1
STU0184,6,MATH 181A,Introduction to Mathematical Statistics I,4,math,77,83,B+,3.3,completed,1
STU0184,7,CSE 124,Networked Services,4,networks,82,75,A-,3.7,current,1
STU0184,7,CSE 127,Introduction to Computer Security,4,security,84,73,A-,3.7,current,1
STU0184,7,CSE 131,Compiler Construction,4,systems,74,73,B,3.0,current,1
STU0184,7,CSE 151B,Deep Learning,4,ai,65,92,B-,2.7,current,1
STU0184,7,MATH 188,Algebraic Combinatorics,4,math,77,84,B+,3.3,current,1
STU0185,1,CSE 11,Introduction to Computer Science and Object-Oriented Programming: Java,4,core,74,99,B,3.0,completed,1
STU0185,1,CSE 5A,Introduction to Programming I,4,core,80,79,A-,3.7,completed,1
STU0185,1,MATH 18,Linear Algebra,4,math,78,92,B+,3.3,completed,1
STU0185,1,MATH 20A,Calculus for Science and Engineering,4,math,68,86,B-,2.7,completed,1
STU0185,2,CSE 12,Basic Data Structures and Object-Oriented Design,4,core,77,83,B+,3.3,completed,1
STU0185,2,CSE 15L,Software Tools and Techniques Laboratory,2,lab,76,71,B+,3.3,completed,1
STU0185,2,CSE 20,Discrete Mathematics,4,math,75,72,B+,3.3,completed,1
STU0185,2,CSE 21,Mathematics for Algorithms and Systems,4,core,88,92,A,4.0,completed,1
STU0185,2,MATH 20B,Calculus for Science and Engineering,4,math,67,80,B-,2.7,completed,1
STU0185,3,CSE 100,Advanced Data Structures,4,core,84,82,A-,3.7,current,1
STU0185,3,CSE 30,Computer Organization and Systems Programming,4,core,78,93,B+,3.3,current,1
STU0185,3,MATH 154,Discrete Mathematics and Graph Theory,4,math,74,70,B,3.0,current,1
STU0185,3,MATH 20C,Calculus and Analytic Geometry for Science and Engineering,4,math,60,77,C+,2.3,current,1
STU0186,1,CSE 11,Introduction to Computer Science and Object-Oriented Programming: Java,4,core,62,84,C+,2.3,completed,1
STU0186,1,CSE 5A,Introduction to Programming I,4,core,61,85,C+,2.3,completed,1
STU0186,1,MATH 18,Linear Algebra,4,math,59,77,C,2.0,completed,1
STU0186,1,MATH 20A,Calculus for Science and Engineering,4,math,72,69,B,3.0,completed,1
STU0186,2,CSE 12,Basic Data Structures and Object-Oriented Design,4,core,68,74,B-,2.7,completed,1
STU0186,2,CSE 15L,Software Tools and Techniques Laboratory,2,lab,65,82,B-,2.7,completed,1
STU0186,2,CSE 20,Discrete Mathematics,4,math,62,73,C+,2.3,completed,1
STU0186,2,CSE 21,Mathematics for Algorithms and Systems,4,core,72,82,B,3.0,completed,1
STU0186,2,MATH 20B,Calculus for Science and Engineering,4,math,73,79,B,3.0,completed,1
STU0186,3,CSE 100,Advanced Data Structures,4,core,81,77,A-,3.7,current,1
STU0186,3,CSE 30,Computer Organization and Systems Programming,4,core,73,77,B,3.0,current,1
STU0186,3,MATH 154,Discrete Mathematics and Graph Theory,4,math,60,76,C+,2.3,current,1
STU0186,3,MATH 20C,Calculus and Analytic Geometry for Science and Engineering,4,math,68,99,B-,2.7,current,1
STU0187,1,CSE 11,Introduction to Computer Science and Object-Oriented Programming: Java,4,core,83,87,A-,3.7,completed,1
STU0187,1,CSE 5A,Introduction to Programming I,4,core,71,86,B,3.0,completed,1
STU0187,1,MATH 18,Linear Algebra,4,math,85,85,A,4.0,completed,1
STU0187,1,MATH 20A,Calculus for Science and Engineering,4,math,75,94,B+,3.3,completed,1
STU0187,2,CSE 12,Basic Data Structures and Object-Oriented Design,4,core,66,81,B-,2.7,completed,1
STU0187,2,CSE 15L,Software Tools and Techniques Laboratory,2,lab,78,88,B+,3.3,completed,1
STU0187,2,CSE 20,Discrete Mathematics,4,math,93,100,A+,4.0,completed,1
STU0187,2,CSE 21,Mathematics for Algorithms and Systems,4,core,98,91,A+,4.0,completed,1
STU0187,2,MATH 20B,Calculus for Science and Engineering,4,math,96,92,A+,4.0,completed,1
STU0187,3,CSE 100,Advanced Data Structures,4,core,78,100,B+,3.3,completed,1
STU0187,3,CSE 30,Computer Organization and Systems Programming,4,core,85,84,A,4.0,completed,1
STU0187,3,MATH 154,Discrete Mathematics and Graph Theory,4,math,89,86,A,4.0,completed,1
STU0187,3,MATH 20C,Calculus and Analytic Geometry for Science and Engineering,4,math,76,79,B+,3.3,completed,1
STU0187,4,CSE 101,Design and Analysis of Algorithms,4,core,88,72,A,4.0,completed,1
STU0187,4,CSE 103,A Practical Introduction to Probability and Statistics,4,core,73,92,B,3.0,completed,1
STU0187,4,CSE 110,Software Engineering,4,core,75,80,B+,3.3,completed,1
STU0187,4,DSC 40B,Theoretical Foundations of Data Science II,4,data,88,82,A,4.0,completed,1
STU0187,5,CSE 123,Computer Networks,4,networks,60,83,C+,2.3,current,1
STU0187,5,CSE 132A,Database System Principles,4,database,98,69,A+,4.0,current,1
STU0187,5,DSC 80,The Practice and Application of Data Science,4,data,85,75,A,4.0,current,1
STU0187,5,ECE 109,Engineering Probability and Statistics,4,math,74,86,B,3.0,current,1
STU0187,5,MATH 183,Statistical Methods,4,math,79,80,B+,3.3,current,1
STU0188,1,CSE 11,Introduction to Computer Science and Object-Oriented Programming: Java,4,core,91,100,A+,4.0,completed,1
STU0188,1,CSE 5A,Introduction to Programming I,4,core,93,91,A+,4.0,completed,1
STU0188,1,MATH 18,Linear Algebra,4,math,95,86,A+,4.0,completed,1
STU0188,1,MATH 20A,Calculus for Science and Engineering,4,math,86,94,A,4.0,completed,1
STU0188,2,CSE 12,Basic Data Structures and Object-Oriented Design,4,core,80,87,A-,3.7,completed,1
STU0188,2,CSE 15L,Software Tools and Techniques Laboratory,2,lab,63,86,C+,2.3,completed,1
STU0188,2,CSE 20,Discrete Mathematics,4,math,79,85,B+,3.3,completed,1
STU0188,2,CSE 21,Mathematics for Algorithms and Systems,4,core,65,69,B-,2.7,completed,1
STU0188,2,MATH 20B,Calculus for Science and Engineering,4,math,81,74,A-,3.7,completed,1
STU0188,3,CSE 100,Advanced Data Structures,4,core,78,94,B+,3.3,completed,1
STU0188,3,CSE 30,Computer Organization and Systems Programming,4,core,83,73,A-,3.7,completed,1
STU0188,3,MATH 154,Discrete Mathematics and Graph Theory,4,math,87,83,A,4.0,completed,1
STU0188,3,MATH 20C,Calculus and Analytic Geometry for Science and Engineering,4,math,81,76,A-,3.7,completed,1
STU0188,4,CSE 101,Design and Analysis of Algorithms,4,core,74,75,B,3.0,completed,1
STU0188,4,CSE 103,A Practical Introduction to Probability and Statistics,4,core,88,77,A,4.0,completed,1
STU0188,4,CSE 110,Software Engineering,4,core,73,71,B,3.0,completed,1
STU0188,4,DSC 40B,Theoretical Foundations of Data Science II,4,data,78,90,B+,3.3,completed,1
STU0188,5,CSE 120,Principles of Computer Operating Systems,4,systems,82,86,A-,3.7,current,1
STU0188,5,CSE 123,Computer Networks,4,networks,78,84,B+,3.3,current,1
STU0188,5,CSE 130,Programming Languages: Principles and Paradigms,4,systems,91,69,A+,4.0,current,1
STU0188,5,CSE 132A,Database System Principles,4,database,69,89,B-,2.7,current,1
STU0188,5,MATH 183,Statistical Methods,4,math,75,87,B+,3.3,current,1
STU0189,1,CSE 11,Introduction to Computer Science and Object-Oriented Programming: Java,4,core,74,94,B,3.0,completed,1
STU0189,1,CSE 5A,Introduction to Programming I,4,core,85,77,A,4.0,completed,1
STU0189,1,MATH 18,Linear Algebra,4,math,83,91,A-,3.7,completed,1
STU0189,1,MATH 20A,Calculus for Science and Engineering,4,math,97,87,A+,4.0,completed,1
STU0189,2,CSE 12,Basic Data Structures and Object-Oriented Design,4,core,80,84,A-,3.7,completed,1
STU0189,2,CSE 15L,Software Tools and Techniques Laboratory,2,lab,88,87,A,4.0,completed,1
STU0189,2,CSE 20,Discrete Mathematics,4,math,98,84,A+,4.0,completed,1
STU0189,2,CSE 21,Mathematics for Algorithms and Systems,4,core,88,73,A,4.0,completed,1
STU0189,2,MATH 20B,Calculus for Science and Engineering,4,math,92,87,A+,4.0,completed,1
STU0189,3,CSE 100,Advanced Data Structures,4,core,75,91,B+,3.3,completed,1
STU0189,3,CSE 30,Computer Organization and Systems Programming,4,core,77,100,B+,3.3,completed,1
STU0189,3,MATH 154,Discrete Mathematics and Graph Theory,4,math,87,87,A,4.0,completed,1
STU0189,3,MATH 20C,Calculus and Analytic Geometry for Science and Engineering,4,math,89,100,A,4.0,completed,1
STU0189,4,CSE 101,Design and Analysis of Algorithms,4,core,73,99,B,3.0,completed,1
STU0189,4,CSE 103,A Practical Introduction to Probability and Statistics,4,core,81,85,A-,3.7,completed,1
STU0189,4,CSE 110,Software Engineering,4,core,83,76,A-,3.7,completed,1
STU0189,4,DSC 40B,Theoretical Foundations of Data Science II,4,data,97,83,A+,4.0,completed,1
STU0189,5,CSE 120,Principles of Computer Operating Systems,4,systems,83,75,A-,3.7,completed,1
STU0189,5,CSE 123,Computer Networks,4,networks,85,73,A,4.0,completed,1
STU0189,5,CSE 130,Programming Languages: Principles and Paradigms,4,systems,93,100,A+,4.0,completed,1
STU0189,5,DSC 80,The Practice and Application of Data Science,4,data,83,89,A-,3.7,completed,1
STU0189,5,MATH 183,Statistical Methods,4,math,94,83,A+,4.0,completed,1
STU0189,6,CSE 105,Theory of Computability,4,systems,74,89,B,3.0,current,1
STU0189,6,CSE 132B,Database Systems Applications,4,database,87,72,A,4.0,current,1
STU0189,6,CSE 150A,Introduction to Artificial Intelligence: Probabilistic Reasoning and Decision-Making,4,ai,77,96,B+,3.3,current,1
STU0189,6,CSE 151A,Introduction to Machine Learning,4,ai,86,89,A,4.0,current,1
STU0189,6,MATH 181A,Introduction to Mathematical Statistics I,4,math,87,88,A,4.0,current,1
STU0190,1,CSE 11,Introduction to Computer Science and Object-Oriented Programming: Java,4,core,79,100,B+,3.3,completed,1
STU0190,1,CSE 5A,Introduction to Programming I,4,core,69,82,B-,2.7,completed,1
STU0190,1,MATH 18,Linear Algebra,4,math,96,71,A+,4.0,completed,1
STU0190,1,MATH 20A,Calculus for Science and Engineering,4,math,98,93,A+,4.0,completed,1
STU0190,2,CSE 12,Basic Data Structures and Object-Oriented Design,4,core,82,84,A-,3.7,completed,1
STU0190,2,CSE 15L,Software Tools and Techniques Laboratory,2,lab,67,96,B-,2.7,completed,1
STU0190,2,CSE 20,Discrete Mathematics,4,math,74,86,B,3.0,completed,1
STU0190,2,CSE 21,Mathematics for Algorithms and Systems,4,core,98,97,A+,4.0,completed,1
STU0190,2,MATH 20B,Calculus for Science and Engineering,4,math,92,87,A+,4.0,completed,1
STU0190,3,CSE 100,Advanced Data Structures,4,core,80,81,A-,3.7,completed,1
STU0190,3,CSE 30,Computer Organization and Systems Programming,4,core,93,78,A+,4.0,completed,1
STU0190,3,MATH 154,Discrete Mathematics and Graph Theory,4,math,78,95,B+,3.3,completed,1
STU0190,3,MATH 20C,Calculus and Analytic Geometry for Science and Engineering,4,math,98,82,A+,4.0,completed,1
STU0190,4,CSE 101,Design and Analysis of Algorithms,4,core,75,95,B+,3.3,completed,1
STU0190,4,CSE 103,A Practical Introduction to Probability and Statistics,4,core,83,95,A-,3.7,completed,1
STU0190,4,CSE 110,Software Engineering,4,core,83,100,A-,3.7,completed,1
STU0190,4,DSC 40B,Theoretical Foundations of Data Science II,4,data,85,84,A,4.0,completed,1
STU0190,5,CSE 123,Computer Networks,4,networks,75,85,B+,3.3,current,1
STU0190,5,CSE 130,Programming Languages: Principles and Paradigms,4,systems,83,77,A-,3.7,current,1
STU0190,5,CSE 132A,Database System Principles,4,database,84,86,A-,3.7,current,1
STU0190,5,DSC 80,The Practice and Application of Data Science,4,data,63,82,C+,2.3,current,1
STU0190,5,ECE 109,Engineering Probability and Statistics,4,math,78,85,B+,3.3,current,1
STU0191,1,CSE 11,Introduction to Computer Science and Object-Oriented Programming: Java,4,core,72,91,B,3.0,completed,1
STU0191,1,CSE 5A,Introduction to Programming I,4,core,65,80,B-,2.7,completed,1
STU0191,1,MATH 18,Linear Algebra,4,math,76,76,B+,3.3,completed,1
STU0191,1,MATH 20A,Calculus for Science and Engineering,4,math,74,79,B,3.0,completed,1
STU0191,2,CSE 12,Basic Data Structures and Object-Oriented Design,4,core,88,86,A,4.0,completed,1
STU0191,2,CSE 15L,Software Tools and Techniques Laboratory,2,lab,95,91,A+,4.0,completed,1
STU0191,2,CSE 20,Discrete Mathematics,4,math,80,98,A-,3.7,completed,1
STU0191,2,CSE 21,Mathematics for Algorithms and Systems,4,core,85,100,A,4.0,completed,1
STU0191,2,MATH 20B,Calculus for Science and Engineering,4,math,80,85,A-,3.7,completed,1
STU0191,3,CSE 100,Advanced Data Structures,4,core,79,90,B+,3.3,completed,1
STU0191,3,CSE 30,Computer Organization and Systems Programming,4,core,85,88,A,4.0,completed,1
STU0191,3,MATH 154,Discrete Mathematics and Graph Theory,4,math,86,77,A,4.0,completed,1
STU0191,3,MATH 20C,Calculus and Analytic Geometry for Science and Engineering,4,math,81,79,A-,3.7,completed,1
STU0191,4,CSE 101,Design and Analysis of Algorithms,4,core,76,100,B+,3.3,current,1
STU0191,4,CSE 103,A Practical Introduction to Probability and Statistics,4,core,67,86,B-,2.7,current,1
STU0191,4,CSE 110,Software Engineering,4,core,82,79,A-,3.7,current,1
STU0191,4,DSC 40B,Theoretical Foundations of Data Science II,4,data,68,96,B-,2.7,current,1
STU0192,1,CSE 11,Introduction to Computer Science and Object-Oriented Programming: Java,4,core,80,86,A-,3.7,completed,1
STU0192,1,CSE 5A,Introduction to Programming I,4,core,77,90,B+,3.3,completed,1
STU0192,1,MATH 18,Linear Algebra,4,math,79,76,B+,3.3,completed,1
STU0192,1,MATH 20A,Calculus for Science and Engineering,4,math,82,93,A-,3.7,completed,1
STU0192,2,CSE 12,Basic Data Structures and Object-Oriented Design,4,core,62,67,C+,2.3,completed,1
STU0192,2,CSE 15L,Software Tools and Techniques Laboratory,2,lab,86,97,A,4.0,completed,1
STU0192,2,CSE 20,Discrete Mathematics,4,math,81,72,A-,3.7,completed,1
STU0192,2,CSE 21,Mathematics for Algorithms and Systems,4,core,67,84,B-,2.7,completed,1
STU0192,2,MATH 20B,Calculus for Science and Engineering,4,math,74,81,B,3.0,completed,1
STU0192,3,CSE 100,Advanced Data Structures,4,core,74,86,B,3.0,completed,1
STU0192,3,CSE 30,Computer Organization and Systems Programming,4,core,85,79,A,4.0,completed,1
STU0192,3,MATH 154,Discrete Mathematics and Graph Theory,4,math,77,73,B+,3.3,completed,1
STU0192,3,MATH 20C,Calculus and Analytic Geometry for Science and Engineering,4,math,68,81,B-,2.7,completed,1
STU0192,4,CSE 101,Design and Analysis of Algorithms,4,core,70,71,B,3.0,completed,1
STU0192,4,CSE 103,A Practical Introduction to Probability and Statistics,4,core,77,91,B+,3.3,completed,1
STU0192,4,CSE 110,Software Engineering,4,core,75,84,B+,3.3,completed,1
STU0192,4,DSC 40B,Theoretical Foundations of Data Science II,4,data,67,71,B-,2.7,completed,1
STU0192,5,CSE 123,Computer Networks,4,networks,68,85,B-,2.7,current,1
STU0192,5,CSE 132A,Database System Principles,4,database,54,73,C-,1.7,current,1
STU0192,5,DSC 80,The Practice and Application of Data Science,4,data,77,87,B+,3.3,current,1
STU0192,5,ECE 109,Engineering Probability and Statistics,4,math,62,83,C+,2.3,current,1
STU0192,5,MATH 183,Statistical Methods,4,math,81,81,A-,3.7,current,1
STU0193,1,CSE 11,Introduction to Computer Science and Object-Oriented Programming: Java,4,core,78,94,B+,3.3,completed,1
STU0193,1,CSE 5A,Introduction to Programming I,4,core,97,84,A+,4.0,completed,1
STU0193,1,MATH 18,Linear Algebra,4,math,89,67,A,4.0,completed,1
STU0193,1,MATH 20A,Calculus for Science and Engineering,4,math,89,90,A,4.0,completed,1
STU0193,2,CSE 12,Basic Data Structures and Object-Oriented Design,4,core,94,67,A+,4.0,completed,1
STU0193,2,CSE 15L,Software Tools and Techniques Laboratory,2,lab,85,81,A,4.0,completed,1
STU0193,2,CSE 20,Discrete Mathematics,4,math,82,84,A-,3.7,completed,1
STU0193,2,CSE 21,Mathematics for Algorithms and Systems,4,core,88,88,A,4.0,completed,1
STU0193,2,MATH 20B,Calculus for Science and Engineering,4,math,86,76,A,4.0,completed,1
STU0193,3,CSE 100,Advanced Data Structures,4,core,97,59,A+,4.0,current,1
STU0193,3,CSE 30,Computer Organization and Systems Programming,4,core,84,100,A-,3.7,current,1
STU0193,3,MATH 154,Discrete Mathematics and Graph Theory,4,math,84,74,A-,3.7,current,1
STU0193,3,MATH 20C,Calculus and Analytic Geometry for Science and Engineering,4,math,87,95,A,4.0,current,1
STU0194,1,CSE 11,Introduction to Computer Science and Object-Oriented Programming: Java,4,core,90,84,A+,4.0,completed,1
STU0194,1,CSE 5A,Introduction to Programming I,4,core,75,100,B+,3.3,completed,1
STU0194,1,MATH 18,Linear Algebra,4,math,66,79,B-,2.7,completed,1
STU0194,1,MATH 20A,Calculus for Science and Engineering,4,math,71,94,B,3.0,completed,1
STU0194,2,CSE 12,Basic Data Structures and Object-Oriented Design,4,core,74,65,B,3.0,completed,1
STU0194,2,CSE 15L,Software Tools and Techniques Laboratory,2,lab,75,88,B+,3.3,completed,1
STU0194,2,CSE 20,Discrete Mathematics,4,math,72,99,B,3.0,completed,1
STU0194,2,CSE 21,Mathematics for Algorithms and Systems,4,core,87,100,A,4.0,completed,1
STU0194,2,MATH 20B,Calculus for Science and Engineering,4,math,92,86,A+,4.0,completed,1
STU0194,3,CSE 100,Advanced Data Structures,4,core,86,81,A,4.0,completed,1
STU0194,3,CSE 30,Computer Organization and Systems Programming,4,core,76,82,B+,3.3,completed,1
STU0194,3,MATH 154,Discrete Mathematics and Graph Theory,4,math,76,73,B+,3.3,completed,1
STU0194,3,MATH 20C,Calculus and Analytic Geometry for Science and Engineering,4,math,76,78,B+,3.3,completed,1
STU0194,4,CSE 101,Design and Analysis of Algorithms,4,core,82,85,A-,3.7,current,1
STU0194,4,CSE 103,A Practical Introduction to Probability and Statistics,4,core,68,70,B-,2.7,current,1
STU0194,4,CSE 110,Software Engineering,4,core,75,80,B+,3.3,current,1
STU0194,4,DSC 40B,Theoretical Foundations of Data Science II,4,data,83,97,A-,3.7,current,1
STU0195,1,CSE 11,Introduction to Computer Science and Object-Oriented Programming: Java,4,core,80,89,A-,3.7,completed,1
STU0195,1,CSE 5A,Introduction to Programming I,4,core,91,74,A+,4.0,completed,1
STU0195,1,MATH 18,Linear Algebra,4,math,92,100,A+,4.0,completed,1
STU0195,1,MATH 20A,Calculus for Science and Engineering,4,math,69,84,B-,2.7,completed,1
STU0195,2,CSE 12,Basic Data Structures and Object-Oriented Design,4,core,84,80,A-,3.7,completed,1
STU0195,2,CSE 15L,Software Tools and Techniques Laboratory,2,lab,82,77,A-,3.7,completed,1
STU0195,2,CSE 20,Discrete Mathematics,4,math,83,86,A-,3.7,completed,1
STU0195,2,CSE 21,Mathematics for Algorithms and Systems,4,core,64,81,C+,2.3,completed,1
STU0195,2,MATH 20B,Calculus for Science and Engineering,4,math,86,87,A,4.0,completed,1
STU0195,3,CSE 100,Advanced Data Structures,4,core,80,85,A-,3.7,completed,1
STU0195,3,CSE 30,Computer Organization and Systems Programming,4,core,96,85,A+,4.0,completed,1
STU0195,3,MATH 154,Discrete Mathematics and Graph Theory,4,math,77,85,B+,3.3,completed,1
STU0195,3,MATH 20C,Calculus and Analytic Geometry for Science and Engineering,4,math,84,89,A-,3.7,completed,1
STU0195,4,CSE 101,Design and Analysis of Algorithms,4,core,82,80,A-,3.7,current,1
STU0195,4,CSE 103,A Practical Introduction to Probability and Statistics,4,core,78,80,B+,3.3,current,1
STU0195,4,CSE 110,Software Engineering,4,core,79,77,B+,3.3,current,1
STU0195,4,DSC 40B,Theoretical Foundations of Data Science II,4,data,81,89,A-,3.7,current,1
STU0196,1,CSE 11,Introduction to Computer Science and Object-Oriented Programming: Java,4,core,88,83,A,4.0,completed,1
STU0196,1,CSE 5A,Introduction to Programming I,4,core,72,82,B,3.0,completed,1
STU0196,1,MATH 18,Linear Algebra,4,math,75,79,B+,3.3,completed,1
STU0196,1,MATH 20A,Calculus for Science and Engineering,4,math,58,85,C,2.0,completed,1
STU0196,2,CSE 12,Basic Data Structures and Object-Oriented Design,4,core,74,67,B,3.0,completed,1
STU0196,2,CSE 15L,Software Tools and Techniques Laboratory,2,lab,90,81,A+,4.0,completed,1
STU0196,2,CSE 20,Discrete Mathematics,4,math,80,78,A-,3.7,completed,1
STU0196,2,CSE 21,Mathematics for Algorithms and Systems,4,core,72,73,B,3.0,completed,1
STU0196,2,MATH 20B,Calculus for Science and Engineering,4,math,86,72,A,4.0,completed,1
STU0196,3,CSE 100,Advanced Data Structures,4,core,78,92,B+,3.3,completed,1
STU0196,3,CSE 30,Computer Organization and Systems Programming,4,core,81,76,A-,3.7,completed,1
STU0196,3,MATH 154,Discrete Mathematics and Graph Theory,4,math,73,84,B,3.0,completed,1
STU0196,3,MATH 20C,Calculus and Analytic Geometry for Science and Engineering,4,math,74,74,B,3.0,completed,1
STU0196,4,CSE 101,Design and Analysis of Algorithms,4,core,70,74,B,3.0,completed,1
STU0196,4,CSE 103,A Practical Introduction to Probability and Statistics,4,core,64,83,C+,2.3,completed,1
STU0196,4,CSE 110,Software Engineering,4,core,81,79,A-,3.7,completed,1
STU0196,4,DSC 40B,Theoretical Foundations of Data Science II,4,data,68,95,B-,2.7,completed,1
STU0196,5,CSE 123,Computer Networks,4,networks,86,100,A,4.0,current,1
STU0196,5,CSE 130,Programming Languages: Principles and Paradigms,4,systems,82,95,A-,3.7,current,1
STU0196,5,CSE 132A,Database System Principles,4,database,77,88,B+,3.3,current,1
STU0196,5,DSC 80,The Practice and Application of Data Science,4,data,82,76,A-,3.7,current,1
STU0196,5,MATH 183,Statistical Methods,4,math,81,74,A-,3.7,current,1
STU0197,1,CSE 11,Introduction to Computer Science and Object-Oriented Programming: Java,4,core,75,95,B+,3.3,completed,1
STU0197,1,CSE 5A,Introduction to Programming I,4,core,61,77,C+,2.3,completed,1
STU0197,1,MATH 18,Linear Algebra,4,math,70,75,B,3.0,completed,1
STU0197,1,MATH 20A,Calculus for Science and Engineering,4,math,76,82,B+,3.3,completed,1
STU0197,2,CSE 12,Basic Data Structures and Object-Oriented Design,4,core,69,84,B-,2.7,completed,1
STU0197,2,CSE 15L,Software Tools and Techniques Laboratory,2,lab,71,79,B,3.0,completed,1
STU0197,2,CSE 20,Discrete Mathematics,4,math,78,93,B+,3.3,completed,1
STU0197,2,CSE 21,Mathematics for Algorithms and Systems,4,core,74,83,B,3.0,completed,1
STU0197,2,MATH 20B,Calculus for Science and Engineering,4,math,73,74,B,3.0,completed,1
STU0197,3,CSE 100,Advanced Data Structures,4,core,69,76,B-,2.7,completed,1
STU0197,3,CSE 30,Computer Organization and Systems Programming,4,core,76,79,B+,3.3,completed,1
STU0197,3,MATH 154,Discrete Mathematics and Graph Theory,4,math,77,65,B+,3.3,completed,1
STU0197,3,MATH 20C,Calculus and Analytic Geometry for Science and Engineering,4,math,79,78,B+,3.3,completed,1
STU0197,4,CSE 101,Design and Analysis of Algorithms,4,core,88,75,A,4.0,completed,1
STU0197,4,CSE 103,A Practical Introduction to Probability and Statistics,4,core,74,92,B,3.0,completed,1
STU0197,4,CSE 110,Software Engineering,4,core,73,79,B,3.0,completed,1
STU0197,4,DSC 40B,Theoretical Foundations of Data Science II,4,data,85,84,A,4.0,completed,1
STU0197,5,CSE 120,Principles of Computer Operating Systems,4,systems,70,86,B,3.0,current,1
STU0197,5,CSE 123,Computer Networks,4,networks,70,82,B,3.0,current,1
STU0197,5,CSE 132A,Database System Principles,4,database,86,77,A,4.0,current,1
STU0197,5,DSC 80,The Practice and Application of Data Science,4,data,71,89,B,3.0,current,1
STU0197,5,MATH 183,Statistical Methods,4,math,89,79,A,4.0,current,1
STU0198,1,CSE 11,Introduction to Computer Science and Object-Oriented Programming: Java,4,core,76,75,B+,3.3,completed,1
STU0198,1,CSE 5A,Introduction to Programming I,4,core,78,81,B+,3.3,completed,1
STU0198,1,MATH 18,Linear Algebra,4,math,69,92,B-,2.7,completed,1
STU0198,1,MATH 20A,Calculus for Science and Engineering,4,math,80,80,A-,3.7,completed,1
STU0198,2,CSE 12,Basic Data Structures and Object-Oriented Design,4,core,89,66,A,4.0,completed,1
STU0198,2,CSE 15L,Software Tools and Techniques Laboratory,2,lab,89,75,A,4.0,completed,1
STU0198,2,CSE 20,Discrete Mathematics,4,math,94,81,A+,4.0,completed,1
STU0198,2,CSE 21,Mathematics for Algorithms and Systems,4,core,79,78,B+,3.3,completed,1
STU0198,2,MATH 20B,Calculus for Science and Engineering,4,math,69,95,B-,2.7,completed,1
STU0198,3,CSE 100,Advanced Data Structures,4,core,56,80,C,2.0,current,1
STU0198,3,CSE 30,Computer Organization and Systems Programming,4,core,81,76,A-,3.7,current,1
STU0198,3,MATH 154,Discrete Mathematics and Graph Theory,4,math,93,64,A+,4.0,current,1
STU0198,3,MATH 20C,Calculus and Analytic Geometry for Science and Engineering,4,math,80,83,A-,3.7,current,1
STU0199,1,CSE 11,Introduction to Computer Science and Object-Oriented Programming: Java,4,core,85,83,A,4.0,completed,1
STU0199,1,CSE 5A,Introduction to Programming I,4,core,91,84,A+,4.0,completed,1
STU0199,1,MATH 18,Linear Algebra,4,math,96,79,A+,4.0,completed,1
STU0199,1,MATH 20A,Calculus for Science and Engineering,4,math,80,84,A-,3.7,completed,1
STU0199,2,CSE 12,Basic Data Structures and Object-Oriented Design,4,core,92,72,A+,4.0,completed,1
STU0199,2,CSE 15L,Software Tools and Techniques Laboratory,2,lab,78,79,B+,3.3,completed,1
STU0199,2,CSE 20,Discrete Mathematics,4,math,71,75,B,3.0,completed,1
STU0199,2,CSE 21,Mathematics for Algorithms and Systems,4,core,78,94,B+,3.3,completed,1
STU0199,2,MATH 20B,Calculus for Science and Engineering,4,math,80,94,A-,3.7,completed,1
STU0199,3,CSE 100,Advanced Data Structures,4,core,90,83,A+,4.0,current,1
STU0199,3,CSE 30,Computer Organization and Systems Programming,4,core,88,79,A,4.0,current,1
STU0199,3,MATH 154,Discrete Mathematics and Graph Theory,4,math,75,74,B+,3.3,current,1
STU0199,3,MATH 20C,Calculus and Analytic Geometry for Science and Engineering,4,math,77,82,B+,3.3,current,1
STU0200,1,CSE 11,Introduction to Computer Science and Object-Oriented Programming: Java,4,core,88,88,A,4.0,completed,1
STU0200,1,CSE 5A,Introduction to Programming I,4,core,84,84,A-,3.7,completed,1
STU0200,1,MATH 18,Linear Algebra,4,math,89,73,A,4.0,completed,1
STU0200,1,MATH 20A,Calculus for Science and Engineering,4,math,84,90,A-,3.7,completed,1
STU0200,2,CSE 12,Basic Data Structures and Object-Oriented Design,4,core,79,97,B+,3.3,completed,1
STU0200,2,CSE 15L,Software Tools and Techniques Laboratory,2,lab,76,73,B+,3.3,completed,1
STU0200,2,CSE 20,Discrete Mathematics,4,math,84,90,A-,3.7,completed,1
STU0200,2,CSE 21,Mathematics for Algorithms and Systems,4,core,89,73,A,4.0,completed,1
STU0200,2,MATH 20B,Calculus for Science and Engineering,4,math,65,94,B-,2.7,completed,1
STU0200,3,CSE 100,Advanced Data Structures,4,core,78,87,B+,3.3,completed,1
STU0200,3,CSE 30,Computer Organization and Systems Programming,4,core,71,88,B,3.0,completed,1
STU0200,3,MATH 154,Discrete Mathematics and Graph Theory,4,math,72,83,B,3.0,completed,1
STU0200,3,MATH 20C,Calculus and Analytic Geometry for Science and Engineering,4,math,78,73,B+,3.3,completed,1
STU0200,4,CSE 101,Design and Analysis of Algorithms,4,core,87,82,A,4.0,completed,1
STU0200,4,CSE 103,A Practical Introduction to Probability and Statistics,4,core,84,89,A-,3.7,completed,1
STU0200,4,CSE 110,Software Engineering,4,core,84,88,A-,3.7,completed,1
STU0200,4,DSC 40B,Theoretical Foundations of Data Science II,4,data,60,91,C+,2.3,completed,1
STU0200,5,CSE 120,Principles of Computer Operating Systems,4,systems,77,80,B+,3.3,current,1
STU0200,5,CSE 123,Computer Networks,4,networks,90,94,A+,4.0,current,1
STU0200,5,CSE 132A,Database System Principles,4,database,77,77,B+,3.3,current,1
STU0200,5,DSC 80,The Practice and Application of Data Science,4,data,74,90,B,3.0,current,1
STU0200,5,ECE 109,Engineering Probability and Statistics,4,math,89,93,A,4.0,current,1
STU0201,1,CSE 11,Introduction to Computer Science and Object-Oriented Programming: Java,4,core,74,68,B,3.0,completed,1
STU0201,1,CSE 5A,Introduction to Programming I,4,core,72,71,B,3.0,completed,1
STU0201,1,MATH 18,Linear Algebra,4,math,78,68,B+,3.3,completed,1
STU0201,1,MATH 20A,Calculus for Science and Engineering,4,math,87,77,A,4.0,completed,1
STU0201,2,CSE 12,Basic Data Structures and Object-Oriented Design,4,core,76,81,B+,3.3,completed,1
STU0201,2,CSE 15L,Software Tools and Techniques Laboratory,2,lab,81,96,A-,3.7,completed,1
STU0201,2,CSE 20,Discrete Mathematics,4,math,79,84,B+,3.3,completed,1
STU0201,2,CSE 21,Mathematics for Algorithms and Systems,4,core,86,70,A,4.0,completed,1
STU0201,2,MATH 20B,Calculus for Science and Engineering,4,math,86,85,A,4.0,completed,1
STU0201,3,CSE 100,Advanced Data Structures,4,core,80,74,A-,3.7,completed,1
STU0201,3,CSE 30,Computer Organization and Systems Programming,4,core,74,75,B,3.0,completed,1
STU0201,3,MATH 154,Discrete Mathematics and Graph Theory,4,math,79,95,B+,3.3,completed,1
STU0201,3,MATH 20C,Calculus and Analytic Geometry for Science and Engineering,4,math,82,78,A-,3.7,completed,1
STU0201,4,CSE 101,Design and Analysis of Algorithms,4,core,93,84,A+,4.0,current,1
STU0201,4,CSE 103,A Practical Introduction to Probability and Statistics,4,core,65,81,B-,2.7,current,1
STU0201,4,CSE 110,Software Engineering,4,core,82,65,A-,3.7,current,1
STU0201,4,DSC 40B,Theoretical Foundations of Data Science II,4,data,84,85,A-,3.7,current,1
STU0202,1,CSE 11,Introduction to Computer Science and Object-Oriented Programming: Java,4,core,79,92,B+,3.3,completed,1
STU0202,1,CSE 5A,Introduction to Programming I,4,core,75,79,B+,3.3,completed,1
STU0202,1,MATH 18,Linear Algebra,4,math,74,87,B,3.0,completed,1
STU0202,1,MATH 20A,Calculus for Science and Engineering,4,math,69,90,B-,2.7,completed,1
STU0202,2,CSE 12,Basic Data Structures and Object-Oriented Design,4,core,94,72,A+,4.0,completed,1
STU0202,2,CSE 15L,Software Tools and Techniques Laboratory,2,lab,85,100,A,4.0,completed,1
STU0202,2,CSE 20,Discrete Mathematics,4,math,82,86,A-,3.7,completed,1
STU0202,2,CSE 21,Mathematics for Algorithms and Systems,4,core,86,72,A,4.0,completed,1
STU0202,2,MATH 20B,Calculus for Science and Engineering,4,math,69,78,B-,2.7,completed,1
STU0202,3,CSE 100,Advanced Data Structures,4,core,71,74,B,3.0,completed,1
STU0202,3,CSE 30,Computer Organization and Systems Programming,4,core,98,76,A+,4.0,completed,1
STU0202,3,MATH 154,Discrete Mathematics and Graph Theory,4,math,73,83,B,3.0,completed,1
STU0202,3,MATH 20C,Calculus and Analytic Geometry for Science and Engineering,4,math,69,77,B-,2.7,completed,1
STU0202,4,CSE 101,Design and Analysis of Algorithms,4,core,72,81,B,3.0,completed,1
STU0202,4,CSE 103,A Practical Introduction to Probability and Statistics,4,core,86,84,A,4.0,completed,1
STU0202,4,CSE 110,Software Engineering,4,core,73,87,B,3.0,completed,1
STU0202,4,DSC 40B,Theoretical Foundations of Data Science II,4,data,98,89,A+,4.0,completed,1
STU0202,5,CSE 120,Principles of Computer Operating Systems,4,systems,88,80,A,4.0,completed,1
STU0202,5,CSE 130,Programming Languages: Principles and Paradigms,4,systems,81,91,A-,3.7,completed,1
STU0202,5,CSE 132A,Database System Principles,4,database,72,83,B,3.0,completed,1
STU0202,5,DSC 80,The Practice and Application of Data Science,4,data,80,91,A-,3.7,completed,1
STU0202,5,MATH 183,Statistical Methods,4,math,83,83,A-,3.7,completed,1
STU0202,6,CSE 132B,Database Systems Applications,4,database,74,89,B,3.0,current,1
STU0202,6,CSE 150A,Introduction to Artificial Intelligence: Probabilistic Reasoning and Decision-Making,4,ai,81,81,A-,3.7,current,1
STU0202,6,CSE 150B,Introduction to Artificial Intelligence: Search and Reasoning,4,ai,62,84,C+,2.3,current,1
STU0202,6,CSE 151A,Introduction to Machine Learning,4,ai,83,79,A-,3.7,current,1
STU0202,6,MATH 181A,Introduction to Mathematical Statistics I,4,math,80,100,A-,3.7,current,1
STU0203,1,CSE 11,Introduction to Computer Science and Object-Oriented Programming: Java,4,core,77,85,B+,3.3,completed,1
STU0203,1,CSE 5A,Introduction to Programming I,4,core,78,91,B+,3.3,completed,1
STU0203,1,MATH 18,Linear Algebra,4,math,72,71,B,3.0,completed,1
STU0203,1,MATH 20A,Calculus for Science and Engineering,4,math,95,89,A+,4.0,completed,1
STU0203,2,CSE 12,Basic Data Structures and Object-Oriented Design,4,core,78,89,B+,3.3,completed,1
STU0203,2,CSE 15L,Software Tools and Techniques Laboratory,2,lab,78,91,B+,3.3,completed,1
STU0203,2,CSE 20,Discrete Mathematics,4,math,77,83,B+,3.3,completed,1
STU0203,2,CSE 21,Mathematics for Algorithms and Systems,4,core,65,99,B-,2.7,completed,1
STU0203,2,MATH 20B,Calculus for Science and Engineering,4,math,70,91,B,3.0,completed,1
STU0203,3,CSE 100,Advanced Data Structures,4,core,95,85,A+,4.0,completed,1
STU0203,3,CSE 30,Computer Organization and Systems Programming,4,core,92,87,A+,4.0,completed,1
STU0203,3,MATH 154,Discrete Mathematics and Graph Theory,4,math,84,94,A-,3.7,completed,1
STU0203,3,MATH 20C,Calculus and Analytic Geometry for Science and Engineering,4,math,78,86,B+,3.3,completed,1
STU0203,4,CSE 101,Design and Analysis of Algorithms,4,core,75,86,B+,3.3,completed,1
STU0203,4,CSE 103,A Practical Introduction to Probability and Statistics,4,core,89,88,A,4.0,completed,1
STU0203,4,CSE 110,Software Engineering,4,core,84,84,A-,3.7,completed,1
STU0203,4,DSC 40B,Theoretical Foundations of Data Science II,4,data,83,92,A-,3.7,completed,1
STU0203,5,CSE 120,Principles of Computer Operating Systems,4,systems,86,85,A,4.0,completed,1
STU0203,5,CSE 123,Computer Networks,4,networks,74,89,B,3.0,completed,1
STU0203,5,CSE 130,Programming Languages: Principles and Paradigms,4,systems,98,92,A+,4.0,completed,1
STU0203,5,CSE 132A,Database System Principles,4,database,75,77,B+,3.3,completed,1
STU0203,5,MATH 183,Statistical Methods,4,math,84,78,A-,3.7,completed,1
STU0203,6,CSE 105,Theory of Computability,4,systems,67,85,B-,2.7,completed,1
STU0203,6,CSE 132B,Database Systems Applications,4,database,82,82,A-,3.7,completed,1
STU0203,6,CSE 150A,Introduction to Artificial Intelligence: Probabilistic Reasoning and Decision-Making,4,ai,81,82,A-,3.7,completed,1
STU0203,6,CSE 150B,Introduction to Artificial Intelligence: Search and Reasoning,4,ai,69,82,B-,2.7,completed,1
STU0203,6,CSE 151A,Introduction to Machine Learning,4,ai,80,86,A-,3.7,completed,1
STU0203,7,CSE 127,Introduction to Computer Security,4,security,76,92,B+,3.3,current,1
STU0203,7,CSE 131,Compiler Construction,4,systems,97,79,A+,4.0,current,1
STU0203,7,CSE 152,Introduction to Computer Vision,4,ai,98,96,A+,4.0,current,1
STU0203,7,CSE 158,Recommender Systems and Web Mining,4,ai,78,83,B+,3.3,current,1
STU0203,7,MATH 188,Algebraic Combinatorics,4,math,93,74,A+,4.0,current,1
STU0204,1,CSE 11,Introduction to Computer Science and Object-Oriented Programming: Java,4,core,73,84,B,3.0,completed,1
STU0204,1,CSE 5A,Introduction to Programming I,4,core,77,76,B+,3.3,completed,1
STU0204,1,MATH 18,Linear Algebra,4,math,67,84,B-,2.7,completed,1
STU0204,1,MATH 20A,Calculus for Science and Engineering,4,math,79,70,B+,3.3,completed,1
STU0204,2,CSE 12,Basic Data Structures and Object-Oriented Design,4,core,69,81,B-,2.7,completed,1
STU0204,2,CSE 15L,Software Tools and Techniques Laboratory,2,lab,84,82,A-,3.7,completed,1
STU0204,2,CSE 20,Discrete Mathematics,4,math,81,75,A-,3.7,completed,1
STU0204,2,CSE 21,Mathematics for Algorithms and Systems,4,core,91,76,A+,4.0,completed,1
STU0204,2,MATH 20B,Calculus for Science and Engineering,4,math,78,79,B+,3.3,completed,1
STU0204,3,CSE 100,Advanced Data Structures,4,core,84,76,A-,3.7,current,1
STU0204,3,CSE 30,Computer Organization and Systems Programming,4,core,81,94,A-,3.7,current,1
STU0204,3,MATH 154,Discrete Mathematics and Graph Theory,4,math,92,83,A+,4.0,current,1
STU0204,3,MATH 20C,Calculus and Analytic Geometry for Science and Engineering,4,math,93,67,A+,4.0,current,1
STU0205,1,CSE 11,Introduction to Computer Science and Object-Oriented Programming: Java,4,core,70,84,B,3.0,completed,1
STU0205,1,CSE 5A,Introduction to Programming I,4,core,82,85,A-,3.7,completed,1
STU0205,1,MATH 18,Linear Algebra,4,math,94,86,A+,4.0,completed,1
STU0205,1,MATH 20A,Calculus for Science and Engineering,4,math,85,78,A,4.0,completed,1
STU0205,2,CSE 12,Basic Data Structures and Object-Oriented Design,4,core,91,89,A+,4.0,completed,1
STU0205,2,CSE 15L,Software Tools and Techniques Laboratory,2,lab,81,89,A-,3.7,completed,1
STU0205,2,CSE 20,Discrete Mathematics,4,math,92,86,A+,4.0,completed,1
STU0205,2,CSE 21,Mathematics for Algorithms and Systems,4,core,87,78,A,4.0,completed,1
STU0205,2,MATH 20B,Calculus for Science and Engineering,4,math,85,93,A,4.0,completed,1
STU0205,3,CSE 100,Advanced Data Structures,4,core,85,100,A,4.0,completed,1
STU0205,3,CSE 30,Computer Organization and Systems Programming,4,core,98,90,A+,4.0,completed,1
STU0205,3,MATH 154,Discrete Mathematics and Graph Theory,4,math,79,86,B+,3.3,completed,1
STU0205,3,MATH 20C,Calculus and Analytic Geometry for Science and Engineering,4,math,93,79,A+,4.0,completed,1
STU0205,4,CSE 101,Design and Analysis of Algorithms,4,core,83,79,A-,3.7,current,1
STU0205,4,CSE 103,A Practical Introduction to Probability and Statistics,4,core,85,100,A,4.0,current,1
STU0205,4,CSE 110,Software Engineering,4,core,86,86,A,4.0,current,1
STU0205,4,DSC 40B,Theoretical Foundations of Data Science II,4,data,80,100,A-,3.7,current,1
STU0206,1,CSE 11,Introduction to Computer Science and Object-Oriented Programming: Java,4,core,66,74,B-,2.7,completed,1
STU0206,1,CSE 5A,Introduction to Programming I,4,core,81,96,A-,3.7,completed,1
STU0206,1,MATH 18,Linear Algebra,4,math,77,88,B+,3.3,completed,1
STU0206,1,MATH 20A,Calculus for Science and Engineering,4,math,79,97,B+,3.3,completed,1
STU0206,2,CSE 12,Basic Data Structures and Object-Oriented Design,4,core,67,91,B-,2.7,completed,1
STU0206,2,CSE 15L,Software Tools and Techniques Laboratory,2,lab,79,93,B+,3.3,completed,1
STU0206,2,CSE 20,Discrete Mathematics,4,math,69,79,B-,2.7,completed,1
STU0206,2,CSE 21,Mathematics for Algorithms and Systems,4,core,73,85,B,3.0,completed,1
STU0206,2,MATH 20B,Calculus for Science and Engineering,4,math,80,76,A-,3.7,completed,1
STU0206,3,CSE 100,Advanced Data Structures,4,core,87,84,A,4.0,completed,1
STU0206,3,CSE 30,Computer Organization and Systems Programming,4,core,78,94,B+,3.3,completed,1
STU0206,3,MATH 154,Discrete Mathematics and Graph Theory,4,math,78,68,B+,3.3,completed,1
STU0206,3,MATH 20C,Calculus and Analytic Geometry for Science and Engineering,4,math,82,78,A-,3.7,completed,1
STU0206,4,CSE 101,Design and Analysis of Algorithms,4,core,95,100,A+,4.0,completed,1
STU0206,4,CSE 103,A Practical Introduction to Probability and Statistics,4,core,83,77,A-,3.7,completed,1
STU0206,4,CSE 110,Software Engineering,4,core,82,100,A-,3.7,completed,1
STU0206,4,DSC 40B,Theoretical Foundations of Data Science II,4,data,75,73,B+,3.3,completed,1
STU0206,5,CSE 120,Principles of Computer Operating Systems,4,systems,92,85,A+,4.0,current,1
STU0206,5,CSE 123,Computer Networks,4,networks,64,75,C+,2.3,current,1
STU0206,5,CSE 130,Programming Languages: Principles and Paradigms,4,systems,97,100,A+,4.0,current,1
STU0206,5,DSC 80,The Practice and Application of Data Science,4,data,81,85,A-,3.7,current,1
STU0206,5,MATH 183,Statistical Methods,4,math,90,80,A+,4.0,current,1
STU0207,1,CSE 11,Introduction to Computer Science and Object-Oriented Programming: Java,4,core,72,99,B,3.0,completed,1
STU0207,1,CSE 5A,Introduction to Programming I,4,core,70,80,B,3.0,completed,1
STU0207,1,MATH 18,Linear Algebra,4,math,90,96,A+,4.0,completed,1
STU0207,1,MATH 20A,Calculus for Science and Engineering,4,math,75,69,B+,3.3,completed,1
STU0207,2,CSE 12,Basic Data Structures and Object-Oriented Design,4,core,70,82,B,3.0,completed,1
STU0207,2,CSE 15L,Software Tools and Techniques Laboratory,2,lab,79,80,B+,3.3,completed,1
STU0207,2,CSE 20,Discrete Mathematics,4,math,75,75,B+,3.3,completed,1
STU0207,2,CSE 21,Mathematics for Algorithms and Systems,4,core,62,78,C+,2.3,completed,1
STU0207,2,MATH 20B,Calculus for Science and Engineering,4,math,85,82,A,4.0,completed,1
STU0207,3,CSE 100,Advanced Data Structures,4,core,72,80,B,3.0,completed,1
STU0207,3,CSE 30,Computer Organization and Systems Programming,4,core,79,86,B+,3.3,completed,1
STU0207,3,MATH 154,Discrete Mathematics and Graph Theory,4,math,68,90,B-,2.7,completed,1
STU0207,3,MATH 20C,Calculus and Analytic Geometry for Science and Engineering,4,math,73,96,B,3.0,completed,1
STU0207,4,CSE 101,Design and Analysis of Algorithms,4,core,81,88,A-,3.7,completed,1
STU0207,4,CSE 103,A Practical Introduction to Probability and Statistics,4,core,78,79,B+,3.3,completed,1
STU0207,4,CSE 110,Software Engineering,4,core,98,86,A+,4.0,completed,1
STU0207,4,DSC 40B,Theoretical Foundations of Data Science II,4,data,61,94,C+,2.3,completed,1
STU0207,5,CSE 130,Programming Languages: Principles and Paradigms,4,systems,89,83,A,4.0,completed,1
STU0207,5,CSE 132A,Database System Principles,4,database,84,93,A-,3.7,completed,1
STU0207,5,DSC 80,The Practice and Application of Data Science,4,data,98,80,A+,4.0,completed,1
STU0207,5,ECE 109,Engineering Probability and Statistics,4,math,64,71,C+,2.3,completed,1
STU0207,5,MATH 183,Statistical Methods,4,math,86,84,A,4.0,completed,1
STU0207,6,CSE 105,Theory of Computability,4,systems,90,77,A+,4.0,completed,1
STU0207,6,CSE 132B,Database Systems Applications,4,database,98,97,A+,4.0,completed,1
STU0207,6,CSE 150A,Introduction to Artificial Intelligence: Probabilistic Reasoning and Decision-Making,4,ai,75,72,B+,3.3,completed,1
STU0207,6,CSE 151A,Introduction to Machine Learning,4,ai,79,80,B+,3.3,completed,1
STU0207,6,MATH 181A,Introduction to Mathematical Statistics I,4,math,65,69,B-,2.7,completed,1
STU0207,7,CSE 131,Compiler Construction,4,systems,83,86,A-,3.7,current,1
STU0207,7,CSE 151B,Deep Learning,4,ai,82,78,A-,3.7,current,1
STU0207,7,CSE 152,Introduction to Computer Vision,4,ai,72,73,B,3.0,current,1
STU0207,7,CSE 158,Recommender Systems and Web Mining,4,ai,77,87,B+,3.3,current,1
STU0207,7,MATH 188,Algebraic Combinatorics,4,math,64,82,C+,2.3,current,1
STU0208,1,CSE 11,Introduction to Computer Science and Object-Oriented Programming: Java,4,core,76,92,B+,3.3,completed,1
STU0208,1,CSE 5A,Introduction to Programming I,4,core,78,84,B+,3.3,completed,1
STU0208,1,MATH 18,Linear Algebra,4,math,78,86,B+,3.3,completed,1
STU0208,1,MATH 20A,Calculus for Science and Engineering,4,math,77,85,B+,3.3,completed,1
STU0208,2,CSE 12,Basic Data Structures and Object-Oriented Design,4,core,72,90,B,3.0,completed,1
STU0208,2,CSE 15L,Software Tools and Techniques Laboratory,2,lab,84,71,A-,3.7,completed,1
STU0208,2,CSE 20,Discrete Mathematics,4,math,86,96,A,4.0,completed,1
STU0208,2,CSE 21,Mathematics for Algorithms and Systems,4,core,92,84,A+,4.0,completed,1
STU0208,2,MATH 20B,Calculus for Science and Engineering,4,math,84,93,A-,3.7,completed,1
STU0208,3,CSE 100,Advanced Data Structures,4,core,89,82,A,4.0,current,1
STU0208,3,CSE 30,Computer Organization and Systems Programming,4,core,86,97,A,4.0,current,1
STU0208,3,MATH 154,Discrete Mathematics and Graph Theory,4,math,84,90,A-,3.7,current,1
STU0208,3,MATH 20C,Calculus and Analytic Geometry for Science and Engineering,4,math,80,95,A-,3.7,current,1
STU0209,1,CSE 11,Introduction to Computer Science and Object-Oriented Programming: Java,4,core,96,88,A+,4.0,completed,1
STU0209,1,CSE 5A,Introduction to Programming I,4,core,93,86,A+,4.0,completed,1
STU0209,1,MATH 18,Linear Algebra,4,math,79,100,B+,3.3,completed,1
STU0209,1,MATH 20A,Calculus for Science and Engineering,4,math,79,70,B+,3.3,completed,1
STU0209,2,CSE 12,Basic Data Structures and Object-Oriented Design,4,core,69,75,B-,2.7,completed,1
STU0209,2,CSE 15L,Software Tools and Techniques Laboratory,2,lab,72,95,B,3.0,completed,1
STU0209,2,CSE 20,Discrete Mathematics,4,math,70,84,B,3.0,completed,1
STU0209,2,CSE 21,Mathematics for Algorithms and Systems,4,core,94,86,A+,4.0,completed,1
STU0209,2,MATH 20B,Calculus for Science and Engineering,4,math,77,98,B+,3.3,completed,1
STU0209,3,CSE 100,Advanced Data Structures,4,core,80,81,A-,3.7,current,1
STU0209,3,CSE 30,Computer Organization and Systems Programming,4,core,92,100,A+,4.0,current,1
STU0209,3,MATH 154,Discrete Mathematics and Graph Theory,4,math,74,77,B,3.0,current,1
STU0209,3,MATH 20C,Calculus and Analytic Geometry for Science and Engineering,4,math,83,76,A-,3.7,current,1
STU0210,1,CSE 11,Introduction to Computer Science and Object-Oriented Programming: Java,4,core,75,80,B+,3.3,completed,1
STU0210,1,CSE 5A,Introduction to Programming I,4,core,78,88,B+,3.3,completed,1
STU0210,1,MATH 18,Linear Algebra,4,math,61,97,C+,2.3,completed,1
STU0210,1,MATH 20A,Calculus for Science and Engineering,4,math,73,90,B,3.0,completed,1
STU0210,2,CSE 12,Basic Data Structures and Object-Oriented Design,4,core,84,76,A-,3.7,completed,1
STU0210,2,CSE 15L,Software Tools and Techniques Laboratory,2,lab,69,73,B-,2.7,completed,1
STU0210,2,CSE 20,Discrete Mathematics,4,math,56,79,C,2.0,completed,1
STU0210,2,CSE 21,Mathematics for Algorithms and Systems,4,core,75,89,B+,3.3,completed,1
STU0210,2,MATH 20B,Calculus for Science and Engineering,4,math,72,88,B,3.0,completed,1
STU0210,3,CSE 100,Advanced Data Structures,4,core,86,77,A,4.0,completed,1
STU0210,3,CSE 30,Computer Organization and Systems Programming,4,core,50,74,C-,1.7,completed,1
STU0210,3,MATH 154,Discrete Mathematics and Graph Theory,4,math,70,77,B,3.0,completed,1
STU0210,3,MATH 20C,Calculus and Analytic Geometry for Science and Engineering,4,math,87,81,A,4.0,completed,1
STU0210,4,CSE 101,Design and Analysis of Algorithms,4,core,62,93,C+,2.3,current,1
STU0210,4,CSE 103,A Practical Introduction to Probability and Statistics,4,core,73,62,B,3.0,current,1
STU0210,4,CSE 110,Software Engineering,4,core,83,71,A-,3.7,current,1
STU0210,4,DSC 40B,Theoretical Foundations of Data Science II,4,data,71,82,B,3.0,current,1
STU0211,1,CSE 11,Introduction to Computer Science and Object-Oriented Programming: Java,4,core,69,79,B-,2.7,completed,1
STU0211,1,CSE 5A,Introduction to Programming I,4,core,74,66,B,3.0,completed,1
STU0211,1,MATH 18,Linear Algebra,4,math,44,90,D,1.0,completed,1
STU0211,1,MATH 20A,Calculus for Science and Engineering,4,math,69,74,B-,2.7,completed,1
STU0211,2,CSE 12,Basic Data Structures and Object-Oriented Design,4,core,75,76,B+,3.3,completed,1
STU0211,2,CSE 15L,Software Tools and Techniques Laboratory,2,lab,67,73,B-,2.7,completed,1
STU0211,2,CSE 20,Discrete Mathematics,4,math,69,78,B-,2.7,completed,1
STU0211,2,CSE 21,Mathematics for Algorithms and Systems,4,core,76,72,B+,3.3,completed,1
STU0211,2,MATH 20B,Calculus for Science and Engineering,4,math,61,90,C+,2.3,completed,1
STU0211,3,CSE 100,Advanced Data Structures,4,core,64,87,C+,2.3,completed,1
STU0211,3,CSE 30,Computer Organization and Systems Programming,4,core,57,82,C,2.0,completed,1
STU0211,3,MATH 154,Discrete Mathematics and Graph Theory,4,math,67,82,B-,2.7,completed,1
STU0211,3,MATH 20C,Calculus and Analytic Geometry for Science and Engineering,4,math,77,74,B+,3.3,completed,1
STU0211,4,CSE 101,Design and Analysis of Algorithms,4,core,57,79,C,2.0,current,1
STU0211,4,CSE 103,A Practical Introduction to Probability and Statistics,4,core,76,83,B+,3.3,current,1
STU0211,4,CSE 110,Software Engineering,4,core,60,79,C+,2.3,current,1
STU0211,4,DSC 40B,Theoretical Foundations of Data Science II,4,data,50,66,C-,1.7,current,1
STU0212,1,CSE 11,Introduction to Computer Science and Object-Oriented Programming: Java,4,core,98,85,A+,4.0,completed,1
STU0212,1,CSE 5A,Introduction to Programming I,4,core,81,82,A-,3.7,completed,1
STU0212,1,MATH 18,Linear Algebra,4,math,81,88,A-,3.7,completed,1
STU0212,1,MATH 20A,Calculus for Science and Engineering,4,math,85,74,A,4.0,completed,1
STU0212,2,CSE 12,Basic Data Structures and Object-Oriented Design,4,core,87,100,A,4.0,completed,1
STU0212,2,CSE 15L,Software Tools and Techniques Laboratory,2,lab,86,97,A,4.0,completed,1
STU0212,2,CSE 20,Discrete Mathematics,4,math,83,91,A-,3.7,completed,1
STU0212,2,CSE 21,Mathematics for Algorithms and Systems,4,core,90,96,A+,4.0,completed,1
STU0212,2,MATH 20B,Calculus for Science and Engineering,4,math,79,85,B+,3.3,completed,1
STU0212,3,CSE 100,Advanced Data Structures,4,core,91,88,A+,4.0,completed,1
STU0212,3,CSE 30,Computer Organization and Systems Programming,4,core,92,96,A+,4.0,completed,1
STU0212,3,MATH 154,Discrete Mathematics and Graph Theory,4,math,92,81,A+,4.0,completed,1
STU0212,3,MATH 20C,Calculus and Analytic Geometry for Science and Engineering,4,math,92,88,A+,4.0,completed,1
STU0212,4,CSE 101,Design and Analysis of Algorithms,4,core,86,89,A,4.0,current,1
STU0212,4,CSE 103,A Practical Introduction to Probability and Statistics,4,core,91,79,A+,4.0,current,1
STU0212,4,CSE 110,Software Engineering,4,core,73,91,B,3.0,current,1
STU0212,4,DSC 40B,Theoretical Foundations of Data Science II,4,data,73,83,B,3.0,current,1
STU0213,1,CSE 11,Introduction to Computer Science and Object-Oriented Programming: Java,4,core,75,72,B+,3.3,completed,1
STU0213,1,CSE 5A,Introduction to Programming I,4,core,84,79,A-,3.7,completed,1
STU0213,1,MATH 18,Linear Algebra,4,math,73,70,B,3.0,completed,1
STU0213,1,MATH 20A,Calculus for Science and Engineering,4,math,68,93,B-,2.7,completed,1
STU0213,2,CSE 12,Basic Data Structures and Object-Oriented Design,4,core,82,91,A-,3.7,completed,1
STU0213,2,CSE 15L,Software Tools and Techniques Laboratory,2,lab,79,100,B+,3.3,completed,1
STU0213,2,CSE 20,Discrete Mathematics,4,math,93,94,A+,4.0,completed,1
STU0213,2,CSE 21,Mathematics for Algorithms and Systems,4,core,61,75,C+,2.3,completed,1
STU0213,2,MATH 20B,Calculus for Science and Engineering,4,math,74,100,B,3.0,completed,1
STU0213,3,CSE 100,Advanced Data Structures,4,core,75,89,B+,3.3,completed,1
STU0213,3,CSE 30,Computer Organization and Systems Programming,4,core,90,80,A+,4.0,completed,1
STU0213,3,MATH 154,Discrete Mathematics and Graph Theory,4,math,69,75,B-,2.7,completed,1
STU0213,3,MATH 20C,Calculus and Analytic Geometry for Science and Engineering,4,math,69,76,B-,2.7,completed,1
STU0213,4,CSE 101,Design and Analysis of Algorithms,4,core,67,80,B-,2.7,completed,1
STU0213,4,CSE 103,A Practical Introduction to Probability and Statistics,4,core,61,83,C+,2.3,completed,1
STU0213,4,CSE 110,Software Engineering,4,core,71,77,B,3.0,completed,1
STU0213,4,DSC 40B,Theoretical Foundations of Data Science II,4,data,78,84,B+,3.3,completed,1
STU0213,5,CSE 120,Principles of Computer Operating Systems,4,systems,73,99,B,3.0,current,1
STU0213,5,CSE 123,Computer Networks,4,networks,76,72,B+,3.3,current,1
STU0213,5,CSE 130,Programming Languages: Principles and Paradigms,4,systems,82,85,A-,3.7,current,1
STU0213,5,CSE 132A,Database System Principles,4,database,71,94,B,3.0,current,1
STU0213,5,ECE 109,Engineering Probability and Statistics,4,math,71,95,B,3.0,current,1
STU0214,1,CSE 11,Introduction to Computer Science and Object-Oriented Programming: Java,4,core,92,68,A+,4.0,completed,1
STU0214,1,CSE 5A,Introduction to Programming I,4,core,80,86,A-,3.7,completed,1
STU0214,1,MATH 18,Linear Algebra,4,math,82,67,A-,3.7,completed,1
STU0214,1,MATH 20A,Calculus for Science and Engineering,4,math,60,75,C+,2.3,completed,1
STU0214,2,CSE 12,Basic Data Structures and Object-Oriented Design,4,core,93,91,A+,4.0,completed,1
STU0214,2,CSE 15L,Software Tools and Techniques Laboratory,2,lab,78,94,B+,3.3,completed,1
STU0214,2,CSE 20,Discrete Mathematics,4,math,75,83,B+,3.3,completed,1
STU0214,2,CSE 21,Mathematics for Algorithms and Systems,4,core,80,78,A-,3.7,completed,1
STU0214,2,MATH 20B,Calculus for Science and Engineering,4,math,65,77,B-,2.7,completed,1
STU0214,3,CSE 100,Advanced Data Structures,4,core,67,65,B-,2.7,current,1
STU0214,3,CSE 30,Computer Organization and Systems Programming,4,core,90,83,A+,4.0,current,1
STU0214,3,MATH 154,Discrete Mathematics and Graph Theory,4,math,75,87,B+,3.3,current,1
STU0214,3,MATH 20C,Calculus and Analytic Geometry for Science and Engineering,4,math,56,80,C,2.0,current,1
STU0215,1,CSE 11,Introduction to Computer Science and Object-Oriented Programming: Java,4,core,57,74,C,2.0,completed,1
STU0215,1,CSE 5A,Introduction to Programming I,4,core,73,89,B,3.0,completed,1
STU0215,1,MATH 18,Linear Algebra,4,math,80,58,A-,3.7,completed,1
STU0215,1,MATH 20A,Calculus for Science and Engineering,4,math,64,87,C+,2.3,completed,1
STU0215,2,CSE 12,Basic Data Structures and Object-Oriented Design,4,core,77,83,B+,3.3,completed,1
STU0215,2,CSE 15L,Software Tools and Techniques Laboratory,2,lab,73,73,B,3.0,completed,1
STU0215,2,CSE 20,Discrete Mathematics,4,math,77,92,B+,3.3,completed,1
STU0215,2,CSE 21,Mathematics for Algorithms and Systems,4,core,76,83,B+,3.3,completed,1
STU0215,2,MATH 20B,Calculus for Science and Engineering,4,math,81,88,A-,3.7,completed,1
STU0215,3,CSE 100,Advanced Data Structures,4,core,92,89,A+,4.0,current,1
STU0215,3,CSE 30,Computer Organization and Systems Programming,4,core,80,71,A-,3.7,current,1
STU0215,3,MATH 154,Discrete Mathematics and Graph Theory,4,math,80,83,A-,3.7,current,1
STU0215,3,MATH 20C,Calculus and Analytic Geometry for Science and Engineering,4,math,72,69,B,3.0,current,1
STU0216,1,CSE 11,Introduction to Computer Science and Object-Oriented Programming: Java,4,core,77,98,B+,3.3,completed,1
STU0216,1,CSE 5A,Introduction to Programming I,4,core,88,79,A,4.0,completed,1
STU0216,1,MATH 18,Linear Algebra,4,math,86,89,A,4.0,completed,1
STU0216,1,MATH 20A,Calculus for Science and Engineering,4,math,72,84,B,3.0,completed,1
STU0216,2,CSE 12,Basic Data Structures and Object-Oriented Design,4,core,79,95,B+,3.3,completed,1
STU0216,2,CSE 15L,Software Tools and Techniques Laboratory,2,lab,72,89,B,3.0,completed,1
STU0216,2,CSE 20,Discrete Mathematics,4,math,76,85,B+,3.3,completed,1
STU0216,2,CSE 21,Mathematics for Algorithms and Systems,4,core,76,85,B+,3.3,completed,1
STU0216,2,MATH 20B,Calculus for Science and Engineering,4,math,79,76,B+,3.3,completed,1
STU0216,3,CSE 100,Advanced Data Structures,4,core,96,74,A+,4.0,completed,1
STU0216,3,CSE 30,Computer Organization and Systems Programming,4,core,71,76,B,3.0,completed,1
STU0216,3,MATH 154,Discrete Mathematics and Graph Theory,4,math,87,86,A,4.0,completed,1
STU0216,3,MATH 20C,Calculus and Analytic Geometry for Science and Engineering,4,math,77,98,B+,3.3,completed,1
STU0216,4,CSE 101,Design and Analysis of Algorithms,4,core,75,74,B+,3.3,completed,1
STU0216,4,CSE 103,A Practical Introduction to Probability and Statistics,4,core,79,87,B+,3.3,completed,1
STU0216,4,CSE 110,Software Engineering,4,core,71,78,B,3.0,completed,1
STU0216,4,DSC 40B,Theoretical Foundations of Data Science II,4,data,72,95,B,3.0,completed,1
STU0216,5,CSE 120,Principles of Computer Operating Systems,4,systems,62,75,C+,2.3,completed,1
STU0216,5,CSE 123,Computer Networks,4,networks,67,68,B-,2.7,completed,1
STU0216,5,CSE 130,Programming Languages: Principles and Paradigms,4,systems,71,75,B,3.0,completed,1
STU0216,5,DSC 80,The Practice and Application of Data Science,4,data,78,77,B+,3.3,completed,1
STU0216,5,MATH 183,Statistical Methods,4,math,89,83,A,4.0,completed,1
STU0216,6,CSE 105,Theory of Computability,4,systems,74,81,B,3.0,completed,1
STU0216,6,CSE 150A,Introduction to Artificial Intelligence: Probabilistic Reasoning and Decision-Making,4,ai,88,80,A,4.0,completed,1
STU0216,6,CSE 150B,Introduction to Artificial Intelligence: Search and Reasoning,4,ai,83,91,A-,3.7,completed,1
STU0216,6,CSE 151A,Introduction to Machine Learning,4,ai,80,98,A-,3.7,completed,1
STU0216,6,MATH 181A,Introduction to Mathematical Statistics I,4,math,64,76,C+,2.3,completed,1
STU0216,7,CSE 127,Introduction to Computer Security,4,security,62,71,C+,2.3,current,1
STU0216,7,CSE 131,Compiler Construction,4,systems,67,86,B-,2.7,current,1
STU0216,7,CSE 151B,Deep Learning,4,ai,87,82,A,4.0,current,1
STU0216,7,CSE 152,Introduction to Computer Vision,4,ai,85,88,A,4.0,current,1
STU0216,7,CSE 158,Recommender Systems and Web Mining,4,ai,79,87,B+,3.3,current,1
STU0217,1,CSE 11,Introduction to Computer Science and Object-Oriented Programming: Java,4,core,74,82,B,3.0,completed,1
STU0217,1,CSE 5A,Introduction to Programming I,4,core,82,86,A-,3.7,completed,1
STU0217,1,MATH 18,Linear Algebra,4,math,68,77,B-,2.7,completed,1
STU0217,1,MATH 20A,Calculus for Science and Engineering,4,math,89,91,A,4.0,completed,1
STU0217,2,CSE 12,Basic Data Structures and Object-Oriented Design,4,core,69,90,B-,2.7,completed,1
STU0217,2,CSE 15L,Software Tools and Techniques Laboratory,2,lab,70,95,B,3.0,completed,1
STU0217,2,CSE 20,Discrete Mathematics,4,math,79,81,B+,3.3,completed,1
STU0217,2,CSE 21,Mathematics for Algorithms and Systems,4,core,83,73,A-,3.7,completed,1
STU0217,2,MATH 20B,Calculus for Science and Engineering,4,math,73,78,B,3.0,completed,1
STU0217,3,CSE 100,Advanced Data Structures,4,core,72,85,B,3.0,completed,1
STU0217,3,CSE 30,Computer Organization and Systems Programming,4,core,79,86,B+,3.3,completed,1
STU0217,3,MATH 154,Discrete Mathematics and Graph Theory,4,math,83,86,A-,3.7,completed,1
STU0217,3,MATH 20C,Calculus and Analytic Geometry for Science and Engineering,4,math,68,71,B-,2.7,completed,1
STU0217,4,CSE 101,Design and Analysis of Algorithms,4,core,75,79,B+,3.3,completed,1
STU0217,4,CSE 103,A Practical Introduction to Probability and Statistics,4,core,98,94,A+,4.0,completed,1
STU0217,4,CSE 110,Software Engineering,4,core,52,93,C-,1.7,completed,1
STU0217,4,DSC 40B,Theoretical Foundations of Data Science II,4,data,85,78,A,4.0,completed,1
STU0217,5,CSE 120,Principles of Computer Operating Systems,4,systems,93,78,A+,4.0,completed,1
STU0217,5,CSE 132A,Database System Principles,4,database,81,91,A-,3.7,completed,1
STU0217,5,DSC 80,The Practice and Application of Data Science,4,data,59,72,C,2.0,completed,1
STU0217,5,ECE 109,Engineering Probability and Statistics,4,math,60,91,C+,2.3,completed,1
STU0217,5,MATH 183,Statistical Methods,4,math,75,93,B+,3.3,completed,1
STU0217,6,CSE 105,Theory of Computability,4,systems,76,83,B+,3.3,completed,1
STU0217,6,CSE 132B,Database Systems Applications,4,database,85,89,A,4.0,completed,1
STU0217,6,CSE 150A,Introduction to Artificial Intelligence: Probabilistic Reasoning and Decision-Making,4,ai,79,66,B+,3.3,completed,1
STU0217,6,CSE 151A,Introduction to Machine Learning,4,ai,80,90,A-,3.7,completed,1
STU0217,6,MATH 181A,Introduction to Mathematical Statistics I,4,math,76,91,B+,3.3,completed,1
STU0217,7,CSE 124,Networked Services,4,networks,92,99,A+,4.0,current,1
STU0217,7,CSE 131,Compiler Construction,4,systems,88,92,A,4.0,current,1
STU0217,7,CSE 151B,Deep Learning,4,ai,75,84,B+,3.3,current,1
STU0217,7,CSE 152,Introduction to Computer Vision,4,ai,81,77,A-,3.7,current,1
STU0217,7,CSE 158,Recommender Systems and Web Mining,4,ai,84,66,A-,3.7,current,1
STU0218,1,CSE 11,Introduction to Computer Science and Object-Oriented Programming: Java,4,core,61,70,C+,2.3,completed,1
STU0218,1,CSE 5A,Introduction to Programming I,4,core,55,90,C,2.0,completed,1
STU0218,1,MATH 18,Linear Algebra,4,math,74,74,B,3.0,completed,1
STU0218,1,MATH 20A,Calculus for Science and Engineering,4,math,74,92,B,3.0,completed,1
STU0218,2,CSE 12,Basic Data Structures and Object-Oriented Design,4,core,68,71,B-,2.7,completed,1
STU0218,2,CSE 15L,Software Tools and Techniques Laboratory,2,lab,59,68,C,2.0,completed,1
STU0218,2,CSE 20,Discrete Mathematics,4,math,72,100,B,3.0,completed,1
STU0218,2,CSE 21,Mathematics for Algorithms and Systems,4,core,66,79,B-,2.7,completed,1
STU0218,2,MATH 20B,Calculus for Science and Engineering,4,math,64,83,C+,2.3,completed,1
STU0218,3,CSE 100,Advanced Data Structures,4,core,75,94,B+,3.3,completed,1
STU0218,3,CSE 30,Computer Organization and Systems Programming,4,core,75,88,B+,3.3,completed,1
STU0218,3,MATH 154,Discrete Mathematics and Graph Theory,4,math,76,72,B+,3.3,completed,1
STU0218,3,MATH 20C,Calculus and Analytic Geometry for Science and Engineering,4,math,59,83,C,2.0,completed,1
STU0218,4,CSE 101,Design and Analysis of Algorithms,4,core,88,90,A,4.0,completed,1
STU0218,4,CSE 103,A Practical Introduction to Probability and Statistics,4,core,55,74,C,2.0,completed,1
STU0218,4,CSE 110,Software Engineering,4,core,79,93,B+,3.3,completed,1
STU0218,4,DSC 40B,Theoretical Foundations of Data Science II,4,data,57,89,C,2.0,completed,1
STU0218,5,CSE 120,Principles of Computer Operating Systems,4,systems,82,80,A-,3.7,completed,1
STU0218,5,CSE 123,Computer Networks,4,networks,85,86,A,4.0,completed,1
STU0218,5,CSE 130,Programming Languages: Principles and Paradigms,4,systems,66,95,B-,2.7,completed,1
STU0218,5,CSE 132A,Database System Principles,4,database,79,78,B+,3.3,completed,1
STU0218,5,MATH 183,Statistical Methods,4,math,71,82,B,3.0,completed,1
STU0218,6,CSE 132B,Database Systems Applications,4,database,74,89,B,3.0,completed,1
STU0218,6,CSE 150A,Introduction to Artificial Intelligence: Probabilistic Reasoning and Decision-Making,4,ai,65,85,B-,2.7,completed,1
STU0218,6,CSE 150B,Introduction to Artificial Intelligence: Search and Reasoning,4,ai,56,65,C,2.0,completed,1
STU0218,6,CSE 151A,Introduction to Machine Learning,4,ai,72,70,B,3.0,completed,1
STU0218,6,MATH 181A,Introduction to Mathematical Statistics I,4,math,60,85,C+,2.3,completed,1
STU0218,7,CSE 124,Networked Services,4,networks,87,78,A,4.0,current,1
STU0218,7,CSE 131,Compiler Construction,4,systems,71,77,B,3.0,current,1
STU0218,7,CSE 152,Introduction to Computer Vision,4,ai,83,89,A-,3.7,current,1
STU0218,7,CSE 158,Recommender Systems and Web Mining,4,ai,71,70,B,3.0,current,1
STU0218,7,MATH 188,Algebraic Combinatorics,4,math,72,97,B,3.0,current,1
STU0219,1,CSE 11,Introduction to Computer Science and Object-Oriented Programming: Java,4,core,85,87,A,4.0,completed,1
STU0219,1,CSE 5A,Introduction to Programming I,4,core,82,96,A-,3.7,completed,1
STU0219,1,MATH 18,Linear Algebra,4,math,96,89,A+,4.0,completed,1
STU0219,1,MATH 20A,Calculus for Science and Engineering,4,math,85,91,A,4.0,completed,1
STU0219,2,CSE 12,Basic Data Structures and Object-Oriented Design,4,core,98,94,A+,4.0,completed,1
STU0219,2,CSE 15L,Software Tools and Techniques Laboratory,2,lab,84,89,A-,3.7,completed,1
STU0219,2,CSE 20,Discrete Mathematics,4,math,93,84,A+,4.0,completed,1
STU0219,2,CSE 21,Mathematics for Algorithms and Systems,4,core,84,86,A-,3.7,completed,1
STU0219,2,MATH 20B,Calculus for Science and Engineering,4,math,98,79,A+,4.0,completed,1
STU0219,3,CSE 100,Advanced Data Structures,4,core,95,95,A+,4.0,current,1
STU0219,3,CSE 30,Computer Organization and Systems Programming,4,core,83,76,A-,3.7,current,1
STU0219,3,MATH 154,Discrete Mathematics and Graph Theory,4,math,77,91,B+,3.3,current,1
STU0219,3,MATH 20C,Calculus and Analytic Geometry for Science and Engineering,4,math,69,84,B-,2.7,current,1
STU0220,1,CSE 11,Introduction to Computer Science and Object-Oriented Programming: Java,4,core,82,81,A-,3.7,completed,1
STU0220,1,CSE 5A,Introduction to Programming I,4,core,77,78,B+,3.3,completed,1
STU0220,1,MATH 18,Linear Algebra,4,math,92,77,A+,4.0,completed,1
STU0220,1,MATH 20A,Calculus for Science and Engineering,4,math,78,88,B+,3.3,completed,1
STU0220,2,CSE 12,Basic Data Structures and Object-Oriented Design,4,core,73,79,B,3.0,completed,1
STU0220,2,CSE 15L,Software Tools and Techniques Laboratory,2,lab,79,90,B+,3.3,completed,1
STU0220,2,CSE 20,Discrete Mathematics,4,math,72,96,B,3.0,completed,1
STU0220,2,CSE 21,Mathematics for Algorithms and Systems,4,core,83,75,A-,3.7,completed,1
STU0220,2,MATH 20B,Calculus for Science and Engineering,4,math,92,93,A+,4.0,completed,1
STU0220,3,CSE 100,Advanced Data Structures,4,core,77,66,B+,3.3,completed,1
STU0220,3,CSE 30,Computer Organization and Systems Programming,4,core,85,86,A,4.0,completed,1
STU0220,3,MATH 154,Discrete Mathematics and Graph Theory,4,math,84,84,A-,3.7,completed,1
STU0220,3,MATH 20C,Calculus and Analytic Geometry for Science and Engineering,4,math,83,83,A-,3.7,completed,1
STU0220,4,CSE 101,Design and Analysis of Algorithms,4,core,87,89,A,4.0,completed,1
STU0220,4,CSE 103,A Practical Introduction to Probability and Statistics,4,core,85,81,A,4.0,completed,1
STU0220,4,CSE 110,Software Engineering,4,core,77,94,B+,3.3,completed,1
STU0220,4,DSC 40B,Theoretical Foundations of Data Science II,4,data,82,86,A-,3.7,completed,1
STU0220,5,CSE 120,Principles of Computer Operating Systems,4,systems,60,92,C+,2.3,current,1
STU0220,5,CSE 123,Computer Networks,4,networks,60,89,C+,2.3,current,1
STU0220,5,CSE 132A,Database System Principles,4,database,81,73,A-,3.7,current,1
STU0220,5,DSC 80,The Practice and Application of Data Science,4,data,76,80,B+,3.3,current,1
STU0220,5,ECE 109,Engineering Probability and Statistics,4,math,95,83,A+,4.0,current,1
STU0221,1,CSE 11,Introduction to Computer Science and Object-Oriented Programming: Java,4,core,75,87,B+,3.3,completed,1
STU0221,1,CSE 5A,Introduction to Programming I,4,core,88,91,A,4.0,completed,1
STU0221,1,MATH 18,Linear Algebra,4,math,98,79,A+,4.0,completed,1
STU0221,1,MATH 20A,Calculus for Science and Engineering,4,math,88,83,A,4.0,completed,1
STU0221,2,CSE 12,Basic Data Structures and Object-Oriented Design,4,core,73,80,B,3.0,completed,1
STU0221,2,CSE 15L,Software Tools and Techniques Laboratory,2,lab,89,85,A,4.0,completed,1
STU0221,2,CSE 20,Discrete Mathematics,4,math,79,87,B+,3.3,completed,1
STU0221,2,CSE 21,Mathematics for Algorithms and Systems,4,core,82,69,A-,3.7,completed,1
STU0221,2,MATH 20B,Calculus for Science and Engineering,4,math,85,87,A,4.0,completed,1
STU0221,3,CSE 100,Advanced Data Structures,4,core,71,100,B,3.0,completed,1
STU0221,3,CSE 30,Computer Organization and Systems Programming,4,core,98,92,A+,4.0,completed,1
STU0221,3,MATH 154,Discrete Mathematics and Graph Theory,4,math,77,80,B+,3.3,completed,1
STU0221,3,MATH 20C,Calculus and Analytic Geometry for Science and Engineering,4,math,76,79,B+,3.3,completed,1
STU0221,4,CSE 101,Design and Analysis of Algorithms,4,core,87,66,A,4.0,completed,1
STU0221,4,CSE 103,A Practical Introduction to Probability and Statistics,4,core,76,84,B+,3.3,completed,1
STU0221,4,CSE 110,Software Engineering,4,core,77,79,B+,3.3,completed,1
STU0221,4,DSC 40B,Theoretical Foundations of Data Science II,4,data,81,87,A-,3.7,completed,1
STU0221,5,CSE 123,Computer Networks,4,networks,74,87,B,3.0,completed,1
STU0221,5,CSE 130,Programming Languages: Principles and Paradigms,4,systems,73,76,B,3.0,completed,1
STU0221,5,CSE 132A,Database System Principles,4,database,62,71,C+,2.3,completed,1
STU0221,5,ECE 109,Engineering Probability and Statistics,4,math,75,83,B+,3.3,completed,1
STU0221,5,MATH 183,Statistical Methods,4,math,81,79,A-,3.7,completed,1
STU0221,6,CSE 105,Theory of Computability,4,systems,73,88,B,3.0,completed,1
STU0221,6,CSE 150A,Introduction to Artificial Intelligence: Probabilistic Reasoning and Decision-Making,4,ai,76,77,B+,3.3,completed,1
STU0221,6,CSE 150B,Introduction to Artificial Intelligence: Search and Reasoning,4,ai,72,84,B,3.0,completed,1
STU0221,6,CSE 151A,Introduction to Machine Learning,4,ai,94,85,A+,4.0,completed,1
STU0221,6,MATH 181A,Introduction to Mathematical Statistics I,4,math,74,94,B,3.0,completed,1
STU0221,7,CSE 124,Networked Services,4,networks,76,74,B+,3.3,current,1
STU0221,7,CSE 127,Introduction to Computer Security,4,security,86,72,A,4.0,current,1
STU0221,7,CSE 151B,Deep Learning,4,ai,89,86,A,4.0,current,1
STU0221,7,CSE 152,Introduction to Computer Vision,4,ai,76,93,B+,3.3,current,1
STU0221,7,CSE 158,Recommender Systems and Web Mining,4,ai,76,69,B+,3.3,current,1
STU0222,1,CSE 11,Introduction to Computer Science and Object-Oriented Programming: Java,4,core,77,68,B+,3.3,completed,1
STU0222,1,CSE 5A,Introduction to Programming I,4,core,88,83,A,4.0,completed,1
STU0222,1,MATH 18,Linear Algebra,4,math,80,76,A-,3.7,completed,1
STU0222,1,MATH 20A,Calculus for Science and Engineering,4,math,75,83,B+,3.3,completed,1
STU0222,2,CSE 12,Basic Data Structures and Object-Oriented Design,4,core,69,79,B-,2.7,completed,1
STU0222,2,CSE 15L,Software Tools and Techniques Laboratory,2,lab,95,89,A+,4.0,completed,1
STU0222,2,CSE 20,Discrete Mathematics,4,math,79,81,B+,3.3,completed,1
STU0222,2,CSE 21,Mathematics for Algorithms and Systems,4,core,87,74,A,4.0,completed,1
STU0222,2,MATH 20B,Calculus for Science and Engineering,4,math,71,77,B,3.0,completed,1
STU0222,3,CSE 100,Advanced Data Structures,4,core,81,95,A-,3.7,completed,1
STU0222,3,CSE 30,Computer Organization and Systems Programming,4,core,88,69,A,4.0,completed,1
STU0222,3,MATH 154,Discrete Mathematics and Graph Theory,4,math,70,81,B,3.0,completed,1
STU0222,3,MATH 20C,Calculus and Analytic Geometry for Science and Engineering,4,math,73,80,B,3.0,completed,1
STU0222,4,CSE 101,Design and Analysis of Algorithms,4,core,86,74,A,4.0,completed,1
STU0222,4,CSE 103,A Practical Introduction to Probability and Statistics,4,core,76,78,B+,3.3,completed,1
STU0222,4,CSE 110,Software Engineering,4,core,77,74,B+,3.3,completed,1
STU0222,4,DSC 40B,Theoretical Foundations of Data Science II,4,data,61,82,C+,2.3,completed,1
STU0222,5,CSE 120,Principles of Computer Operating Systems,4,systems,69,86,B-,2.7,completed,1
STU0222,5,CSE 132A,Database System Principles,4,database,92,74,A+,4.0,completed,1
STU0222,5,DSC 80,The Practice and Application of Data Science,4,data,90,88,A+,4.0,completed,1
STU0222,5,ECE 109,Engineering Probability and Statistics,4,math,97,97,A+,4.0,completed,1
STU0222,5,MATH 183,Statistical Methods,4,math,74,66,B,3.0,completed,1
STU0222,6,CSE 105,Theory of Computability,4,systems,70,82,B,3.0,current,1
STU0222,6,CSE 132B,Database Systems Applications,4,database,62,87,C+,2.3,current,1
STU0222,6,CSE 150B,Introduction to Artificial Intelligence: Search and Reasoning,4,ai,70,82,B,3.0,current,1
STU0222,6,CSE 151A,Introduction to Machine Learning,4,ai,72,85,B,3.0,current,1
STU0222,6,MATH 181A,Introduction to Mathematical Statistics I,4,math,88,92,A,4.0,current,1
STU0223,1,CSE 11,Introduction to Computer Science and Object-Oriented Programming: Java,4,core,75,100,B+,3.3,completed,1
STU0223,1,CSE 5A,Introduction to Programming I,4,core,90,98,A+,4.0,completed,1
STU0223,1,MATH 18,Linear Algebra,4,math,98,81,A+,4.0,completed,1
STU0223,1,MATH 20A,Calculus for Science and Engineering,4,math,78,83,B+,3.3,completed,1
STU0223,2,CSE 12,Basic Data Structures and Object-Oriented Design,4,core,96,76,A+,4.0,completed,1
STU0223,2,CSE 15L,Software Tools and Techniques Laboratory,2,lab,81,91,A-,3.7,completed,1
STU0223,2,CSE 20,Discrete Mathematics,4,math,93,94,A+,4.0,completed,1
STU0223,2,CSE 21,Mathematics for Algorithms and Systems,4,core,98,81,A+,4.0,completed,1
STU0223,2,MATH 20B,Calculus for Science and Engineering,4,math,83,92,A-,3.7,completed,1
STU0223,3,CSE 100,Advanced Data Structures,4,core,78,100,B+,3.3,completed,1
STU0223,3,CSE 30,Computer Organization and Systems Programming,4,core,85,88,A,4.0,completed,1
STU0223,3,MATH 154,Discrete Mathematics and Graph Theory,4,math,89,99,A,4.0,completed,1
STU0223,3,MATH 20C,Calculus and Analytic Geometry for Science and Engineering,4,math,80,83,A-,3.7,completed,1
STU0223,4,CSE 101,Design and Analysis of Algorithms,4,core,88,89,A,4.0,current,1
STU0223,4,CSE 103,A Practical Introduction to Probability and Statistics,4,core,89,98,A,4.0,current,1
STU0223,4,CSE 110,Software Engineering,4,core,74,69,B,3.0,current,1
STU0223,4,DSC 40B,Theoretical Foundations of Data Science II,4,data,98,89,A+,4.0,current,1
STU0224,1,CSE 11,Introduction to Computer Science and Object-Oriented Programming: Java,4,core,73,98,B,3.0,completed,1
STU0224,1,CSE 5A,Introduction to Programming I,4,core,87,84,A,4.0,completed,1
STU0224,1,MATH 18,Linear Algebra,4,math,78,81,B+,3.3,completed,1
STU0224,1,MATH 20A,Calculus for Science and Engineering,4,math,70,92,B,3.0,completed,1
STU0224,2,CSE 12,Basic Data Structures and Object-Oriented Design,4,core,73,94,B,3.0,completed,1
STU0224,2,CSE 15L,Software Tools and Techniques Laboratory,2,lab,85,92,A,4.0,completed,1
STU0224,2,CSE 20,Discrete Mathematics,4,math,80,84,A-,3.7,completed,1
STU0224,2,CSE 21,Mathematics for Algorithms and Systems,4,core,39,85,F,0.0,completed,1
STU0224,2,MATH 20B,Calculus for Science and Engineering,4,math,76,81,B+,3.3,completed,1
STU0224,3,CSE 100,Advanced Data Structures,4,core,85,90,A,4.0,completed,1
STU0224,3,CSE 30,Computer Organization and Systems Programming,4,core,79,86,B+,3.3,completed,1
STU0224,3,MATH 154,Discrete Mathematics and Graph Theory,4,math,88,88,A,4.0,completed,1
STU0224,3,MATH 20C,Calculus and Analytic Geometry for Science and Engineering,4,math,80,79,A-,3.7,completed,1
STU0224,4,CSE 101,Design and Analysis of Algorithms,4,core,76,99,B+,3.3,current,1
STU0224,4,CSE 103,A Practical Introduction to Probability and Statistics,4,core,73,90,B,3.0,current,1
STU0224,4,CSE 110,Software Engineering,4,core,84,76,A-,3.7,current,1
STU0224,4,DSC 40B,Theoretical Foundations of Data Science II,4,data,95,62,A+,4.0,current,1
STU0225,1,CSE 11,Introduction to Computer Science and Object-Oriented Programming: Java,4,core,79,82,B+,3.3,completed,1
STU0225,1,CSE 5A,Introduction to Programming I,4,core,67,88,B-,2.7,completed,1
STU0225,1,MATH 18,Linear Algebra,4,math,86,76,A,4.0,completed,1
STU0225,1,MATH 20A,Calculus for Science and Engineering,4,math,75,88,B+,3.3,completed,1
STU0225,2,CSE 12,Basic Data Structures and Object-Oriented Design,4,core,87,92,A,4.0,completed,1
STU0225,2,CSE 15L,Software Tools and Techniques Laboratory,2,lab,87,100,A,4.0,completed,1
STU0225,2,CSE 20,Discrete Mathematics,4,math,62,85,C+,2.3,completed,1
STU0225,2,CSE 21,Mathematics for Algorithms and Systems,4,core,91,100,A+,4.0,completed,1
STU0225,2,MATH 20B,Calculus for Science and Engineering,4,math,98,70,A+,4.0,completed,1
STU0225,3,CSE 100,Advanced Data Structures,4,core,80,93,A-,3.7,completed,1
STU0225,3,CSE 30,Computer Organization and Systems Programming,4,core,76,80,B+,3.3,completed,1
STU0225,3,MATH 154,Discrete Mathematics and Graph Theory,4,math,89,83,A,4.0,completed,1
STU0225,3,MATH 20C,Calculus and Analytic Geometry for Science and Engineering,4,math,87,85,A,4.0,completed,1
STU0225,4,CSE 101,Design and Analysis of Algorithms,4,core,87,84,A,4.0,completed,1
STU0225,4,CSE 103,A Practical Introduction to Probability and Statistics,4,core,78,83,B+,3.3,completed,1
STU0225,4,CSE 110,Software Engineering,4,core,92,77,A+,4.0,completed,1
STU0225,4,DSC 40B,Theoretical Foundations of Data Science II,4,data,72,88,B,3.0,completed,1
STU0225,5,CSE 120,Principles of Computer Operating Systems,4,systems,98,100,A+,4.0,completed,1
STU0225,5,CSE 132A,Database System Principles,4,database,98,95,A+,4.0,completed,1
STU0225,5,DSC 80,The Practice and Application of Data Science,4,data,74,94,B,3.0,completed,1
STU0225,5,ECE 109,Engineering Probability and Statistics,4,math,74,85,B,3.0,completed,1
STU0225,5,MATH 183,Statistical Methods,4,math,75,83,B+,3.3,completed,1
STU0225,6,CSE 105,Theory of Computability,4,systems,91,83,A+,4.0,current,1
STU0225,6,CSE 132B,Database Systems Applications,4,database,84,67,A-,3.7,current,1
STU0225,6,CSE 150B,Introduction to Artificial Intelligence: Search and Reasoning,4,ai,69,76,B-,2.7,current,1
STU0225,6,CSE 151A,Introduction to Machine Learning,4,ai,73,92,B,3.0,current,1
STU0225,6,MATH 181A,Introduction to Mathematical Statistics I,4,math,72,89,B,3.0,current,1
STU0226,1,CSE 11,Introduction to Computer Science and Object-Oriented Programming: Java,4,core,81,89,A-,3.7,completed,1
STU0226,1,CSE 5A,Introduction to Programming I,4,core,86,69,A,4.0,completed,1
STU0226,1,MATH 18,Linear Algebra,4,math,79,73,B+,3.3,completed,1
STU0226,1,MATH 20A,Calculus for Science and Engineering,4,math,77,91,B+,3.3,completed,1
STU0226,2,CSE 12,Basic Data Structures and Object-Oriented Design,4,core,81,80,A-,3.7,completed,1
STU0226,2,CSE 15L,Software Tools and Techniques Laboratory,2,lab,74,85,B,3.0,completed,1
STU0226,2,CSE 20,Discrete Mathematics,4,math,90,85,A+,4.0,completed,1
STU0226,2,CSE 21,Mathematics for Algorithms and Systems,4,core,72,88,B,3.0,completed,1
STU0226,2,MATH 20B,Calculus for Science and Engineering,4,math,79,78,B+,3.3,completed,1
STU0226,3,CSE 100,Advanced Data Structures,4,core,80,93,A-,3.7,completed,1
STU0226,3,CSE 30,Computer Organization and Systems Programming,4,core,76,71,B+,3.3,completed,1
STU0226,3,MATH 154,Discrete Mathematics and Graph Theory,4,math,91,89,A+,4.0,completed,1
STU0226,3,MATH 20C,Calculus and Analytic Geometry for Science and Engineering,4,math,84,96,A-,3.7,completed,1
STU0226,4,CSE 101,Design and Analysis of Algorithms,4,core,86,92,A,4.0,current,1
STU0226,4,CSE 103,A Practical Introduction to Probability and Statistics,4,core,82,55,A-,3.7,current,1
STU0226,4,CSE 110,Software Engineering,4,core,76,92,B+,3.3,current,1
STU0226,4,DSC 40B,Theoretical Foundations of Data Science II,4,data,84,77,A-,3.7,current,1
STU0227,1,CSE 11,Introduction to Computer Science and Object-Oriented Programming: Java,4,core,96,93,A+,4.0,completed,1
STU0227,1,CSE 5A,Introduction to Programming I,4,core,80,100,A-,3.7,completed,1
STU0227,1,MATH 18,Linear Algebra,4,math,86,86,A,4.0,completed,1
STU0227,1,MATH 20A,Calculus for Science and Engineering,4,math,70,75,B,3.0,completed,1
STU0227,2,CSE 12,Basic Data Structures and Object-Oriented Design,4,core,86,92,A,4.0,completed,1
STU0227,2,CSE 15L,Software Tools and Techniques Laboratory,2,lab,94,87,A+,4.0,completed,1
STU0227,2,CSE 20,Discrete Mathematics,4,math,98,94,A+,4.0,completed,1
STU0227,2,CSE 21,Mathematics for Algorithms and Systems,4,core,98,78,A+,4.0,completed,1
STU0227,2,MATH 20B,Calculus for Science and Engineering,4,math,79,78,B+,3.3,completed,1
STU0227,3,CSE 100,Advanced Data Structures,4,core,89,89,A,4.0,completed,1
STU0227,3,CSE 30,Computer Organization and Systems Programming,4,core,98,86,A+,4.0,completed,1
STU0227,3,MATH 154,Discrete Mathematics and Graph Theory,4,math,97,90,A+,4.0,completed,1
STU0227,3,MATH 20C,Calculus and Analytic Geometry for Science and Engineering,4,math,80,79,A-,3.7,completed,1
STU0227,4,CSE 101,Design and Analysis of Algorithms,4,core,74,91,B,3.0,completed,1
STU0227,4,CSE 103,A Practical Introduction to Probability and Statistics,4,core,79,85,B+,3.3,completed,1
STU0227,4,CSE 110,Software Engineering,4,core,92,96,A+,4.0,completed,1
STU0227,4,DSC 40B,Theoretical Foundations of Data Science II,4,data,91,86,A+,4.0,completed,1
STU0227,5,CSE 120,Principles of Computer Operating Systems,4,systems,84,100,A-,3.7,completed,1
STU0227,5,CSE 123,Computer Networks,4,networks,72,88,B,3.0,completed,1
STU0227,5,CSE 132A,Database System Principles,4,database,84,84,A-,3.7,completed,1
STU0227,5,DSC 80,The Practice and Application of Data Science,4,data,75,75,B+,3.3,completed,1
STU0227,5,MATH 183,Statistical Methods,4,math,92,76,A+,4.0,completed,1
STU0227,6,CSE 105,Theory of Computability,4,systems,76,80,B+,3.3,current,1
STU0227,6,CSE 132B,Database Systems Applications,4,database,81,85,A-,3.7,current,1
STU0227,6,CSE 150A,Introduction to Artificial Intelligence: Probabilistic Reasoning and Decision-Making,4,ai,88,77,A,4.0,current,1
STU0227,6,CSE 151A,Introduction to Machine Learning,4,ai,97,93,A+,4.0,current,1
STU0227,6,MATH 181A,Introduction to Mathematical Statistics I,4,math,92,91,A+,4.0,current,1
STU0228,1,CSE 11,Introduction to Computer Science and Object-Oriented Programming: Java,4,core,87,81,A,4.0,completed,1
STU0228,1,CSE 5A,Introduction to Programming I,4,core,62,100,C+,2.3,completed,1
STU0228,1,MATH 18,Linear Algebra,4,math,87,84,A,4.0,completed,1
STU0228,1,MATH 20A,Calculus for Science and Engineering,4,math,59,78,C,2.0,completed,1
STU0228,2,CSE 12,Basic Data Structures and Object-Oriented Design,4,core,64,80,C+,2.3,completed,1
STU0228,2,CSE 15L,Software Tools and Techniques Laboratory,2,lab,66,72,B-,2.7,completed,1
STU0228,2,CSE 20,Discrete Mathematics,4,math,66,86,B-,2.7,completed,1
STU0228,2,CSE 21,Mathematics for Algorithms and Systems,4,core,71,88,B,3.0,completed,1
STU0228,2,MATH 20B,Calculus for Science and Engineering,4,math,87,78,A,4.0,completed,1
STU0228,3,CSE 100,Advanced Data Structures,4,core,85,100,A,4.0,completed,1
STU0228,3,CSE 30,Computer Organization and Systems Programming,4,core,76,80,B+,3.3,completed,1
STU0228,3,MATH 154,Discrete Mathematics and Graph Theory,4,math,78,81,B+,3.3,completed,1
STU0228,3,MATH 20C,Calculus and Analytic Geometry for Science and Engineering,4,math,80,84,A-,3.7,completed,1
STU0228,4,CSE 101,Design and Analysis of Algorithms,4,core,78,76,B+,3.3,current,1
STU0228,4,CSE 103,A Practical Introduction to Probability and Statistics,4,core,77,82,B+,3.3,current,1
STU0228,4,CSE 110,Software Engineering,4,core,82,86,A-,3.7,current,1
STU0228,4,DSC 40B,Theoretical Foundations of Data Science II,4,data,71,90,B,3.0,current,1
STU0229,1,CSE 11,Introduction to Computer Science and Object-Oriented Programming: Java,4,core,75,84,B+,3.3,completed,1
STU0229,1,CSE 5A,Introduction to Programming I,4,core,89,78,A,4.0,completed,1
STU0229,1,MATH 18,Linear Algebra,4,math,82,83,A-,3.7,completed,1
STU0229,1,MATH 20A,Calculus for Science and Engineering,4,math,83,88,A-,3.7,completed,1
STU0229,2,CSE 12,Basic Data Structures and Object-Oriented Design,4,core,98,91,A+,4.0,completed,1
STU0229,2,CSE 15L,Software Tools and Techniques Laboratory,2,lab,69,86,B-,2.7,completed,1
STU0229,2,CSE 20,Discrete Mathematics,4,math,84,68,A-,3.7,completed,1
STU0229,2,CSE 21,Mathematics for Algorithms and Systems,4,core,87,81,A,4.0,completed,1
STU0229,2,MATH 20B,Calculus for Science and Engineering,4,math,66,75,B-,2.7,completed,1
STU0229,3,CSE 100,Advanced Data Structures,4,core,84,77,A-,3.7,completed,1
STU0229,3,CSE 30,Computer Organization and Systems Programming,4,core,75,71,B+,3.3,completed,1
STU0229,3,MATH 154,Discrete Mathematics and Graph Theory,4,math,78,78,B+,3.3,completed,1
STU0229,3,MATH 20C,Calculus and Analytic Geometry for Science and Engineering,4,math,67,89,B-,2.7,completed,1
STU0229,4,CSE 101,Design and Analysis of Algorithms,4,core,77,78,B+,3.3,completed,1
STU0229,4,CSE 103,A Practical Introduction to Probability and Statistics,4,core,75,87,B+,3.3,completed,1
STU0229,4,CSE 110,Software Engineering,4,core,62,87,C+,2.3,completed,1
STU0229,4,DSC 40B,Theoretical Foundations of Data Science II,4,data,80,79,A-,3.7,completed,1
STU0229,5,CSE 120,Principles of Computer Operating Systems,4,systems,82,84,A-,3.7,completed,1
STU0229,5,CSE 123,Computer Networks,4,networks,91,76,A+,4.0,completed,1
STU0229,5,CSE 130,Programming Languages: Principles and Paradigms,4,systems,79,81,B+,3.3,completed,1
STU0229,5,DSC 80,The Practice and Application of Data Science,4,data,80,95,A-,3.7,completed,1
STU0229,5,MATH 183,Statistical Methods,4,math,64,64,C+,2.3,completed,1
STU0229,6,CSE 105,Theory of Computability,4,systems,67,65,B-,2.7,current,1
STU0229,6,CSE 132B,Database Systems Applications,4,database,80,81,A-,3.7,current,1
STU0229,6,CSE 150A,Introduction to Artificial Intelligence: Probabilistic Reasoning and Decision-Making,4,ai,78,80,B+,3.3,current,1
STU0229,6,CSE 150B,Introduction to Artificial Intelligence: Search and Reasoning,4,ai,68,93,B-,2.7,current,1
STU0229,6,CSE 151A,Introduction to Machine Learning,4,ai,64,93,C+,2.3,current,1
STU0230,1,CSE 11,Introduction to Computer Science and Object-Oriented Programming: Java,4,core,72,100,B,3.0,completed,1
STU0230,1,CSE 5A,Introduction to Programming I,4,core,80,90,A-,3.7,completed,1
STU0230,1,MATH 18,Linear Algebra,4,math,77,92,B+,3.3,completed,1
STU0230,1,MATH 20A,Calculus for Science and Engineering,4,math,82,75,A-,3.7,completed,1
STU0230,2,CSE 12,Basic Data Structures and Object-Oriented Design,4,core,79,72,B+,3.3,completed,1
STU0230,2,CSE 15L,Software Tools and Techniques Laboratory,2,lab,98,92,A+,4.0,completed,1
STU0230,2,CSE 20,Discrete Mathematics,4,math,98,83,A+,4.0,completed,1
STU0230,2,CSE 21,Mathematics for Algorithms and Systems,4,core,84,83,A-,3.7,completed,1
STU0230,2,MATH 20B,Calculus for Science and Engineering,4,math,98,93,A+,4.0,completed,1
STU0230,3,CSE 100,Advanced Data Structures,4,core,75,93,B+,3.3,completed,1
STU0230,3,CSE 30,Computer Organization and Systems Programming,4,core,82,92,A-,3.7,completed,1
STU0230,3,MATH 154,Discrete Mathematics and Graph Theory,4,math,82,87,A-,3.7,completed,1
STU0230,3,MATH 20C,Calculus and Analytic Geometry for Science and Engineering,4,math,88,92,A,4.0,completed,1
STU0230,4,CSE 101,Design and Analysis of Algorithms,4,core,91,85,A+,4.0,completed,1
STU0230,4,CSE 103,A Practical Introduction to Probability and Statistics,4,core,90,86,A+,4.0,completed,1
STU0230,4,CSE 110,Software Engineering,4,core,81,93,A-,3.7,completed,1
STU0230,4,DSC 40B,Theoretical Foundations of Data Science II,4,data,93,83,A+,4.0,completed,1
STU0230,5,CSE 123,Computer Networks,4,networks,84,89,A-,3.7,completed,1
STU0230,5,CSE 130,Programming Languages: Principles and Paradigms,4,systems,88,66,A,4.0,completed,1
STU0230,5,CSE 132A,Database System Principles,4,database,82,95,A-,3.7,completed,1
STU0230,5,DSC 80,The Practice and Application of Data Science,4,data,94,83,A+,4.0,completed,1
STU0230,5,ECE 109,Engineering Probability and Statistics,4,math,86,89,A,4.0,completed,1
STU0230,6,CSE 105,Theory of Computability,4,systems,92,87,A+,4.0,current,1
STU0230,6,CSE 132B,Database Systems Applications,4,database,70,86,B,3.0,current,1
STU0230,6,CSE 150B,Introduction to Artificial Intelligence: Search and Reasoning,4,ai,94,87,A+,4.0,current,1
STU0230,6,CSE 151A,Introduction to Machine Learning,4,ai,92,88,A+,4.0,current,1
STU0230,6,MATH 181A,Introduction to Mathematical Statistics I,4,math,85,96,A,4.0,current,1
STU0231,1,CSE 11,Introduction to Computer Science and Object-Oriented Programming: Java,4,core,82,75,A-,3.7,completed,1
STU0231,1,CSE 5A,Introduction to Programming I,4,core,77,92,B+,3.3,completed,1
STU0231,1,MATH 18,Linear Algebra,4,math,78,79,B+,3.3,completed,1
STU0231,1,MATH 20A,Calculus for Science and Engineering,4,math,83,77,A-,3.7,completed,1
STU0231,2,CSE 12,Basic Data Structures and Object-Oriented Design,4,core,83,73,A-,3.7,completed,1
STU0231,2,CSE 15L,Software Tools and Techniques Laboratory,2,lab,68,86,B-,2.7,completed,1
STU0231,2,CSE 20,Discrete Mathematics,4,math,72,77,B,3.0,completed,1
STU0231,2,CSE 21,Mathematics for Algorithms and Systems,4,core,81,77,A-,3.7,completed,1
STU0231,2,MATH 20B,Calculus for Science and Engineering,4,math,92,91,A+,4.0,completed,1
STU0231,3,CSE 100,Advanced Data Structures,4,core,85,84,A,4.0,completed,1
STU0231,3,CSE 30,Computer Organization and Systems Programming,4,core,78,89,B+,3.3,completed,1
STU0231,3,MATH 154,Discrete Mathematics and Graph Theory,4,math,89,92,A,4.0,completed,1
STU0231,3,MATH 20C,Calculus and Analytic Geometry for Science and Engineering,4,math,76,80,B+,3.3,completed,1
STU0231,4,CSE 101,Design and Analysis of Algorithms,4,core,82,76,A-,3.7,completed,1
STU0231,4,CSE 103,A Practical Introduction to Probability and Statistics,4,core,82,89,A-,3.7,completed,1
STU0231,4,CSE 110,Software Engineering,4,core,72,81,B,3.0,completed,1
STU0231,4,DSC 40B,Theoretical Foundations of Data Science II,4,data,72,70,B,3.0,completed,1
STU0231,5,CSE 120,Principles of Computer Operating Systems,4,systems,64,80,C+,2.3,completed,1
STU0231,5,CSE 130,Programming Languages: Principles and Paradigms,4,systems,90,69,A+,4.0,completed,1
STU0231,5,CSE 132A,Database System Principles,4,database,77,86,B+,3.3,completed,1
STU0231,5,ECE 109,Engineering Probability and Statistics,4,math,86,61,A,4.0,completed,1
STU0231,5,MATH 183,Statistical Methods,4,math,66,88,B-,2.7,completed,1
STU0231,6,CSE 132B,Database Systems Applications,4,database,72,79,B,3.0,current,1
STU0231,6,CSE 150A,Introduction to Artificial Intelligence: Probabilistic Reasoning and Decision-Making,4,ai,82,79,A-,3.7,current,1
STU0231,6,CSE 150B,Introduction to Artificial Intelligence: Search and Reasoning,4,ai,69,75,B-,2.7,current,1
STU0231,6,CSE 151A,Introduction to Machine Learning,4,ai,70,76,B,3.0,current,1
STU0231,6,MATH 181A,Introduction to Mathematical Statistics I,4,math,75,84,B+,3.3,current,1
STU0232,1,CSE 11,Introduction to Computer Science and Object-Oriented Programming: Java,4,core,88,71,A,4.0,completed,1
STU0232,1,CSE 5A,Introduction to Programming I,4,core,88,74,A,4.0,completed,1
STU0232,1,MATH 18,Linear Algebra,4,math,79,77,B+,3.3,completed,1
STU0232,1,MATH 20A,Calculus for Science and Engineering,4,math,98,100,A+,4.0,completed,1
STU0232,2,CSE 12,Basic Data Structures and Object-Oriented Design,4,core,98,83,A+,4.0,completed,1
STU0232,2,CSE 15L,Software Tools and Techniques Laboratory,2,lab,98,80,A+,4.0,completed,1
STU0232,2,CSE 20,Discrete Mathematics,4,math,96,82,A+,4.0,completed,1
STU0232,2,CSE 21,Mathematics for Algorithms and Systems,4,core,85,99,A,4.0,completed,1
STU0232,2,MATH 20B,Calculus for Science and Engineering,4,math,83,90,A-,3.7,completed,1
STU0232,3,CSE 100,Advanced Data Structures,4,core,73,66,B,3.0,completed,1
STU0232,3,CSE 30,Computer Organization and Systems Programming,4,core,96,85,A+,4.0,completed,1
STU0232,3,MATH 154,Discrete Mathematics and Graph Theory,4,math,91,91,A+,4.0,completed,1
STU0232,3,MATH 20C,Calculus and Analytic Geometry for Science and Engineering,4,math,75,74,B+,3.3,completed,1
STU0232,4,CSE 101,Design and Analysis of Algorithms,4,core,87,90,A,4.0,current,1
STU0232,4,CSE 103,A Practical Introduction to Probability and Statistics,4,core,98,92,A+,4.0,current,1
STU0232,4,CSE 110,Software Engineering,4,core,73,80,B,3.0,current,1
STU0232,4,DSC 40B,Theoretical Foundations of Data Science II,4,data,98,93,A+,4.0,current,1
STU0233,1,CSE 11,Introduction to Computer Science and Object-Oriented Programming: Java,4,core,77,70,B+,3.3,completed,1
STU0233,1,CSE 5A,Introduction to Programming I,4,core,70,66,B,3.0,completed,1
STU0233,1,MATH 18,Linear Algebra,4,math,76,74,B+,3.3,completed,1
STU0233,1,MATH 20A,Calculus for Science and Engineering,4,math,78,92,B+,3.3,completed,1
STU0233,2,CSE 12,Basic Data Structures and Object-Oriented Design,4,core,73,84,B,3.0,completed,1
STU0233,2,CSE 15L,Software Tools and Techniques Laboratory,2,lab,66,99,B-,2.7,completed,1
STU0233,2,CSE 20,Discrete Mathematics,4,math,89,89,A,4.0,completed,1
STU0233,2,CSE 21,Mathematics for Algorithms and Systems,4,core,81,65,A-,3.7,completed,1
STU0233,2,MATH 20B,Calculus for Science and Engineering,4,math,58,72,C,2.0,completed,1
STU0233,3,CSE 100,Advanced Data Structures,4,core,72,96,B,3.0,completed,1
STU0233,3,CSE 30,Computer Organization and Systems Programming,4,core,77,80,B+,3.3,completed,1
STU0233,3,MATH 154,Discrete Mathematics and Graph Theory,4,math,72,70,B,3.0,completed,1
STU0233,3,MATH 20C,Calculus and Analytic Geometry for Science and Engineering,4,math,89,81,A,4.0,completed,1
STU0233,4,CSE 101,Design and Analysis of Algorithms,4,core,60,100,C+,2.3,completed,1
STU0233,4,CSE 103,A Practical Introduction to Probability and Statistics,4,core,73,93,B,3.0,completed,1
STU0233,4,CSE 110,Software Engineering,4,core,71,88,B,3.0,completed,1
STU0233,4,DSC 40B,Theoretical Foundations of Data Science II,4,data,82,77,A-,3.7,completed,1
STU0233,5,CSE 120,Principles of Computer Operating Systems,4,systems,64,94,C+,2.3,completed,1
STU0233,5,CSE 123,Computer Networks,4,networks,56,76,C,2.0,completed,1
STU0233,5,CSE 130,Programming Languages: Principles and Paradigms,4,systems,79,87,B+,3.3,completed,1
STU0233,5,CSE 132A,Database System Principles,4,database,77,91,B+,3.3,completed,1
STU0233,5,ECE 109,Engineering Probability and Statistics,4,math,76,94,B+,3.3,completed,1
STU0233,6,CSE 132B,Database Systems Applications,4,database,64,84,C+,2.3,completed,1
STU0233,6,CSE 150A,Introduction to Artificial Intelligence: Probabilistic Reasoning and Decision-Making,4,ai,79,72,B+,3.3,completed,1
STU0233,6,CSE 150B,Introduction to Artificial Intelligence: Search and Reasoning,4,ai,80,79,A-,3.7,completed,1
STU0233,6,CSE 151A,Introduction to Machine Learning,4,ai,85,85,A,4.0,completed,1
STU0233,6,MATH 181A,Introduction to Mathematical Statistics I,4,math,69,81,B-,2.7,completed,1
STU0233,7,CSE 124,Networked Services,4,networks,79,100,B+,3.3,current,1
STU0233,7,CSE 131,Compiler Construction,4,systems,66,79,B-,2.7,current,1
STU0233,7,CSE 152,Introduction to Computer Vision,4,ai,61,68,C+,2.3,current,1
STU0233,7,CSE 158,Recommender Systems and Web Mining,4,ai,93,74,A+,4.0,current,1
STU0233,7,MATH 188,Algebraic Combinatorics,4,math,79,81,B+,3.3,current,1
STU0234,1,CSE 11,Introduction to Computer Science and Object-Oriented Programming: Java,4,core,85,67,A,4.0,completed,1
STU0234,1,CSE 5A,Introduction to Programming I,4,core,81,82,A-,3.7,completed,1
STU0234,1,MATH 18,Linear Algebra,4,math,75,73,B+,3.3,completed,1
STU0234,1,MATH 20A,Calculus for Science and Engineering,4,math,81,96,A-,3.7,completed,1
STU0234,2,CSE 12,Basic Data Structures and Object-Oriented Design,4,core,77,75,B+,3.3,completed,1
STU0234,2,CSE 15L,Software Tools and Techniques Laboratory,2,lab,87,91,A,4.0,completed,1
STU0234,2,CSE 20,Discrete Mathematics,4,math,84,99,A-,3.7,completed,1
STU0234,2,CSE 21,Mathematics for Algorithms and Systems,4,core,73,77,B,3.0,completed,1
STU0234,2,MATH 20B,Calculus for Science and Engineering,4,math,83,77,A-,3.7,completed,1
STU0234,3,CSE 100,Advanced Data Structures,4,core,88,86,A,4.0,current,1
STU0234,3,CSE 30,Computer Organization and Systems Programming,4,core,81,90,A-,3.7,current,1
STU0234,3,MATH 154,Discrete Mathematics and Graph Theory,4,math,86,84,A,4.0,current,1
STU0234,3,MATH 20C,Calculus and Analytic Geometry for Science and Engineering,4,math,82,74,A-,3.7,current,1
STU0235,1,CSE 11,Introduction to Computer Science and Object-Oriented Programming: Java,4,core,91,86,A+,4.0,completed,1
STU0235,1,CSE 5A,Introduction to Programming I,4,core,87,86,A,4.0,completed,1
STU0235,1,MATH 18,Linear Algebra,4,math,72,94,B,3.0,completed,1
STU0235,1,MATH 20A,Calculus for Science and Engineering,4,math,76,83,B+,3.3,completed,1
STU0235,2,CSE 12,Basic Data Structures and Object-Oriented Design,4,core,80,79,A-,3.7,completed,1
STU0235,2,CSE 15L,Software Tools and Techniques Laboratory,2,lab,62,72,C+,2.3,completed,1
STU0235,2,CSE 20,Discrete Mathematics,4,math,80,97,A-,3.7,completed,1
STU0235,2,CSE 21,Mathematics for Algorithms and Systems,4,core,74,77,B,3.0,completed,1
STU0235,2,MATH 20B,Calculus for Science and Engineering,4,math,83,92,A-,3.7,completed,1
STU0235,3,CSE 100,Advanced Data Structures,4,core,66,77,B-,2.7,completed,1
STU0235,3,CSE 30,Computer Organization and Systems Programming,4,core,82,86,A-,3.7,completed,1
STU0235,3,MATH 154,Discrete Mathematics and Graph Theory,4,math,80,95,A-,3.7,completed,1
STU0235,3,MATH 20C,Calculus and Analytic Geometry for Science and Engineering,4,math,74,83,B,3.0,completed,1
STU0235,4,CSE 101,Design and Analysis of Algorithms,4,core,93,89,A+,4.0,completed,1
STU0235,4,CSE 103,A Practical Introduction to Probability and Statistics,4,core,91,66,A+,4.0,completed,1
STU0235,4,CSE 110,Software Engineering,4,core,74,77,B,3.0,completed,1
STU0235,4,DSC 40B,Theoretical Foundations of Data Science II,4,data,98,97,A+,4.0,completed,1
STU0235,5,CSE 120,Principles of Computer Operating Systems,4,systems,72,87,B,3.0,completed,1
STU0235,5,CSE 123,Computer Networks,4,networks,71,85,B,3.0,completed,1
STU0235,5,CSE 132A,Database System Principles,4,database,80,75,A-,3.7,completed,1
STU0235,5,DSC 80,The Practice and Application of Data Science,4,data,69,86,B-,2.7,completed,1
STU0235,5,ECE 109,Engineering Probability and Statistics,4,math,66,91,B-,2.7,completed,1
STU0235,6,CSE 105,Theory of Computability,4,systems,89,89,A,4.0,completed,1
STU0235,6,CSE 132B,Database Systems Applications,4,database,79,88,B+,3.3,completed,1
STU0235,6,CSE 150B,Introduction to Artificial Intelligence: Search and Reasoning,4,ai,74,83,B,3.0,completed,1
STU0235,6,CSE 151A,Introduction to Machine Learning,4,ai,90,79,A+,4.0,completed,1
STU0235,6,MATH 181A,Introduction to Mathematical Statistics I,4,math,74,77,B,3.0,completed,1
STU0235,7,CSE 124,Networked Services,4,networks,67,100,B-,2.7,current,1
STU0235,7,CSE 127,Introduction to Computer Security,4,security,62,93,C+,2.3,current,1
STU0235,7,CSE 131,Compiler Construction,4,systems,74,76,B,3.0,current,1
STU0235,7,CSE 152,Introduction to Computer Vision,4,ai,70,87,B,3.0,current,1
STU0235,7,CSE 158,Recommender Systems and Web Mining,4,ai,95,88,A+,4.0,current,1
STU0236,1,CSE 11,Introduction to Computer Science and Object-Oriented Programming: Java,4,core,72,74,B,3.0,completed,1
STU0236,1,CSE 5A,Introduction to Programming I,4,core,80,72,A-,3.7,completed,1
STU0236,1,MATH 18,Linear Algebra,4,math,66,90,B-,2.7,completed,1
STU0236,1,MATH 20A,Calculus for Science and Engineering,4,math,67,75,B-,2.7,completed,1
STU0236,2,CSE 12,Basic Data Structures and Object-Oriented Design,4,core,62,79,C+,2.3,completed,1
STU0236,2,CSE 15L,Software Tools and Techniques Laboratory,2,lab,92,71,A+,4.0,completed,1
STU0236,2,CSE 20,Discrete Mathematics,4,math,83,85,A-,3.7,completed,1
STU0236,2,CSE 21,Mathematics for Algorithms and Systems,4,core,71,81,B,3.0,completed,1
STU0236,2,MATH 20B,Calculus for Science and Engineering,4,math,72,76,B,3.0,completed,1
STU0236,3,CSE 100,Advanced Data Structures,4,core,84,74,A-,3.7,completed,1
STU0236,3,CSE 30,Computer Organization and Systems Programming,4,core,85,100,A,4.0,completed,1
STU0236,3,MATH 154,Discrete Mathematics and Graph Theory,4,math,81,95,A-,3.7,completed,1
STU0236,3,MATH 20C,Calculus and Analytic Geometry for Science and Engineering,4,math,80,86,A-,3.7,completed,1
STU0236,4,CSE 101,Design and Analysis of Algorithms,4,core,90,72,A+,4.0,current,1
STU0236,4,CSE 103,A Practical Introduction to Probability and Statistics,4,core,80,87,A-,3.7,current,1
STU0236,4,CSE 110,Software Engineering,4,core,78,74,B+,3.3,current,1
STU0236,4,DSC 40B,Theoretical Foundations of Data Science II,4,data,77,79,B+,3.3,current,1
STU0237,1,CSE 11,Introduction to Computer Science and Object-Oriented Programming: Java,4,core,74,83,B,3.0,completed,1
STU0237,1,CSE 5A,Introduction to Programming I,4,core,71,67,B,3.0,completed,1
STU0237,1,MATH 18,Linear Algebra,4,math,68,98,B-,2.7,completed,1
STU0237,1,MATH 20A,Calculus for Science and Engineering,4,math,94,82,A+,4.0,completed,1
STU0237,2,CSE 12,Basic Data Structures and Object-Oriented Design,4,core,67,70,B-,2.7,completed,1
STU0237,2,CSE 15L,Software Tools and Techniques Laboratory,2,lab,57,78,C,2.0,completed,1
STU0237,2,CSE 20,Discrete Mathematics,4,math,66,89,B-,2.7,completed,1
STU0237,2,CSE 21,Mathematics for Algorithms and Systems,4,core,73,92,B,3.0,completed,1
STU0237,2,MATH 20B,Calculus for Science and Engineering,4,math,79,86,B+,3.3,completed,1
STU0237,3,CSE 100,Advanced Data Structures,4,core,76,76,B+,3.3,completed,1
STU0237,3,CSE 30,Computer Organization and Systems Programming,4,core,83,97,A-,3.7,completed,1
STU0237,3,MATH 154,Discrete Mathematics and Graph Theory,4,math,77,70,B+,3.3,completed,1
STU0237,3,MATH 20C,Calculus and Analytic Geometry for Science and Engineering,4,math,86,85,A,4.0,completed,1
STU0237,4,CSE 101,Design and Analysis of Algorithms,4,core,70,87,B,3.0,current,1
STU0237,4,CSE 103,A Practical Introduction to Probability and Statistics,4,core,72,77,B,3.0,current,1
STU0237,4,CSE 110,Software Engineering,4,core,76,90,B+,3.3,current,1
STU0237,4,DSC 40B,Theoretical Foundations of Data Science II,4,data,77,73,B+,3.3,current,1
STU0238,1,CSE 11,Introduction to Computer Science and Object-Oriented Programming: Java,4,core,65,85,B-,2.7,completed,1
STU0238,1,CSE 5A,Introduction to Programming I,4,core,70,83,B,3.0,completed,1
STU0238,1,MATH 18,Linear Algebra,4,math,63,86,C+,2.3,completed,1
STU0238,1,MATH 20A,Calculus for Science and Engineering,4,math,70,98,B,3.0,completed,1
STU0238,2,CSE 12,Basic Data Structures and Object-Oriented Design,4,core,83,92,A-,3.7,completed,1
STU0238,2,CSE 15L,Software Tools and Techniques Laboratory,2,lab,77,90,B+,3.3,completed,1
STU0238,2,CSE 20,Discrete Mathematics,4,math,73,80,B,3.0,completed,1
STU0238,2,CSE 21,Mathematics for Algorithms and Systems,4,core,71,85,B,3.0,completed,1
STU0238,2,MATH 20B,Calculus for Science and Engineering,4,math,86,86,A,4.0,completed,1
STU0238,3,CSE 100,Advanced Data Structures,4,core,90,73,A+,4.0,current,1
STU0238,3,CSE 30,Computer Organization and Systems Programming,4,core,73,70,B,3.0,current,1
STU0238,3,MATH 154,Discrete Mathematics and Graph Theory,4,math,69,88,B-,2.7,current,1
STU0238,3,MATH 20C,Calculus and Analytic Geometry for Science and Engineering,4,math,87,73,A,4.0,current,1
STU0239,1,CSE 11,Introduction to Computer Science and Object-Oriented Programming: Java,4,core,96,66,A+,4.0,completed,1
STU0239,1,CSE 5A,Introduction to Programming I,4,core,81,88,A-,3.7,completed,1
STU0239,1,MATH 18,Linear Algebra,4,math,81,86,A-,3.7,completed,1
STU0239,1,MATH 20A,Calculus for Science and Engineering,4,math,63,98,C+,2.3,completed,1
STU0239,2,CSE 12,Basic Data Structures and Object-Oriented Design,4,core,80,74,A-,3.7,completed,1
STU0239,2,CSE 15L,Software Tools and Techniques Laboratory,2,lab,84,89,A-,3.7,completed,1
STU0239,2,CSE 20,Discrete Mathematics,4,math,93,73,A+,4.0,completed,1
STU0239,2,CSE 21,Mathematics for Algorithms and Systems,4,core,90,99,A+,4.0,completed,1
STU0239,2,MATH 20B,Calculus for Science and Engineering,4,math,80,72,A-,3.7,completed,1
STU0239,3,CSE 100,Advanced Data Structures,4,core,70,81,B,3.0,completed,1
STU0239,3,CSE 30,Computer Organization and Systems Programming,4,core,79,87,B+,3.3,completed,1
STU0239,3,MATH 154,Discrete Mathematics and Graph Theory,4,math,73,90,B,3.0,completed,1
STU0239,3,MATH 20C,Calculus and Analytic Geometry for Science and Engineering,4,math,80,80,A-,3.7,completed,1
STU0239,4,CSE 101,Design and Analysis of Algorithms,4,core,76,99,B+,3.3,current,1
STU0239,4,CSE 103,A Practical Introduction to Probability and Statistics,4,core,70,81,B,3.0,current,1
STU0239,4,CSE 110,Software Engineering,4,core,75,64,B+,3.3,current,1
STU0239,4,DSC 40B,Theoretical Foundations of Data Science II,4,data,89,87,A,4.0,current,1
STU0240,1,CSE 11,Introduction to Computer Science and Object-Oriented Programming: Java,4,core,90,85,A+,4.0,completed,1
STU0240,1,CSE 5A,Introduction to Programming I,4,core,78,69,B+,3.3,completed,1
STU0240,1,MATH 18,Linear Algebra,4,math,71,97,B,3.0,completed,1
STU0240,1,MATH 20A,Calculus for Science and Engineering,4,math,71,75,B,3.0,completed,1
STU0240,2,CSE 12,Basic Data Structures and Object-Oriented Design,4,core,82,85,A-,3.7,completed,1
STU0240,2,CSE 15L,Software Tools and Techniques Laboratory,2,lab,75,75,B+,3.3,completed,1
STU0240,2,CSE 20,Discrete Mathematics,4,math,81,87,A-,3.7,completed,1
STU0240,2,CSE 21,Mathematics for Algorithms and Systems,4,core,69,93,B-,2.7,completed,1
STU0240,2,MATH 20B,Calculus for Science and Engineering,4,math,81,88,A-,3.7,completed,1
STU0240,3,CSE 100,Advanced Data Structures,4,core,87,100,A,4.0,completed,1
STU0240,3,CSE 30,Computer Organization and Systems Programming,4,core,68,82,B-,2.7,completed,1
STU0240,3,MATH 154,Discrete Mathematics and Graph Theory,4,math,89,96,A,4.0,completed,1
STU0240,3,MATH 20C,Calculus and Analytic Geometry for Science and Engineering,4,math,75,82,B+,3.3,completed,1
STU0240,4,CSE 101,Design and Analysis of Algorithms,4,core,90,84,A+,4.0,completed,1
STU0240,4,CSE 103,A Practical Introduction to Probability and Statistics,4,core,95,77,A+,4.0,completed,1
STU0240,4,CSE 110,Software Engineering,4,core,88,91,A,4.0,completed,1
STU0240,4,DSC 40B,Theoretical Foundations of Data Science II,4,data,68,89,B-,2.7,completed,1
STU0240,5,CSE 120,Principles of Computer Operating Systems,4,systems,55,89,C,2.0,completed,1
STU0240,5,CSE 132A,Database System Principles,4,database,74,84,B,3.0,completed,1
STU0240,5,DSC 80,The Practice and Application of Data Science,4,data,76,85,B+,3.3,completed,1
STU0240,5,ECE 109,Engineering Probability and Statistics,4,math,63,96,C+,2.3,completed,1
STU0240,5,MATH 183,Statistical Methods,4,math,79,74,B+,3.3,completed,1
STU0240,6,CSE 105,Theory of Computability,4,systems,80,87,A-,3.7,completed,1
STU0240,6,CSE 132B,Database Systems Applications,4,database,83,96,A-,3.7,completed,1
STU0240,6,CSE 150A,Introduction to Artificial Intelligence: Probabilistic Reasoning and Decision-Making,4,ai,69,100,B-,2.7,completed,1
STU0240,6,CSE 150B,Introduction to Artificial Intelligence: Search and Reasoning,4,ai,94,99,A+,4.0,completed,1
STU0240,6,MATH 181A,Introduction to Mathematical Statistics I,4,math,78,97,B+,3.3,completed,1
STU0240,7,CSE 127,Introduction to Computer Security,4,security,68,98,B-,2.7,current,1
STU0240,7,CSE 131,Compiler Construction,4,systems,71,79,B,3.0,current,1
STU0240,7,CSE 152,Introduction to Computer Vision,4,ai,60,78,C+,2.3,current,1
STU0240,7,CSE 158,Recommender Systems and Web Mining,4,ai,91,100,A+,4.0,current,1
STU0240,7,MATH 188,Algebraic Combinatorics,4,math,71,72,B,3.0,current,1
STU0241,1,CSE 11,Introduction to Computer Science and Object-Oriented Programming: Java,4,core,83,77,A-,3.7,completed,1
STU0241,1,CSE 5A,Introduction to Programming I,4,core,80,80,A-,3.7,completed,1
STU0241,1,MATH 18,Linear Algebra,4,math,73,89,B,3.0,completed,1
STU0241,1,MATH 20A,Calculus for Science and Engineering,4,math,88,79,A,4.0,completed,1
STU0241,2,CSE 12,Basic Data Structures and Object-Oriented Design,4,core,75,75,B+,3.3,completed,1
STU0241,2,CSE 15L,Software Tools and Techniques Laboratory,2,lab,76,94,B+,3.3,completed,1
STU0241,2,CSE 20,Discrete Mathematics,4,math,65,76,B-,2.7,completed,1
STU0241,2,CSE 21,Mathematics for Algorithms and Systems,4,core,82,93,A-,3.7,completed,1
STU0241,2,MATH 20B,Calculus for Science and Engineering,4,math,85,79,A,4.0,completed,1
STU0241,3,CSE 100,Advanced Data Structures,4,core,94,99,A+,4.0,completed,1
STU0241,3,CSE 30,Computer Organization and Systems Programming,4,core,98,77,A+,4.0,completed,1
STU0241,3,MATH 154,Discrete Mathematics and Graph Theory,4,math,89,93,A,4.0,completed,1
STU0241,3,MATH 20C,Calculus and Analytic Geometry for Science and Engineering,4,math,74,78,B,3.0,completed,1
STU0241,4,CSE 101,Design and Analysis of Algorithms,4,core,91,84,A+,4.0,current,1
STU0241,4,CSE 103,A Practical Introduction to Probability and Statistics,4,core,78,89,B+,3.3,current,1
STU0241,4,CSE 110,Software Engineering,4,core,79,79,B+,3.3,current,1
STU0241,4,DSC 40B,Theoretical Foundations of Data Science II,4,data,59,85,C,2.0,current,1
STU0242,1,CSE 11,Introduction to Computer Science and Object-Oriented Programming: Java,4,core,76,72,B+,3.3,completed,1
STU0242,1,CSE 5A,Introduction to Programming I,4,core,71,69,B,3.0,completed,1
STU0242,1,MATH 18,Linear Algebra,4,math,79,87,B+,3.3,completed,1
STU0242,1,MATH 20A,Calculus for Science and Engineering,4,math,83,84,A-,3.7,completed,1
STU0242,2,CSE 12,Basic Data Structures and Object-Oriented Design,4,core,85,89,A,4.0,completed,1
STU0242,2,CSE 15L,Software Tools and Techniques Laboratory,2,lab,72,86,B,3.0,completed,1
STU0242,2,CSE 20,Discrete Mathematics,4,math,65,80,B-,2.7,completed,1
STU0242,2,CSE 21,Mathematics for Algorithms and Systems,4,core,88,93,A,4.0,completed,1
STU0242,2,MATH 20B,Calculus for Science and Engineering,4,math,71,69,B,3.0,completed,1
STU0242,3,CSE 100,Advanced Data Structures,4,core,65,92,B-,2.7,completed,1
STU0242,3,CSE 30,Computer Organization and Systems Programming,4,core,72,82,B,3.0,completed,1
STU0242,3,MATH 154,Discrete Mathematics and Graph Theory,4,math,71,77,B,3.0,completed,1
STU0242,3,MATH 20C,Calculus and Analytic Geometry for Science and Engineering,4,math,90,76,A+,4.0,completed,1
STU0242,4,CSE 101,Design and Analysis of Algorithms,4,core,66,97,B-,2.7,completed,1
STU0242,4,CSE 103,A Practical Introduction to Probability and Statistics,4,core,75,100,B+,3.3,completed,1
STU0242,4,CSE 110,Software Engineering,4,core,89,79,A,4.0,completed,1
STU0242,4,DSC 40B,Theoretical Foundations of Data Science II,4,data,73,74,B,3.0,completed,1
STU0242,5,CSE 130,Programming Languages: Principles and Paradigms,4,systems,76,82,B+,3.3,current,1
STU0242,5,CSE 132A,Database System Principles,4,database,71,80,B,3.0,current,1
STU0242,5,DSC 80,The Practice and Application of Data Science,4,data,76,90,B+,3.3,current,1
STU0242,5,ECE 109,Engineering Probability and Statistics,4,math,79,80,B+,3.3,current,1
STU0242,5,MATH 183,Statistical Methods,4,math,73,82,B,3.0,current,1
STU0243,1,CSE 11,Introduction to Computer Science and Object-Oriented Programming: Java,4,core,79,93,B+,3.3,completed,1
STU0243,1,CSE 5A,Introduction to Programming I,4,core,67,94,B-,2.7,completed,1
STU0243,1,MATH 18,Linear Algebra,4,math,78,92,B+,3.3,completed,1
STU0243,1,MATH 20A,Calculus for Science and Engineering,4,math,91,100,A+,4.0,completed,1
STU0243,2,CSE 12,Basic Data Structures and Object-Oriented Design,4,core,71,77,B,3.0,completed,1
STU0243,2,CSE 15L,Software Tools and Techniques Laboratory,2,lab,87,81,A,4.0,completed,1
STU0243,2,CSE 20,Discrete Mathematics,4,math,83,83,A-,3.7,completed,1
STU0243,2,CSE 21,Mathematics for Algorithms and Systems,4,core,77,82,B+,3.3,completed,1
STU0243,2,MATH 20B,Calculus for Science and Engineering,4,math,90,78,A+,4.0,completed,1
STU0243,3,CSE 100,Advanced Data Structures,4,core,75,90,B+,3.3,completed,1
STU0243,3,CSE 30,Computer Organization and Systems Programming,4,core,78,88,B+,3.3,completed,1
STU0243,3,MATH 154,Discrete Mathematics and Graph Theory,4,math,67,96,B-,2.7,completed,1
STU0243,3,MATH 20C,Calculus and Analytic Geometry for Science and Engineering,4,math,91,94,A+,4.0,completed,1
STU0243,4,CSE 101,Design and Analysis of Algorithms,4,core,80,84,A-,3.7,completed,1
STU0243,4,CSE 103,A Practical Introduction to Probability and Statistics,4,core,98,87,A+,4.0,completed,1
STU0243,4,CSE 110,Software Engineering,4,core,70,99,B,3.0,completed,1
STU0243,4,DSC 40B,Theoretical Foundations of Data Science II,4,data,87,77,A,4.0,completed,1
STU0243,5,CSE 120,Principles of Computer Operating Systems,4,systems,88,95,A,4.0,completed,1
STU0243,5,CSE 123,Computer Networks,4,networks,80,100,A-,3.7,completed,1
STU0243,5,CSE 130,Programming Languages: Principles and Paradigms,4,systems,67,95,B-,2.7,completed,1
STU0243,5,CSE 132A,Database System Principles,4,database,86,79,A,4.0,completed,1
STU0243,5,MATH 183,Statistical Methods,4,math,87,81,A,4.0,completed,1
STU0243,6,CSE 105,Theory of Computability,4,systems,81,91,A-,3.7,current,1
STU0243,6,CSE 132B,Database Systems Applications,4,database,76,85,B+,3.3,current,1
STU0243,6,CSE 150B,Introduction to Artificial Intelligence: Search and Reasoning,4,ai,94,71,A+,4.0,current,1
STU0243,6,CSE 151A,Introduction to Machine Learning,4,ai,76,100,B+,3.3,current,1
STU0243,6,MATH 181A,Introduction to Mathematical Statistics I,4,math,87,97,A,4.0,current,1
STU0244,1,CSE 11,Introduction to Computer Science and Object-Oriented Programming: Java,4,core,67,76,B-,2.7,completed,1
STU0244,1,CSE 5A,Introduction to Programming I,4,core,66,77,B-,2.7,completed,1
STU0244,1,MATH 18,Linear Algebra,4,math,65,74,B-,2.7,completed,1
STU0244,1,MATH 20A,Calculus for Science and Engineering,4,math,78,73,B+,3.3,completed,1
STU0244,2,CSE 12,Basic Data Structures and Object-Oriented Design,4,core,71,89,B,3.0,completed,1
STU0244,2,CSE 15L,Software Tools and Techniques Laboratory,2,lab,67,79,B-,2.7,completed,1
STU0244,2,CSE 20,Discrete Mathematics,4,math,66,82,B-,2.7,completed,1
STU0244,2,CSE 21,Mathematics for Algorithms and Systems,4,core,71,90,B,3.0,completed,1
STU0244,2,MATH 20B,Calculus for Science and Engineering,4,math,75,92,B+,3.3,completed,1
STU0244,3,CSE 100,Advanced Data Structures,4,core,65,69,B-,2.7,completed,1
STU0244,3,CSE 30,Computer Organization and Systems Programming,4,core,69,81,B-,2.7,completed,1
STU0244,3,MATH 154,Discrete Mathematics and Graph Theory,4,math,76,98,B+,3.3,completed,1
STU0244,3,MATH 20C,Calculus and Analytic Geometry for Science and Engineering,4,math,71,71,B,3.0,completed,1
STU0244,4,CSE 101,Design and Analysis of Algorithms,4,core,73,80,B,3.0,current,1
STU0244,4,CSE 103,A Practical Introduction to Probability and Statistics,4,core,69,78,B-,2.7,current,1
STU0244,4,CSE 110,Software Engineering,4,core,62,77,C+,2.3,current,1
STU0244,4,DSC 40B,Theoretical Foundations of Data Science II,4,data,81,70,A-,3.7,current,1
STU0245,1,CSE 11,Introduction to Computer Science and Object-Oriented Programming: Java,4,core,91,82,A+,4.0,completed,1
STU0245,1,CSE 5A,Introduction to Programming I,4,core,80,94,A-,3.7,completed,1
STU0245,1,MATH 18,Linear Algebra,4,math,97,78,A+,4.0,completed,1
STU0245,1,MATH 20A,Calculus for Science and Engineering,4,math,75,97,B+,3.3,completed,1
STU0245,2,CSE 12,Basic Data Structures and Object-Oriented Design,4,core,80,90,A-,3.7,completed,1
STU0245,2,CSE 15L,Software Tools and Techniques Laboratory,2,lab,88,80,A,4.0,completed,1
STU0245,2,CSE 20,Discrete Mathematics,4,math,75,93,B+,3.3,completed,1
STU0245,2,CSE 21,Mathematics for Algorithms and Systems,4,core,85,85,A,4.0,completed,1
STU0245,2,MATH 20B,Calculus for Science and Engineering,4,math,70,76,B,3.0,completed,1
STU0245,3,CSE 100,Advanced Data Structures,4,core,85,72,A,4.0,completed,1
STU0245,3,CSE 30,Computer Organization and Systems Programming,4,core,83,88,A-,3.7,completed,1
STU0245,3,MATH 154,Discrete Mathematics and Graph Theory,4,math,85,88,A,4.0,completed,1
STU0245,3,MATH 20C,Calculus and Analytic Geometry for Science and Engineering,4,math,89,91,A,4.0,completed,1
STU0245,4,CSE 101,Design and Analysis of Algorithms,4,core,91,100,A+,4.0,completed,1
STU0245,4,CSE 103,A Practical Introduction to Probability and Statistics,4,core,74,75,B,3.0,completed,1
STU0245,4,CSE 110,Software Engineering,4,core,61,99,C+,2.3,completed,1
STU0245,4,DSC 40B,Theoretical Foundations of Data Science II,4,data,82,94,A-,3.7,completed,1
STU0245,5,CSE 120,Principles of Computer Operating Systems,4,systems,76,86,B+,3.3,completed,1
STU0245,5,CSE 130,Programming Languages: Principles and Paradigms,4,systems,60,67,C+,2.3,completed,1
STU0245,5,CSE 132A,Database System Principles,4,database,75,75,B+,3.3,completed,1
STU0245,5,DSC 80,The Practice and Application of Data Science,4,data,87,84,A,4.0,completed,1
STU0245,5,MATH 183,Statistical Methods,4,math,75,95,B+,3.3,completed,1
STU0245,6,CSE 105,Theory of Computability,4,systems,91,80,A+,4.0,current,1
STU0245,6,CSE 132B,Database Systems Applications,4,database,68,70,B-,2.7,current,1
STU0245,6,CSE 150A,Introduction to Artificial Intelligence: Probabilistic Reasoning and Decision-Making,4,ai,80,83,A-,3.7,current,1
STU0245,6,CSE 151A,Introduction to Machine Learning,4,ai,78,77,B+,3.3,current,1
STU0245,6,MATH 181A,Introduction to Mathematical Statistics I,4,math,81,88,A-,3.7,current,1
STU0246,1,CSE 11,Introduction to Computer Science and Object-Oriented Programming: Java,4,core,72,85,B,3.0,completed,1
STU0246,1,CSE 5A,Introduction to Programming I,4,core,90,82,A+,4.0,completed,1
STU0246,1,MATH 18,Linear Algebra,4,math,87,95,A,4.0,completed,1
STU0246,1,MATH 20A,Calculus for Science and Engineering,4,math,72,96,B,3.0,completed,1
STU0246,2,CSE 12,Basic Data Structures and Object-Oriented Design,4,core,76,100,B+,3.3,completed,1
STU0246,2,CSE 15L,Software Tools and Techniques Laboratory,2,lab,79,72,B+,3.3,completed,1
STU0246,2,CSE 20,Discrete Mathematics,4,math,80,98,A-,3.7,completed,1
STU0246,2,CSE 21,Mathematics for Algorithms and Systems,4,core,89,86,A,4.0,completed,1
STU0246,2,MATH 20B,Calculus for Science and Engineering,4,math,94,87,A+,4.0,completed,1
STU0246,3,CSE 100,Advanced Data Structures,4,core,88,88,A,4.0,current,1
STU0246,3,CSE 30,Computer Organization and Systems Programming,4,core,88,79,A,4.0,current,1
STU0246,3,MATH 154,Discrete Mathematics and Graph Theory,4,math,72,65,B,3.0,current,1
STU0246,3,MATH 20C,Calculus and Analytic Geometry for Science and Engineering,4,math,66,79,B-,2.7,current,1
STU0247,1,CSE 11,Introduction to Computer Science and Object-Oriented Programming: Java,4,core,71,87,B,3.0,completed,1
STU0247,1,CSE 5A,Introduction to Programming I,4,core,85,90,A,4.0,completed,1
STU0247,1,MATH 18,Linear Algebra,4,math,80,81,A-,3.7,completed,1
STU0247,1,MATH 20A,Calculus for Science and Engineering,4,math,77,85,B+,3.3,completed,1
STU0247,2,CSE 12,Basic Data Structures and Object-Oriented Design,4,core,98,92,A+,4.0,completed,1
STU0247,2,CSE 15L,Software Tools and Techniques Laboratory,2,lab,96,78,A+,4.0,completed,1
STU0247,2,CSE 20,Discrete Mathematics,4,math,93,62,A+,4.0,completed,1
STU0247,2,CSE 21,Mathematics for Algorithms and Systems,4,core,68,85,B-,2.7,completed,1
STU0247,2,MATH 20B,Calculus for Science and Engineering,4,math,90,92,A+,4.0,completed,1
STU0247,3,CSE 100,Advanced Data Structures,4,core,91,89,A+,4.0,current,1
STU0247,3,CSE 30,Computer Organization and Systems Programming,4,core,84,89,A-,3.7,current,1
STU0247,3,MATH 154,Discrete Mathematics and Graph Theory,4,math,68,92,B-,2.7,current,1
STU0247,3,MATH 20C,Calculus and Analytic Geometry for Science and Engineering,4,math,93,88,A+,4.0,current,1
STU0248,1,CSE 11,Introduction to Computer Science and Object-Oriented Programming: Java,4,core,75,87,B+,3.3,completed,1
STU0248,1,CSE 5A,Introduction to Programming I,4,core,69,96,B-,2.7,completed,1
STU0248,1,MATH 18,Linear Algebra,4,math,88,94,A,4.0,completed,1
STU0248,1,MATH 20A,Calculus for Science and Engineering,4,math,75,90,B+,3.3,completed,1
STU0248,2,CSE 12,Basic Data Structures and Object-Oriented Design,4,core,92,98,A+,4.0,completed,1
STU0248,2,CSE 15L,Software Tools and Techniques Laboratory,2,lab,77,77,B+,3.3,completed,1
STU0248,2,CSE 20,Discrete Mathematics,4,math,91,79,A+,4.0,completed,1
STU0248,2,CSE 21,Mathematics for Algorithms and Systems,4,core,70,74,B,3.0,completed,1
STU0248,2,MATH 20B,Calculus for Science and Engineering,4,math,79,91,B+,3.3,completed,1
STU0248,3,CSE 100,Advanced Data Structures,4,core,82,89,A-,3.7,current,1
STU0248,3,CSE 30,Computer Organization and Systems Programming,4,core,82,85,A-,3.7,current,1
STU0248,3,MATH 154,Discrete Mathematics and Graph Theory,4,math,73,90,B,3.0,current,1
STU0248,3,MATH 20C,Calculus and Analytic Geometry for Science and Engineering,4,math,79,83,B+,3.3,current,1
STU0249,1,CSE 11,Introduction to Computer Science and Object-Oriented Programming: Java,4,core,92,76,A+,4.0,completed,1
STU0249,1,CSE 5A,Introduction to Programming I,4,core,73,70,B,3.0,completed,1
STU0249,1,MATH 18,Linear Algebra,4,math,77,80,B+,3.3,completed,1
STU0249,1,MATH 20A,Calculus for Science and Engineering,4,math,94,86,A+,4.0,completed,1
STU0249,2,CSE 12,Basic Data Structures and Object-Oriented Design,4,core,88,100,A,4.0,completed,1
STU0249,2,CSE 15L,Software Tools and Techniques Laboratory,2,lab,67,77,B-,2.7,completed,1
STU0249,2,CSE 20,Discrete Mathematics,4,math,77,83,B+,3.3,completed,1
STU0249,2,CSE 21,Mathematics for Algorithms and Systems,4,core,89,85,A,4.0,completed,1
STU0249,2,MATH 20B,Calculus for Science and Engineering,4,math,90,84,A+,4.0,completed,1
STU0249,3,CSE 100,Advanced Data Structures,4,core,62,80,C+,2.3,completed,1
STU0249,3,CSE 30,Computer Organization and Systems Programming,4,core,95,89,A+,4.0,completed,1
STU0249,3,MATH 154,Discrete Mathematics and Graph Theory,4,math,91,96,A+,4.0,completed,1
STU0249,3,MATH 20C,Calculus and Analytic Geometry for Science and Engineering,4,math,61,75,C+,2.3,completed,1
STU0249,4,CSE 101,Design and Analysis of Algorithms,4,core,94,83,A+,4.0,completed,1
STU0249,4,CSE 103,A Practical Introduction to Probability and Statistics,4,core,94,100,A+,4.0,completed,1
STU0249,4,CSE 110,Software Engineering,4,core,70,85,B,3.0,completed,1
STU0249,4,DSC 40B,Theoretical Foundations of Data Science II,4,data,82,99,A-,3.7,completed,1
STU0249,5,CSE 120,Principles of Computer Operating Systems,4,systems,95,80,A+,4.0,completed,1
STU0249,5,CSE 123,Computer Networks,4,networks,94,71,A+,4.0,completed,1
STU0249,5,CSE 132A,Database System Principles,4,database,83,83,A-,3.7,completed,1
STU0249,5,DSC 80,The Practice and Application of Data Science,4,data,70,89,B,3.0,completed,1
STU0249,5,ECE 109,Engineering Probability and Statistics,4,math,91,85,A+,4.0,completed,1
STU0249,6,CSE 105,Theory of Computability,4,systems,74,100,B,3.0,current,1
STU0249,6,CSE 150A,Introduction to Artificial Intelligence: Probabilistic Reasoning and Decision-Making,4,ai,82,78,A-,3.7,current,1
STU0249,6,CSE 150B,Introduction to Artificial Intelligence: Search and Reasoning,4,ai,65,83,B-,2.7,current,1
STU0249,6,CSE 151A,Introduction to Machine Learning,4,ai,80,87,A-,3.7,current,1
STU0249,6,MATH 181A,Introduction to Mathematical Statistics I,4,math,69,78,B-,2.7,current,1
STU0250,1,CSE 11,Introduction to Computer Science and Object-Oriented Programming: Java,4,core,73,70,B,3.0,completed,1
STU0250,1,CSE 5A,Introduction to Programming I,4,core,79,79,B+,3.3,completed,1
STU0250,1,MATH 18,Linear Algebra,4,math,75,79,B+,3.3,completed,1
STU0250,1,MATH 20A,Calculus for Science and Engineering,4,math,84,92,A-,3.7,completed,1
STU0250,2,CSE 12,Basic Data Structures and Object-Oriented Design,4,core,55,86,C,2.0,completed,1
STU0250,2,CSE 15L,Software Tools and Techniques Laboratory,2,lab,81,94,A-,3.7,completed,1
STU0250,2,CSE 20,Discrete Mathematics,4,math,74,81,B,3.0,completed,1
STU0250,2,CSE 21,Mathematics for Algorithms and Systems,4,core,67,83,B-,2.7,completed,1
STU0250,2,MATH 20B,Calculus for Science and Engineering,4,math,76,82,B+,3.3,completed,1
STU0250,3,CSE 100,Advanced Data Structures,4,core,68,66,B-,2.7,completed,1
STU0250,3,CSE 30,Computer Organization and Systems Programming,4,core,72,77,B,3.0,completed,1
STU0250,3,MATH 154,Discrete Mathematics and Graph Theory,4,math,84,74,A-,3.7,completed,1
STU0250,3,MATH 20C,Calculus and Analytic Geometry for Science and Engineering,4,math,75,88,B+,3.3,completed,1
STU0250,4,CSE 101,Design and Analysis of Algorithms,4,core,72,81,B,3.0,current,1
STU0250,4,CSE 103,A Practical Introduction to Probability and Statistics,4,core,74,85,B,3.0,current,1
STU0250,4,CSE 110,Software Engineering,4,core,77,94,B+,3.3,current,1
STU0250,4,DSC 40B,Theoretical Foundations of Data Science II,4,data,70,70,B,3.0,current,1
